geometry,G,r0_b4c_rod_outer_radius,r0_b4c_rod_material,r0_b4c_rod_cr_fraction,r1_fuel_annulus_outer_radius,r1_fuel_annulus_material,r1_fuel_annulus_enrichment,r1_fuel_annulus_f_mod,r2_water_outer_radius,r2_water_material,keff,keff_lf
cylindrical,2,11.556511498303683,b4c,0.905371583506386,38.88056051146715,mix,5.43932424968471,0.4949883882034701,71.82317622516058,water,1.1123461736247444,1.1522119312738144
cylindrical,2,10.155148905413109,b4c,0.9893557808091316,30.74341237414876,mix,3.2126448935049936,0.4782712272369452,63.7065956833295,water,0.9550001717527352,0.9992518619835927
cylindrical,2,6.746739672301759,b4c,0.2590617050136065,27.659995337445785,mix,2.439992535655094,0.531827805766999,51.1891690260563,water,0.9709830579952528,1.0160564291659648
cylindrical,2,9.239385672264795,b4c,0.1549594003899234,24.04496096286844,mix,9.24069632840055,0.3407146263373905,71.09892172664851,water,0.9893025396505838,1.0521798629093784
cylindrical,2,5.64139876473875,b4c,0.7286575251590537,30.927867668984227,mix,7.0104757679393765,0.5619775701802272,74.21371805335295,water,1.1801680643394072,1.218107089017882
cylindrical,2,5.664272033689809,b4c,0.5426798598875728,29.829443068495397,mix,3.2249653958521565,0.5004767398273129,53.98051289094216,water,1.03319939310592,1.066259074759004
cylindrical,2,8.588619762590517,b4c,0.3086922529685295,36.58919871975233,mix,9.55865890904422,0.4132747857014512,70.27276972497455,water,1.1632342919331973,1.1935250494918452
cylindrical,2,7.573711811616096,b4c,0.9076532881869198,33.205585709962655,mix,8.634194639191323,0.5117271588571153,53.07821439098427,water,1.168308271946542,1.202952013885949
cylindrical,2,9.390934027969408,b4c,0.6514816966788938,25.13196644416903,mix,8.2906888627566,0.4419434513893361,52.42722268998717,water,0.9975961774120627,1.061718637653868
cylindrical,2,5.800576991246825,b4c,0.1517213966444722,24.38430720351709,mix,6.999583765178064,0.5715591837972835,60.3872398211943,water,1.1241470826814477,1.168868322050818
cylindrical,2,10.532386009736308,b4c,0.3626617833192889,37.033548207061344,mix,4.156671597030816,0.4656609352545544,54.33828000431132,water,1.067978201697113,1.1106209892734609
cylindrical,2,7.37881016215756,b4c,0.5454298825948122,31.77243021024912,mix,7.097252134107998,0.5659950333205951,79.69691831597524,water,1.1763395847923677,1.2169261594208405
cylindrical,2,7.639244576073663,b4c,0.0523298124345103,35.762297560975114,mix,5.324735820405636,0.5338930264344053,70.52003357188124,water,1.1777305195387864,1.2045856644437682
cylindrical,2,4.907784352122019,b4c,0.6133814719650763,39.061423826383546,mix,7.420812413626964,0.4481486353391614,57.59897368851196,water,1.1872075302325489,1.2184983608220818
cylindrical,2,6.368606191824085,b4c,0.9147200877336578,24.75790696087388,mix,6.220752588325934,0.3745839659546098,75.8767969575277,water,0.9656119718819616,1.019851549995224
cylindrical,2,11.237787223693768,b4c,0.1779918129534708,28.4760548827147,mix,2.653378139932113,0.5402666636431854,63.50070758914326,water,0.939381364571428,0.9859514938335528
cylindrical,2,5.581001904642989,b4c,0.2713174233295833,22.39761655949286,mix,8.685706352725159,0.4333367400154492,53.04299837464468,water,1.0432477725464189,1.0888511938415948
cylindrical,2,6.49148763827713,b4c,0.8476846104371416,34.379535287447105,mix,2.980381682492435,0.4909595381192559,64.51267706846035,water,1.0404829454415068,1.0805253088570221
cylindrical,2,10.80054239400063,b4c,0.8331174172181779,29.677062315222337,mix,8.867376736602825,0.512929959828956,59.687644597591245,water,1.0840687350079636,1.1253657019194796
cylindrical,2,8.204923795550839,b4c,0.3849301572754504,29.49970489627884,mix,6.945509477393801,0.3824538052814767,57.15868770686199,water,1.0381503074432143,1.0844558521324261
cylindrical,2,8.61278252006529,b4c,0.0239272974882619,23.89359360646147,mix,7.654021758493066,0.360359082570537,55.85289873059517,water,1.0021882707328569,1.0729152764593886
cylindrical,2,7.464605554309823,b4c,0.6946605873863687,31.2375583516614,mix,2.1726154995045013,0.5493198041371264,56.6005456770218,water,0.9754907080482648,1.0224872738862019
cylindrical,2,10.861753525673793,b4c,0.4361961872239847,22.151916322702316,mix,5.733660905625699,0.4733061373804212,60.65639197121524,water,0.8806161153747839,0.9384823229033642
cylindrical,2,9.488295055423588,b4c,0.7202627299605645,21.27612374708181,mix,9.49790301022049,0.4072604392935984,58.77066178694358,water,0.9120455309213916,0.9855374658410772
cylindrical,2,10.11235573201672,b4c,0.5754623599057033,24.280781677914565,mix,3.12772375503464,0.4814017040036787,77.58687864672456,water,0.8597410479719004,0.9163099234257932
cylindrical,2,9.098805478169506,b4c,0.4625726055050271,31.576033145658457,mix,5.283180692997698,0.4666376219643222,53.41490281381014,water,1.0604021440698457,1.1014743286642055
cylindrical,2,7.979263310479616,b4c,0.2210755364881127,28.603677402039065,mix,9.121993310467078,0.438821436211353,59.54062888767525,water,1.105291676375816,1.1490223057520288
cylindrical,2,11.38633738132108,b4c,0.7124420355812074,30.95228558730355,mix,2.2782879273084493,0.3950259990641038,51.144758491221474,water,0.8456505979998089,0.8993664486228363
cylindrical,2,9.586456102971994,b4c,0.7511363720846808,26.93896002181592,mix,8.552448554401622,0.4251806707713637,58.51438207205884,water,1.0167474507567538,1.067007677346094
cylindrical,2,8.78978609947946,b4c,0.9664232229384132,22.58142265926503,mix,2.5363888379481265,0.4747185767468789,78.98343006188531,water,0.8000880617457793,0.8459997342057208
cylindrical,2,5.913018367287855,b4c,0.4233610681636184,24.96083596728323,mix,3.079624222120427,0.3837902686096779,54.93015125902614,water,0.9014257622622104,0.9539423043281278
cylindrical,2,5.393117435998139,b4c,0.7739004201349644,38.0851185952245,mix,5.007179176678715,0.3763093916806392,72.8438057679302,water,1.0767833103057487,1.1140397150173587
cylindrical,2,7.966563842547704,b4c,0.1839761903635093,31.11371374798502,mix,4.863263732572479,0.3800578122133082,75.1433578659086,water,1.0166016582308608,1.058465395260227
cylindrical,2,11.727561279618016,b4c,0.308158908700914,21.879991149564432,mix,3.398846766000423,0.4833838296715925,77.46289955484984,water,0.7917090902897896,0.850576120150754
cylindrical,2,11.063569722380564,b4c,0.396569603873929,33.07578132595793,mix,5.144069695228443,0.3337048831486855,63.08499807990381,water,0.970343533062036,1.0163792220218995
cylindrical,2,5.823463662266611,b4c,0.3442898491910862,29.40819212248458,mix,8.605526003164368,0.3286029189607411,50.175834556405256,water,1.0681371786482978,1.1127139465120435
cylindrical,2,4.830065692102725,b4c,0.0600230269970573,20.50552302493076,mix,8.236070378746208,0.3341076159447507,69.15929602026829,water,0.9884394819639324,1.047275479467362
cylindrical,2,10.482858713540612,b4c,0.6779948531060183,28.351044735849516,mix,2.735228461258577,0.514803288130872,50.66559432764095,water,0.9180468492813252,0.9753026339806458
cylindrical,2,7.19360187706965,b4c,0.671523175899456,25.984906525699955,mix,7.131018173320257,0.530593570622049,63.925590580544025,water,1.0810122461289695,1.1389665948620056
cylindrical,2,11.759781235213666,b4c,0.4008661134230341,25.822452803296525,mix,3.0281893698787563,0.5511206333657501,58.90085819994839,water,0.8902444571400094,0.9293644548104938
cylindrical,2,7.887799292503323,b4c,0.0123765011641772,39.96426673627208,mix,7.97810533168219,0.477093069229236,57.4028126557599,water,1.2242144973055,1.2550605178737233
cylindrical,2,11.32911203862469,b4c,0.5003451970317755,23.527510846211044,mix,9.518429438747232,0.4311178664512053,72.4469992406541,water,0.9432698219154212,1.002798176882815
cylindrical,2,7.530090627088192,b4c,0.0859754949692682,38.9138253203987,mix,5.642178725048052,0.4465226344788704,68.60630053335248,water,1.1475839413801552,1.1827236230544835
cylindrical,2,10.648159991612069,b4c,0.8006562072808552,30.58110619733721,mix,7.572318054559529,0.517484900837162,77.26822372577791,water,1.0851689289534645,1.1238981081288202
cylindrical,2,4.315026802681167,b4c,0.223384294916052,24.89904330320678,mix,3.6777797924484847,0.554023946662036,73.5172600223041,water,1.051236625613965,1.1067288083651683
cylindrical,2,8.250609453132963,b4c,0.861894937587364,22.06441086538913,mix,9.334436891476622,0.4001137052604668,58.230333017425735,water,0.9487429875816858,1.0156999619439135
cylindrical,2,11.790050398251756,b4c,0.4889015634269643,30.180533857950515,mix,3.756810099956473,0.4569538566407528,78.93212892954297,water,0.9504173696166136,0.9971883671141029
cylindrical,2,8.351388265613553,b4c,0.5469304566633307,36.48159590111084,mix,9.292520955330827,0.3028834789950929,77.01117275703527,water,1.09565781142686,1.1370532354161753
cylindrical,2,6.181623951493616,b4c,0.4280383905779938,20.72027720472225,mix,6.7307386787129655,0.4322948179934505,79.64125392698116,water,0.9624154341330516,1.0334667899067689
cylindrical,2,8.285153664792983,b4c,0.1706578172157376,20.34165542210868,mix,2.889970507197328,0.545724893761065,74.48096867186632,water,0.8542071728977664,0.9147365860607334
cylindrical,2,11.593986344923229,b4c,0.377116996631204,37.4783124711274,mix,2.1041882497576685,0.3222635153575077,72.05063481884156,water,0.8580133933372758,0.8897148206403764
cylindrical,2,8.863333952069784,b4c,0.6728654624878344,30.11683464514865,mix,2.0906677318396416,0.4102480772556229,56.70012478457527,water,0.8664248711854952,0.9097913281315984
cylindrical,2,5.562117980858223,b4c,0.5353434273435534,23.132803908789786,mix,3.5263025269566173,0.3073145747186047,73.14697609747004,water,0.853546928341721,0.902668443146904
cylindrical,2,6.411482798112005,b4c,0.924715739275082,38.37030291469435,mix,8.45292474083745,0.527240357258975,63.3861754173141,water,1.229412513607233,1.2635191072821204
cylindrical,2,10.98676511346922,b4c,0.0483932210904456,36.68374781637429,mix,6.420746201807742,0.3586120028939744,65.50567096124739,water,1.0779045764042077,1.1127390431612372
cylindrical,2,10.18650870527384,b4c,0.2327259644383285,30.067113833910195,mix,2.132474683332044,0.4937842026917183,76.41765154841148,water,0.9122628595439004,0.9578988849388245
cylindrical,2,7.77642643540549,b4c,0.5991546931937235,32.46487407377307,mix,8.100282834619314,0.5092846506714085,63.24733184693309,water,1.1580119195963454,1.1944336538213862
cylindrical,2,4.507290761476979,b4c,0.8379717443559049,34.62675396387475,mix,7.872214171004268,0.4366797990897426,54.1418452024438,water,1.1613655989505154,1.204614633767447
cylindrical,2,4.160745603740999,b4c,0.7731858914517172,38.52439553381171,mix,9.142163178369756,0.3136642832886117,60.18571037067196,water,1.141839317887364,1.1762900185870182
cylindrical,2,10.887831181538768,b4c,0.0275636101897066,36.13267784220274,mix,4.268363909964377,0.3947626485935361,64.28473524733862,water,1.0438883834067358,1.078423001350304
cylindrical,2,8.030681122450883,b4c,0.7617209359195982,30.369829202298536,mix,2.822010843443969,0.5832151673369387,62.45610086331856,water,1.0215589334474515,1.0645685217962257
cylindrical,2,11.707303378144102,b4c,0.3209643237684792,38.29228348403242,mix,9.974328073302246,0.5441901622324712,73.78587418802219,water,1.2235262066253183,1.2570830103158483
cylindrical,2,9.214546987572897,b4c,0.8983382434152548,31.04809981221255,mix,6.514319489463046,0.5259121329877097,71.38868327736732,water,1.0985212159680833,1.1484429025459497
cylindrical,2,11.200301176714856,b4c,0.2928616026275016,21.219257278497373,mix,6.023777390382912,0.3634947350282023,52.01391054856701,water,0.8259201438666143,0.8905916920853154
cylindrical,2,4.945866913784279,b4c,0.6058526470378056,32.27801609346562,mix,9.906146655221674,0.4214240448596797,58.61441318551866,water,1.1639808444025863,1.2031805554671888
cylindrical,2,9.99134302543867,b4c,0.4315993327768505,39.82263423152708,mix,4.066151766972229,0.3703701992955731,54.64848868776446,water,1.023848573448774,1.055426712546915
cylindrical,2,6.331679860107232,b4c,0.6098609364356049,25.646331531438847,mix,2.383615740157904,0.3045458374173272,58.111978228972056,water,0.8096678507160681,0.8686631959297387
cylindrical,2,6.0279652132096695,b4c,0.3167004619980995,29.589329450306508,mix,4.447638168496143,0.3483675362187192,69.6458727807503,water,0.9834906325464328,1.026220666880772
cylindrical,2,10.37221153904485,b4c,0.7852055936258762,33.9799613905798,mix,4.660749263515124,0.4982040581856177,72.6242103486704,water,1.0631091468396954,1.1124254778965021
cylindrical,2,11.686645911497893,b4c,0.2814670675102027,20.140585637357702,mix,5.806959641663341,0.5551436821171835,70.82140110215616,water,0.8394277124942965,0.8917479407125346
cylindrical,2,11.820509107596711,b4c,0.6402073055883245,28.36415084259277,mix,4.039048906183092,0.5780961423176407,69.2679091436444,water,0.9844623239412592,1.0316945195774219
cylindrical,2,5.698784952664683,b4c,0.5123717779715553,32.5430145394913,mix,6.387556110918648,0.5562311255996194,70.03296214560787,water,1.1856742880996065,1.223505183837577
cylindrical,2,7.373406242834506,b4c,0.1975961468501467,21.69357508421223,mix,6.184896604656453,0.3891523684425445,64.09838871098789,water,0.940859369395482,1.0130485161360716
cylindrical,2,10.22311086087229,b4c,0.0412874920146965,20.969778657687336,mix,9.686966132476478,0.5033825755627567,50.936438169293325,water,1.003209672314424,1.0766980683677851
cylindrical,2,5.333001540567218,b4c,0.0356033315476667,27.74677886084843,mix,7.622146233400808,0.3863731572875736,62.89704455294013,water,1.0897805888007006,1.1373560880319338
cylindrical,2,9.710764395690362,b4c,0.2044066364367189,38.770660839984,mix,2.374622784232276,0.4511073666673313,69.45301871059876,water,0.9982797774114276,1.028726324397176
cylindrical,2,4.673190990026575,b4c,0.3925558399833128,26.634935570948574,mix,7.552752078588685,0.5929706198303852,75.28384371422564,water,1.179843690501827,1.2260358165699776
cylindrical,2,7.93008499885037,b4c,0.9126714852007846,28.82260441027908,mix,5.891568077425024,0.3683186744151314,75.75620438192746,water,0.9853225853345912,1.0375653990351874
cylindrical,2,4.012317532524767,b4c,0.1407521932267801,39.31075908872487,mix,5.22978215465178,0.543106017826497,56.21094033983835,water,1.2194448496829278,1.247525705100347
cylindrical,2,9.178038246628695,b4c,0.8873309724849132,35.296209975675026,mix,9.46124910867628,0.4221660346538332,66.16654778578639,water,1.130532597757659,1.1730224899675386
cylindrical,2,4.635166770999172,b4c,0.7778319856958825,23.63824666211668,mix,8.836847657576513,0.4024569804997797,79.95439466502836,water,1.0464701754026688,1.08919395425182
cylindrical,2,11.031991749165886,b4c,0.2764196670660905,30.416553366108737,mix,8.771044093813952,0.4550773854505543,60.05113461758393,water,1.0875631979548013,1.1310232066447643
cylindrical,2,10.823195442814598,b4c,0.7411624147037632,32.351539558024825,mix,3.159038724107174,0.4337068759433322,62.80078697952214,water,0.944265648531672,0.9871418254177435
cylindrical,2,9.773815954839002,b4c,0.7900177015422156,20.40708450545345,mix,8.728549440668136,0.4142486772071204,62.061396504276175,water,0.868549756712901,0.9167638890422889
cylindrical,2,8.44096456441828,b4c,0.9406318787959048,20.676280955730256,mix,5.624204074212292,0.5647151339636953,78.04151244626897,water,0.916236276978934,0.99945215498164
cylindrical,2,4.311426442954343,b4c,0.0033556620942951,37.723984806671226,mix,5.990698297977231,0.542016401882718,77.74006110298788,water,1.2388700886766468,1.2672517734387074
cylindrical,2,7.05973033636121,b4c,0.8749374148091217,37.651298221260646,mix,6.251188285617252,0.4701417406076835,67.54534984127062,water,1.1490605561993703,1.1813746153389915
cylindrical,2,4.202051281412625,b4c,0.3338674704363916,36.3603156136564,mix,9.712189469968852,0.5838185057897979,75.06862479223113,water,1.2917696184819836,1.3245267651236543
cylindrical,2,10.299463824497549,b4c,0.6557052044049718,22.299042129025374,mix,4.555714107199126,0.484710400841602,72.002686969572,water,0.8595507371436657,0.9229557006483865
cylindrical,2,7.321170656792503,b4c,0.7332128638363893,32.774499695927204,mix,4.770011187947297,0.3886373812182505,65.15043676945355,water,1.0230253816849468,1.069819717192271
cylindrical,2,8.410306339134435,b4c,0.8428757801361653,37.16075042219745,mix,6.879605721217504,0.4869127601037893,73.30979959162572,water,1.1548291691483672,1.1949843803230111
cylindrical,2,8.887306486777,b4c,0.7083688867354082,32.0159146940906,mix,7.74038611327249,0.5098381893193739,78.2096471427567,water,1.131549472356322,1.1748257577223926
cylindrical,2,6.880885327545047,b4c,0.2666594979280834,30.636245455175622,mix,5.659055736878377,0.3310309702131429,65.30653955885863,water,1.0087953749649234,1.050144157671581
cylindrical,2,11.574839387341903,b4c,0.8099713189609582,26.21081416250572,mix,2.6609660269320785,0.579396118057239,79.27720951063672,water,0.8690765566933107,0.9161956650260842
cylindrical,2,11.003084414267818,b4c,0.4849541673522983,29.94719570541921,mix,5.183131961700408,0.5159524744243454,50.807566624161794,water,1.0371976356176815,1.0779022803339304
cylindrical,2,10.05149428370882,b4c,0.1818470115140483,32.893758197277535,mix,9.183538894497682,0.5206057057713023,60.19604862924975,water,1.175652337212062,1.2190365879330352
cylindrical,2,4.378327996372426,b4c,0.4084229128836646,28.257997149764293,mix,5.815628641785019,0.4603134527579669,50.01051307143471,water,1.093338679939574,1.1399405181173528
cylindrical,2,7.869769178179236,b4c,0.6283734147590614,27.9880330601414,mix,8.183562093577976,0.3067161011244272,51.73614905922987,water,0.9999541309925628,1.0532271058804312
cylindrical,2,10.37931694477958,b4c,0.960922556340416,23.939008498175472,mix,2.316118513353101,0.4618138827285617,79.16000086233242,water,0.771128244929216,0.8403368751173952
cylindrical,2,10.421373054609496,b4c,0.3152646255257346,39.866345022516825,mix,2.871656018611649,0.4527977821809622,73.38990085789551,water,1.0279341030809137,1.0650286669580942
cylindrical,2,11.266615350448168,b4c,0.4604444877939178,26.81913441306071,mix,4.825573257260004,0.3736958162227465,68.3636084885971,water,0.8975325690398747,0.9604686360615481
cylindrical,2,7.180405862339534,b4c,0.7673037967421411,31.668918764367127,mix,7.516052453180915,0.4800143405957776,78.74560290213529,water,1.127232076655678,1.1676753747250461
cylindrical,2,7.656944142565116,b4c,0.0579941020758916,27.90513870098585,mix,6.199278064848459,0.576271036386625,79.45152094686294,water,1.1456010779920605,1.1881195779001188
cylindrical,2,6.643232023767079,b4c,0.6894110077801604,25.51222769997321,mix,5.501584482190266,0.4093747616420667,76.14765572803724,water,0.9834910383740544,1.0244071529199654
cylindrical,2,9.081145567695156,b4c,0.4501309506745784,35.2237275043479,mix,7.67597420799769,0.3477793578212536,55.23229565894019,water,1.075251558941973,1.1163394495049836
cylindrical,2,8.380131744338481,b4c,0.9539209668743024,35.133143246551654,mix,4.744600525054347,0.3668268013242983,50.3059252297853,water,1.0096631964621865,1.054569268585473
cylindrical,2,11.187410073771977,b4c,0.4540795331726535,22.53498469697321,mix,7.829690060428114,0.5233843907444635,76.32461504025953,water,0.9380687778228268,0.994193601109509
cylindrical,2,5.065388971405403,b4c,0.8291381824818894,34.906040342749314,mix,6.569298202546138,0.3574211152766084,68.95998245160548,water,1.084439880592195,1.1197341748766994
cylindrical,2,10.528229288977172,b4c,0.9868487908746422,39.50126138079435,mix,9.348955186842948,0.3395625042063522,57.0432437600833,water,1.1049576825435852,1.1384499718032155
cylindrical,2,8.725231326624673,b4c,0.5806284626410909,20.88757022173143,mix,3.053908301358992,0.5295743557892917,67.94476785685421,water,0.8305582101113231,0.8916740684084095
cylindrical,2,7.842950989618336,b4c,0.1887889439234258,39.08447926345912,mix,6.293251625009033,0.5742146528138907,65.75032546523113,water,1.2342777875814348,1.265030019755959
cylindrical,2,9.36809128689795,b4c,0.9710414751341466,33.99564215582156,mix,4.563446799044655,0.488337394377932,75.54831032664586,water,1.0617731608276617,1.1096050819910444
cylindrical,2,7.268185823542348,b4c,0.1460303263388412,27.331627755947025,mix,2.479406278271792,0.5524443633245919,63.199894485019314,water,0.9771607919704508,1.021686754157638
cylindrical,2,4.574071296786316,b4c,0.2619418012375649,21.960821029469905,mix,2.5969313940661025,0.4892623724962931,77.81048905828085,water,0.9148049877994548,0.962374524305408
cylindrical,2,4.037758710382497,b4c,0.3508770693758325,35.608400456039504,mix,4.949950371373023,0.5625167037875803,52.64532876483681,water,1.199660121822555,1.2314090636089405
cylindrical,2,4.726693247806186,b4c,0.2023590032803921,32.969935092197964,mix,8.20354135226303,0.3280905113042894,75.94469441260159,water,1.1045105213320192,1.146157697193149
cylindrical,2,9.634137113943549,b4c,0.9788954750483554,32.17452685754906,mix,9.82532259612248,0.445961346097878,62.36198237264187,water,1.1065906298704054,1.1490477735389273
cylindrical,2,8.71357366892892,b4c,0.3661538272814588,35.33857059486209,mix,8.42046520819597,0.3250590141067838,67.61322196885985,water,1.0851718169430125,1.122874013389252
cylindrical,2,9.44858837421936,b4c,0.6574129902210358,29.36698742714551,mix,6.695940661707959,0.5497303405687399,68.43905989056114,water,1.0971511133184015,1.1492077433787151
cylindrical,2,7.029378178557277,b4c,0.4025725277012653,39.60635077945997,mix,7.387141731723207,0.5669871013322811,59.036869186227165,water,1.250843758951117,1.2838628899323519
cylindrical,2,10.021867736705218,b4c,0.7045380336349563,25.71250151249643,mix,8.939012845026808,0.499529358354068,57.61852683539535,water,1.029916261260754,1.0772626743930118
cylindrical,2,9.25162604966074,b4c,0.084269349488257,36.75600218982028,mix,8.362551708818105,0.3695295584413653,55.740227540747405,water,1.1310887730868189,1.1675277837356004
cylindrical,2,10.95159331586499,b4c,0.4971623927407533,27.4555222558888,mix,5.433647669067813,0.5374761444897617,76.48792888160852,water,1.013743012244972,1.0610825116137883
cylindrical,2,6.27726809662474,b4c,0.7611671173317373,34.08431491740709,mix,4.4049609313728375,0.5076494071088644,77.15341686721177,water,1.1106665684539363,1.149751720368843
cylindrical,2,6.059178405121268,b4c,0.748974824761849,27.02399306326408,mix,7.092290426302978,0.5590732504477245,68.08940263620389,water,1.1277048708769315,1.177445035262194
cylindrical,2,6.695451093309184,b4c,0.5634331492029643,36.836255654358034,mix,3.111103172941047,0.4377571673131883,70.38871757051301,water,1.0358056515035003,1.067507078563689
cylindrical,2,7.61260946147813,b4c,0.6823406373879352,37.81532265407189,mix,9.386664659111815,0.5284127342491216,74.67303229194918,water,1.2313440783401632,1.2586012324795317
cylindrical,2,5.97421673356186,b4c,0.3423582385717958,27.544126919200664,mix,4.437465427314898,0.5983968320472395,60.731397102124,water,1.1100975327922638,1.1520679244316334
cylindrical,2,6.783283089512608,b4c,0.0088956380788245,31.91208206081233,mix,5.9313661909242255,0.4259008318228495,57.85247580846848,water,1.111979343154752,1.1471931372957063
cylindrical,2,4.544326604684906,b4c,0.7259040331979121,38.14025054505001,mix,2.4188589745303384,0.5350662811124575,61.88038076584933,water,1.0755176468692391,1.1103572695707138
cylindrical,2,4.463547728946714,b4c,0.9640299069256262,36.07172756710724,mix,9.790905518898576,0.3663256984496334,79.31297866158474,water,1.1592939510958673,1.2008571453854302
cylindrical,2,11.473114792580898,b4c,0.8923679149918233,26.29201545654273,mix,6.3665731407503765,0.3501394198633683,59.790218667940366,water,0.886533734255818,0.9536387963270174
cylindrical,2,9.55200049377124,b4c,0.1647676218445785,35.50661151719593,mix,8.143096640651184,0.3530343553988565,63.9882565944173,water,1.0999341051668836,1.142983501001456
cylindrical,2,11.2923770503197,b4c,0.8812535695556476,37.3060905463297,mix,4.936575405899355,0.3440336655400905,68.64499635623149,water,0.9911929268353744,1.0361920215761424
cylindrical,2,7.428732580161194,b4c,0.411801059527012,24.160677271150806,mix,8.974391488728095,0.3146164781347796,69.89485389062533,water,0.983066507941855,1.050430713179648
cylindrical,2,4.4829608101367056,b4c,0.6046833970308402,33.65596930633295,mix,7.769239734459302,0.3415356751421765,73.5625313898431,water,1.1006793299957336,1.1423196015950547
cylindrical,2,8.52023516554484,b4c,0.8761102253134724,24.82770920647889,mix,4.155653738053239,0.4043438272033296,76.07882021346424,water,0.8919078299238647,0.9418808506716724
cylindrical,2,7.062855314511201,b4c,0.1619375885291605,31.538000702566464,mix,4.109685894272815,0.3300297768466503,51.916166852001695,water,0.9737874893108632,1.0157812516136702
cylindrical,2,8.5538401101215,b4c,0.5584470437585719,33.333269169075805,mix,6.910757667991519,0.5815112413477033,74.92905569026523,water,1.184031298457183,1.2299197574817922
cylindrical,2,11.84779430844325,b4c,0.4807357043880454,33.861994858321246,mix,8.087647607048554,0.3777446882002184,60.86395357597899,water,1.0544166511543471,1.0939776368281273
cylindrical,2,9.933641454820686,b4c,0.4651781694212268,33.16398931215163,mix,4.979541299913096,0.4925057302068416,78.49058817222023,water,1.0747470934196426,1.1158210192481866
cylindrical,2,8.154369797694038,b4c,0.5172093809993786,31.46721668173058,mix,8.487891216537855,0.4593060169465442,52.14658667792045,water,1.1241766543020384,1.1654924717806674
cylindrical,2,9.005804245867164,b4c,0.5861982668205536,21.76786561903076,mix,7.485112071706649,0.3087509573411522,74.73539376633492,water,0.8739916219524682,0.9448618742918713
cylindrical,2,9.032683580856196,b4c,0.0915647811399623,26.14566123628066,mix,7.3613434789488865,0.4980368532694452,67.36903808384167,water,1.0762649871851802,1.1270966351370675
cylindrical,2,11.634580227273004,b4c,0.5592305690916324,34.33685667963252,mix,7.041967181576939,0.4444735342453504,70.9678184009286,water,1.0773701123496378,1.1286398488013747
cylindrical,2,8.244318181506031,b4c,0.0737555461896798,22.26362934365347,mix,3.804992424149577,0.5958562408388794,59.16593422179709,water,0.979904047627929,1.033796159387594
cylindrical,2,5.96055314535257,b4c,0.6854474172679206,23.80437778023344,mix,3.278708018541637,0.3651612699785351,64.73051321919287,water,0.8757346672939572,0.9323102116970098
cylindrical,2,8.049330501796188,b4c,0.0951327187483991,27.25571085098352,mix,9.03753993228511,0.4061369748524633,71.61083981765933,water,1.0830184397724347,1.1338244336509362
cylindrical,2,5.142064734180618,b4c,0.1586185804436617,23.048574658627864,mix,9.64261047850783,0.3452110166081121,68.79440869771624,water,1.039467545008953,1.1036300725667052
cylindrical,2,8.635125571712155,b4c,0.4147852125134216,26.357804128158428,mix,5.765780267707001,0.5184169375107424,77.9964251242923,water,1.0400429809475351,1.0835411772709773
cylindrical,2,6.133661733014533,b4c,0.4802413596456504,29.72317012628181,mix,8.885806341698675,0.5969885894091895,56.114179533865226,water,1.214233121194258,1.2615603933422743
cylindrical,2,4.793741693002423,b4c,0.109035852009411,36.54041256612966,mix,8.71089187870561,0.5461775953750614,61.34102540855965,water,1.2623220504603616,1.2908492980551673
cylindrical,2,8.770226272560318,b4c,0.7825844345447165,23.404655834709217,mix,2.9477795233088733,0.3179306692456422,76.84110348100404,water,0.7732881221535056,0.8238548744850153
cylindrical,2,9.85188035226665,b4c,0.2982902451372924,28.84339490974071,mix,9.209914322816928,0.346004337159947,55.32986325222191,water,1.0359282746707978,1.0885402901897654
cylindrical,2,5.853163115210982,b4c,0.0225422564311212,21.443365826499672,mix,7.260317871586556,0.4238319806945055,57.77914122753669,water,1.023345523572597,1.0802368286713866
cylindrical,2,6.990265909172432,b4c,0.2947168611402173,29.021652816904425,mix,7.236008542178687,0.4614027144861012,71.29409358915689,water,1.1024154675768136,1.147908239901789
cylindrical,2,7.533025897099471,b4c,0.1318583614686945,33.80941136370167,mix,3.8883906655800766,0.3167412606085684,60.539341070693226,water,0.9718940364749584,1.0169806286782355
cylindrical,2,8.935966304474288,b4c,0.7006143822918341,25.402545970456597,mix,2.2455533674431543,0.4348833304494381,50.98964557834041,water,0.8247706858744417,0.8743239378691979
cylindrical,2,7.09403733467118,b4c,0.6625824692094473,28.170883732836728,mix,4.367648559685334,0.5946319407892551,66.01878313849186,water,1.0878899009821308,1.133955689974974
cylindrical,2,5.164631526110541,b4c,0.6343630652301642,24.606667263806305,mix,2.2843534283135773,0.5225648221050853,52.69704518535605,water,0.9259379852727192,0.9729071720213984
cylindrical,2,8.942766062865278,b4c,0.9278746103882476,28.68549573535692,mix,3.9471040671999273,0.4159226347383004,72.21738457492148,water,0.940765822522229,0.9943220389173929
cylindrical,2,11.358545746296013,b4c,0.0683963501254427,31.2542231730265,mix,5.097893949851864,0.3357641252624359,69.79958683639296,water,0.976669028949538,1.025721536098309
cylindrical,2,10.705038451983048,b4c,0.2853966446296495,33.672513851966485,mix,3.286565301214894,0.3792195078248134,53.32423114614591,water,0.9489152215699388,0.9838370921305448
cylindrical,2,4.8741705111047455,b4c,0.8182751570677257,38.65028946055676,mix,7.2965017807987005,0.3374017913191101,67.07166839308576,water,1.1124894579894644,1.1471311377474647
cylindrical,2,6.662584356693276,b4c,0.0175170847232047,20.81666404135501,mix,7.688449502990452,0.485207896288111,51.57711106240207,water,1.0407961304617317,1.1038774145762869
cylindrical,2,6.926256565220829,b4c,0.9507086363914404,39.65923722578236,mix,3.483800814786892,0.3964888702876711,66.97439205517506,water,1.0342285821428234,1.0643545719854273
cylindrical,2,4.137543790074721,b4c,0.998817825797648,23.00643553304881,mix,7.458635149338563,0.586476253597861,66.72832650577456,water,1.1160992677968935,1.1741203331530576
cylindrical,2,6.446306672897903,b4c,0.1156936181002368,33.42545121624429,mix,3.6044234758560334,0.5017435398469853,50.50078222992211,water,1.0885588850026588,1.126609015262078
cylindrical,2,11.152324821868712,b4c,0.8234223094762316,34.54585685933476,mix,9.968003541787922,0.5386788125326506,67.2016775759772,water,1.1694653493180611,1.211004585764918
cylindrical,2,11.098029006210044,b4c,0.3699963652991128,34.78249925425243,mix,6.1016493746902825,0.4295725594033043,56.90536189263542,water,1.0684411236971325,1.1090366090046238
cylindrical,2,8.842170963165065,b4c,0.3019480688633847,20.560231567923115,mix,9.761886653533772,0.3559746138160746,54.26844458441329,water,0.9289477712228976,0.9801013155953127
cylindrical,2,10.749787245609554,b4c,0.8279228239955511,37.90731669934687,mix,5.565603339014849,0.3991758726108415,61.44793504707394,water,1.0560581069371997,1.0959753689389196
cylindrical,2,9.335791572619277,b4c,0.4419471938164583,21.82227550612537,mix,4.022288142820869,0.5053610404374359,78.34952853870163,water,0.8786826172936417,0.9519410239526522
cylindrical,2,8.087001942290254,b4c,0.6958094839113724,27.08113932343093,mix,7.92409746652041,0.4641417449572777,64.77269663656898,water,1.0580046108696983,1.1117985639030892
cylindrical,2,6.543223155724649,b4c,0.0790999695638366,32.87099882844266,mix,2.7998946425970948,0.5753177911278309,59.34368111029556,water,1.082776667922808,1.1152012782837561
cylindrical,2,7.490716320709787,b4c,0.2447122165038338,35.78151896281841,mix,3.721533554391802,0.3513959412751485,66.55841928869124,water,0.9964524686548374,1.0332674529429533
cylindrical,2,4.883799867086424,b4c,0.6410934887290957,33.506027947945725,mix,2.5141449898918222,0.3119836045275379,67.86605771299716,water,0.9053895899597106,0.9409275883859184
cylindrical,2,8.172371986676119,b4c,0.0076074020063036,23.24324860476021,mix,6.076093386831591,0.4759885638264397,52.82375749764676,water,1.0355183951051774,1.0937737952031357
cylindrical,2,6.065806514761338,b4c,0.6460242186184272,29.12335996095071,mix,8.388907342719788,0.5399185750126083,67.80145125556717,water,1.165190770535175,1.2105226298587342
cylindrical,2,9.840685051042335,b4c,0.1404691416457551,37.35753412442888,mix,6.5586295361561175,0.3847489449335783,63.803821206557934,water,1.097794561717902,1.1334254907762817
cylindrical,2,4.611621319069322,b4c,0.2132790142060191,25.589143758724287,mix,6.849790795598167,0.3010868260277378,78.47512226616942,water,0.9990898564146826,1.0454335496531808
cylindrical,2,5.112822226772518,b4c,0.8996831692901213,25.32490418193652,mix,8.506242428353868,0.5686849053112383,59.89452195174781,water,1.1413801460634228,1.1920679886369998
cylindrical,2,8.662899897184658,b4c,0.1102155088699872,27.58253417071353,mix,9.414128452483268,0.572920273531387,61.186080968633405,water,1.167250599940567,1.2037244971472953
cylindrical,2,6.51559921809408,b4c,0.4730841449435197,22.882879713580937,mix,7.883549869763894,0.4038066548953544,65.84642047488745,water,0.9980625512384518,1.0696183018106182
cylindrical,2,9.427163852809656,b4c,0.3558947459570388,27.87934893877564,mix,4.5196970652085104,0.4087983217498303,76.73586086374233,water,0.9592705480784912,1.018863059012381
cylindrical,2,9.796443637402202,b4c,0.9841980785304756,34.74625559424854,mix,5.208821165659492,0.5568294530750664,57.3496853721788,water,1.1216261743920768,1.1663455490782682
cylindrical,2,5.21334149633506,b4c,0.975116556454212,20.20827411723539,mix,6.489353898516005,0.5908237573416406,58.96388941663021,water,1.0232632681487852,1.0891068380389874
cylindrical,2,7.725691114786617,b4c,0.5828212125886618,22.72798322338268,mix,5.401866676779788,0.4188624748946334,72.61148457739586,water,0.9264526999155502,0.9848895524932212
cylindrical,2,6.940365872721587,b4c,0.2571506196641049,32.18826098754332,mix,7.161742370762974,0.387689967844911,65.03892941514627,water,1.0914023902132175,1.1310618742809815
cylindrical,2,8.343626699306702,b4c,0.3302221148836995,39.24544949666044,mix,8.580293383831009,0.4398373283873571,54.873325888289095,water,1.1821887419317196,1.2191718402255352
cylindrical,2,6.215127939842053,b4c,0.0433264144956998,35.68828698163871,mix,5.874819573871694,0.3614763406332851,53.52729897442488,water,1.0903064270686298,1.1264157789960016
cylindrical,2,4.080224284869512,b4c,0.8075556042247984,32.0710457864472,mix,4.209454410979186,0.3327009475904452,58.32543340126106,water,0.9938558645410676,1.0356009818123184
cylindrical,2,10.445016344963337,b4c,0.945985611111871,26.06528215386752,mix,7.783554555214931,0.3759471209162422,68.2407481091033,water,0.9386238531831044,1.0061656617829995
cylindrical,2,10.92743032529594,b4c,0.5253136179895094,37.20829526262791,mix,6.768835407052792,0.5363557227808939,73.89125777209955,water,1.1667128344634528,1.20452183337341
cylindrical,2,7.312104841113415,b4c,0.1260266471896827,23.51345264658801,mix,6.057868827022544,0.5924609278635908,52.31446535509178,water,1.080502450810735,1.1321703625901207
cylindrical,2,5.344191842445415,b4c,0.8634865392492554,22.470878393414417,mix,3.869508225392735,0.4683602959488145,70.06617892411194,water,0.9408500635128796,0.9968304193315135
cylindrical,2,10.2053675356204,b4c,0.6291485493652184,25.17949171506839,mix,4.334158267825451,0.3522787683720755,62.61317579975786,water,0.8544309670992157,0.9151799242859463
cylindrical,2,10.58019805060064,b4c,0.936110890376952,32.6059841109886,mix,2.764480598857892,0.5248220674170827,55.43031969844044,water,0.9763408081791044,1.0241879117048815
cylindrical,2,7.782646516790916,b4c,0.5324165104641428,26.76672562757861,mix,5.470747653449781,0.3583413119529063,70.7014842779853,water,0.957719923481824,1.0116534970246118
cylindrical,2,10.264007395278387,b4c,0.5709609357595343,35.99877279681062,mix,8.02124184532057,0.4966521533647235,70.47790516587435,water,1.1570727915447634,1.1999813263321741
cylindrical,2,9.52424661514756,b4c,0.0766507827364968,28.11945381069654,mix,6.142624408282836,0.4741674411316291,71.78943151166453,water,1.0647155404051962,1.1190663675317636
cylindrical,2,6.3900858813102746,b4c,0.1923170749629283,36.3010711069794,mix,4.9048648455006045,0.4163354124059651,64.55268234281112,water,1.0939846564264648,1.131519912995457
cylindrical,2,4.425975773107569,b4c,0.9947517750435468,23.74421394992683,mix,2.566308681630616,0.4492981982637566,66.4367626489482,water,0.9015160360953844,0.9629821909053642
cylindrical,2,9.660629457235505,b4c,0.2073820457962688,34.9958491805514,mix,9.018827987577628,0.3231674385154306,53.18536066553698,water,1.0924285061329255,1.1322647829133308
cylindrical,2,9.601424473066547,b4c,0.2420350713671977,21.06312567468118,mix,8.25183002016329,0.5995270263934662,79.84162870860501,water,1.001161984509296,1.0528742281986674
cylindrical,2,9.136711391305573,b4c,0.2480059468741739,35.918531896085305,mix,3.46728841250452,0.3237455080413191,66.8090636551143,water,0.954382497804957,0.9899096892533039
cylindrical,2,7.133420526708273,b4c,0.5961656766385078,36.218319400676094,mix,6.815263417863155,0.3934347045201852,72.93482070466965,water,1.1068967034623185,1.1457447236565124
cylindrical,2,6.826483179334789,b4c,0.22749197371517,37.968774027672325,mix,9.079219712423496,0.4916738173151731,53.83487677806064,water,1.224820781176643,1.2535620145575606
cylindrical,2,10.765123830518348,b4c,0.6643570056207885,31.34846769856918,mix,3.708068729912013,0.4435877110765066,69.47053884906147,water,0.9647114216755728,1.0071938651095649
cylindrical,2,8.976731693814674,b4c,0.4397371763891637,38.45273350587848,mix,4.786245803646366,0.4176611276477142,72.98590571174256,water,1.0785903591689596,1.112375073930986
cylindrical,2,10.62043398310952,b4c,0.7935570653176861,39.16188935293739,mix,4.245435295061254,0.482041141835517,51.81764566974775,water,1.0858968211447344,1.1284019067383824
cylindrical,2,7.69495425258066,b4c,0.7176397108575421,38.74157982192604,mix,9.593009063202311,0.3624693788268844,75.45588069289617,water,1.1485409690801007,1.1839536450622627
cylindrical,2,5.4142553357067245,b4c,0.4719249472286694,20.309674414290114,mix,2.197227351194309,0.5859155959231361,67.26875689442431,water,0.8661361673307201,0.9294692975525473
cylindrical,2,8.117347131641644,b4c,0.1741142671467846,22.75239565188867,mix,7.312763775796788,0.5767606892796839,51.29776364801898,water,1.0602977315002948,1.1249223468018412
cylindrical,2,4.769930479103761,b4c,0.1334156585791229,24.079267821789443,mix,8.057694597806776,0.4537053926081739,51.49994935650965,water,1.0874649120155564,1.1391189446913683
cylindrical,2,4.986356278431472,b4c,0.8011142195897449,29.142402989379534,mix,6.662753664173848,0.3716504725704513,56.521893035734486,water,1.0497355516324576,1.0952295809815695
cylindrical,2,11.897733390498058,b4c,0.8132613238923486,35.01650562753905,mix,5.540745765101086,0.4579884274061467,71.53273979226101,water,1.0505795542290963,1.096925092772557
cylindrical,2,5.747386730859603,b4c,0.7460734242402989,34.50376402992229,mix,4.492740841022626,0.4634913979840802,73.94713121888077,water,1.094771712202523,1.1268797383947864
cylindrical,2,11.454480623072254,b4c,0.6172135153737682,26.66463816391492,mix,3.339478525544351,0.5810812197060463,64.95804918700878,water,0.9313982423500984,0.9896964764087873
cylindrical,2,6.12116667802732,b4c,0.3533347751957283,30.79428697505263,mix,5.3647682334765605,0.3023094345493753,61.55380075874676,water,0.988844491785566,1.0390987617128877
cylindrical,2,4.250248047685136,b4c,0.7568365696192786,24.494041236614613,mix,2.024825392541774,0.381219709960769,59.42720529027076,water,0.8425266986860105,0.8902269904516759
cylindrical,2,6.613696882059399,b4c,0.8576069590065182,21.50967939442758,mix,3.356237275208224,0.3269228997149493,54.49478859943172,water,0.8043850103497977,0.8501464714396272
cylindrical,2,5.250614217971116,b4c,0.2173288782967153,39.41458404026984,mix,3.5861503089237754,0.4410392575599047,55.59779411611572,water,1.091606550526262,1.1225226301391018
cylindrical,2,6.238811261935576,b4c,0.845850942762001,20.020895351272976,mix,7.941546762484901,0.3925587114933695,65.64762961906293,water,0.9306164454728706,1.0015565048948594
cylindrical,2,11.946873776040784,b4c,0.5687696174593321,25.9121527762303,mix,5.962652469228205,0.4712195101615725,62.134693746915765,water,0.9355024299941084,0.9947727599685584
cylindrical,2,5.030630348993654,b4c,0.0627921524577297,27.352522000130424,mix,6.808041470606529,0.4689289664309741,54.695116668831744,water,1.116912710274516,1.1629621892825879
cylindrical,2,9.720339006316378,b4c,0.3270942014861334,25.04373979683062,mix,5.072422647690511,0.5703866704386462,72.32775508150543,water,1.0111286221089115,1.0610291567972534
cylindrical,2,5.048941951940602,b4c,0.1006581174953617,30.515521504593465,mix,9.734698104614411,0.3385965711680783,61.66078178134698,water,1.122183069844041,1.1665034629932942
cylindrical,2,5.757981508978476,b4c,0.5279342520470514,37.79842999229743,mix,8.341852863202465,0.3111186383983828,66.39597791108055,water,1.112842174989321,1.1488123260314467
cylindrical,2,4.237799974866527,b4c,0.9426873782068756,27.17281264143219,mix,2.049184753489302,0.5325097546460783,62.19609718306004,water,0.9504270899970124,0.9955851698682322
cylindrical,2,6.851279908248047,b4c,0.9324483912700778,32.716972489386805,mix,3.9887245372258273,0.3979067098774597,66.23502596453628,water,1.0037340299910422,1.0456121492441044
cylindrical,2,5.494141097228083,b4c,0.4458941568149847,26.41609178126895,mix,6.323000805587506,0.5602957721455886,58.055814820358194,water,1.1236453624153968,1.176619876200242
cylindrical,2,4.107714298295949,b4c,0.8519050090650311,29.87326483237445,mix,3.4181511833195577,0.451271087554973,65.366046024612,water,1.025759814387362,1.068623345749549
cylindrical,2,7.228309690963396,b4c,0.2805684298038016,38.21396022811514,mix,3.54737145755449,0.3195152409176084,74.53133167824424,water,0.9815679236441948,1.0176015292104241
cylindrical,2,4.364599256075098,b4c,0.5203615463929316,22.9245945969046,mix,4.700164452418472,0.5895601080211649,76.66802748162486,water,1.067682879892534,1.1302906025552941
cylindrical,2,9.96382351399935,b4c,0.5106382508216508,26.496100360054022,mix,5.2642108131138325,0.5673517488020714,53.72780333111916,water,1.0256879254293476,1.0751659856687958
cylindrical,2,8.477643785488066,b4c,0.1181755165726629,29.287171820667727,mix,8.806618260153716,0.355019589343278,74.34189966399845,water,1.070826609294591,1.1221937256209487
cylindrical,2,6.77175427511441,b4c,0.3389125885612291,24.29997914282927,mix,7.208253510635141,0.5196312180871335,53.98887002793113,water,1.0712682642556115,1.120187179982064
cylindrical,2,11.984581715294432,b4c,0.2519992183735486,34.29194571195305,mix,9.85908475539124,0.5143297906020028,56.3938168263801,water,1.1688675581297507,1.208581433384071
cylindrical,2,6.28868800588682,b4c,0.1018251208243439,37.57054303429262,mix,4.305927604840164,0.4282979075155037,75.34237597648558,water,1.0974858713561808,1.12933261191733
cylindrical,2,9.896910978349332,b4c,0.7360222683534758,36.91710798995668,mix,8.931931221942415,0.5067745465687465,64.35106355477478,water,1.182179371905991,1.2215150142810052
cylindrical,2,10.090620471407938,b4c,0.5047620413134086,28.967949795073903,mix,6.631212584763354,0.4007862738823622,78.63169013017043,water,1.0040563023934062,1.0572211859437761
cylindrical,2,5.892464766075321,b4c,0.5538265040728311,34.14508487386399,mix,3.836112902727276,0.5878428812483736,74.07215165467031,water,1.1470981122589776,1.1803496564087024
cylindrical,2,10.665479458299526,b4c,0.1243115023376529,21.3621688197396,mix,9.595314898882012,0.5040897994351577,61.03903770110966,water,0.9785397479293588,1.023828557836665
cylindrical,2,11.4099167088908,b4c,0.3891312767030115,21.141663520700057,mix,4.636406898464498,0.3048752341035856,55.10836183833215,water,0.7531216418874643,0.8265266192428011
cylindrical,2,5.248497328561428,b4c,0.0316751194644401,24.66430396054872,mix,2.9335563186522493,0.3100845688793103,55.98696861533631,water,0.876734628807038,0.9279850648167528
cylindrical,2,4.707999938694521,b4c,0.3815295473582603,33.58320898958807,mix,6.594920679722575,0.4114443523001734,69.00860567669702,water,1.1219610538422735,1.1590876518590967
cylindrical,2,9.304611336656423,b4c,0.8833632800698755,36.98929050396323,mix,5.700013892733127,0.3904122843986667,62.71498050551305,water,1.059997287624456,1.1033594066780572
cylindrical,2,11.928255487706352,b4c,0.5921470333326692,39.75309252708089,mix,3.6325923559205417,0.5892302768841364,55.96705637159289,water,1.122573284534869,1.1575765422110573
cylindrical,2,5.512292330626932,b4c,0.2357814162444642,23.302682704887843,mix,5.041246377689462,0.5476777773605864,50.39954785174708,water,1.05149968086322,1.1116220081109955
cylindrical,2,5.449540226017177,b4c,0.4198583032757015,21.60144443603223,mix,4.5939228858997065,0.3199866958971992,52.48613633416876,water,0.883032739518855,0.9460890567284788
cylindrical,2,10.336082373287926,b4c,0.9207729059953182,28.5664495613138,mix,9.910538472961589,0.426869567220363,71.04284045766654,water,1.0399544002180232,1.1057361753719677
cylindrical,2,5.284718789774732,b4c,0.3712299237404469,25.289790163096114,mix,9.265543973349132,0.3422006779433614,61.73939285588485,water,1.048951838331262,1.1067661024858853
cylindrical,2,5.60597900520675,b4c,0.4933411870597882,30.291360821451647,mix,3.913424197025367,0.4200402024722541,56.93942943745693,water,1.01752840328689,1.055540724947391
cylindrical,2,6.574929572908878,b4c,0.8679310515262505,31.85901534263696,mix,6.457493612376111,0.5584454705482613,60.94039349064175,water,1.1632651296981278,1.207413743460355
cylindrical,2,11.523083219014254,b4c,0.6231261867705887,35.45895451684031,mix,2.707899503949722,0.3160188011639423,77.41102163039156,water,0.871465359206198,0.9169790459410034
cylindrical,2,11.556511498303683,b4c,0.952685791753193,43.60070063933394,mix,5.43932424968471,0.5599845176046268,71.82317622516058,water,1.1889957396152318,1.2255576181591046
cylindrical,2,10.155148905413109,b4c,0.994677890404566,33.42926546768595,mix,3.2126448935049936,0.5376949696492603,63.7065956833295,water,1.0211697123106385,1.0660988707980052
cylindrical,2,6.746739672301759,b4c,0.6295308525068033,29.574994171807237,mix,2.439992535655094,0.6091037410226653,51.1891690260563,water,1.014091888131609,1.0500534513750124
cylindrical,2,9.239385672264795,b4c,0.5774797001949618,25.056201203585545,mix,9.24069632840055,0.354286168449854,71.09892172664851,water,0.9780315247660588,1.0410540029270308
cylindrical,2,5.64139876473875,b4c,0.8643287625795268,33.65983458623029,mix,7.0104757679393765,0.6493034269069695,74.21371805335295,water,1.253527000011694,1.2901471261463766
cylindrical,2,5.664272033689809,b4c,0.7713399299437864,32.28680383561924,mix,3.2249653958521565,0.5673023197697505,53.98051289094216,water,1.0903550097550905,1.1253951106987408
cylindrical,2,8.588619762590517,b4c,0.6543461264842647,40.73649839969042,mix,9.55865890904422,0.4510330476019349,70.27276972497455,water,1.2019140080310546,1.2334747108218678
cylindrical,2,7.573711811616096,b4c,0.95382664409346,36.50698213745332,mix,8.634194639191323,0.5823028784761537,53.07821439098427,water,1.237903526970666,1.2672734284633553
cylindrical,2,9.390934027969408,b4c,0.8257408483394468,26.41495805521129,mix,8.2906888627566,0.4892579351857815,52.42722268998717,water,1.0369349715485825,1.094054666847994
cylindrical,2,5.800576991246825,b4c,0.5758606983222361,25.480384004396363,mix,6.999583765178064,0.6620789117297115,60.3872398211943,water,1.1675886086316367,1.2108471791634132
cylindrical,2,10.532386009736308,b4c,0.6813308916596444,41.29193525882668,mix,4.156671597030816,0.5208812470060725,54.33828000431132,water,1.1264312674989032,1.1633100295126113
cylindrical,2,7.37881016215756,b4c,0.7727149412974061,34.7155377628114,mix,7.097252134107998,0.6546600444274602,79.69691831597524,water,1.2494231320841784,1.2879739207763308
cylindrical,2,7.639244576073663,b4c,0.5261649062172552,39.702871951218896,mix,5.324735820405636,0.611857368579207,70.52003357188124,water,1.230249812586199,1.2575541493045752
cylindrical,2,4.907784352122019,b4c,0.8066907359825382,43.82677978297943,mix,7.420812413626964,0.4975315137855485,57.59897368851196,water,1.238169503158523,1.2623733300175874
cylindrical,2,6.368606191824085,b4c,0.9573600438668288,25.947383701092345,mix,6.220752588325934,0.3994452879394797,75.8767969575277,water,0.9945302061936434,1.0562270193552954
cylindrical,2,11.237787223693768,b4c,0.5889959064767354,30.59506860339337,mix,2.653378139932113,0.6203555515242473,63.50070758914326,water,0.9814693881843244,1.0297584294800461
cylindrical,2,5.581001904642989,b4c,0.6356587116647917,22.997020699366075,mix,8.685706352725159,0.4777823200205989,53.04299837464468,water,1.0585735602186634,1.106964435470833
cylindrical,2,6.49148763827713,b4c,0.9238423052185708,37.97441910930888,mix,2.980381682492435,0.5546127174923412,64.51267706846035,water,1.103854243356846,1.140464451193735
cylindrical,2,10.80054239400063,b4c,0.916558708609089,32.09632789402792,mix,8.867376736602825,0.5839066131052746,59.687644597591245,water,1.1535760073896908,1.2008977413265123
cylindrical,2,8.204923795550839,b4c,0.6924650786377252,31.874631120348543,mix,6.945509477393801,0.409938407041969,57.15868770686199,water,1.068770160157276,1.1163166599298524
cylindrical,2,8.61278252006529,b4c,0.511963648744131,24.866992008076835,mix,7.654021758493066,0.380478776760716,55.85289873059517,water,0.975445892343746,1.0346139671091634
cylindrical,2,7.464605554309823,b4c,0.8473302936931844,34.04694793957675,mix,2.1726154995045013,0.6324264055161686,56.6005456770218,water,1.0337678613730727,1.0775986447058015
cylindrical,2,10.861753525673793,b4c,0.7180980936119924,22.689895403377893,mix,5.733660905625699,0.5310748498405616,60.65639197121524,water,0.8986487565130987,0.9446046043215086
cylindrical,2,9.488295055423588,b4c,0.8601313649802822,21.595154683852268,mix,9.49790301022049,0.4430139190581312,58.77066178694358,water,0.9250245213725048,0.9902570263741863
cylindrical,2,10.11235573201672,b4c,0.7877311799528517,25.35097709739321,mix,3.12772375503464,0.5418689386715717,77.58687864672456,water,0.8993582473246625,0.9542011914983548
cylindrical,2,9.098805478169506,b4c,0.7312863027525136,34.47004143207307,mix,5.283180692997698,0.5221834959524295,53.41490281381014,water,1.1160145899990617,1.1552769988005471
cylindrical,2,7.979263310479616,b4c,0.6105377682440564,30.75459675254883,mix,9.121993310467078,0.485095248281804,59.54062888767525,water,1.1389253379350313,1.1772408557873792
cylindrical,2,11.38633738132108,b4c,0.8562210177906038,33.69035698412944,mix,2.2782879273084493,0.4267013320854717,51.144758491221474,water,0.8931328303768353,0.9445715971795958
cylindrical,2,9.586456102971994,b4c,0.8755681860423403,28.6737000272699,mix,8.552448554401622,0.4669075610284849,58.51438207205884,water,1.0586358672028162,1.097623936311488
cylindrical,2,8.78978609947946,b4c,0.9832116114692068,23.226778324081288,mix,2.5363888379481265,0.5329581023291718,78.98343006188531,water,0.8380476202801929,0.8906039333606358
cylindrical,2,5.913018367287855,b4c,0.7116805340818092,26.20104495910404,mix,3.079624222120427,0.4117203581462372,54.93015125902614,water,0.9251709569055844,0.9726541454724486
cylindrical,2,5.393117435998139,b4c,0.8869502100674822,42.60639824403063,mix,5.007179176678715,0.4017458555741856,72.8438057679302,water,1.11710344640854,1.146616894182751
cylindrical,2,7.966563842547704,b4c,0.5919880951817547,33.892142184981275,mix,4.863263732572479,0.4067437496177444,75.1433578659086,water,1.0441478851908126,1.083832244943581
cylindrical,2,11.727561279618016,b4c,0.654079454350457,22.34998893695554,mix,3.398846766000423,0.5445117728954567,77.46289955484984,water,0.7987055121614259,0.8485021549425614
cylindrical,2,11.063569722380564,b4c,0.6982848019369645,36.34472665744741,mix,5.144069695228443,0.3449398441982474,63.08499807990381,water,0.9961666994145372,1.0380862488463865
cylindrical,2,5.823463662266611,b4c,0.6721449245955431,31.76024015310572,mix,8.605526003164368,0.3381372252809881,50.175834556405256,water,1.0866007133146234,1.1306542196264315
cylindrical,2,4.830065692102725,b4c,0.5300115134985287,20.631903781163444,mix,8.236070378746208,0.3454768212596676,69.15929602026829,water,0.9693873956824416,1.0347638793390583
cylindrical,2,10.482858713540612,b4c,0.8389974265530091,30.43880591981189,mix,2.735228461258577,0.5864043841744959,50.66559432764095,water,0.9755739481385468,1.030959698886061
cylindrical,2,7.19360187706965,b4c,0.835761587949728,27.481133157124944,mix,7.131018173320257,0.6074580941627321,63.925590580544025,water,1.1394173367217284,1.189410488124785
cylindrical,2,11.759781235213666,b4c,0.700433056711517,27.278066004120657,mix,3.0281893698787563,0.6348275111543334,58.90085819994839,water,0.9348185699853117,0.9886389959001736
cylindrical,2,7.887799292503323,b4c,0.5061882505820886,44.9553334203401,mix,7.97810533168219,0.5361240923056481,57.4028126557599,water,1.2604118586153872,1.2875978460224826
cylindrical,2,11.32911203862469,b4c,0.7501725985158878,24.409388557763805,mix,9.518429438747232,0.4748238219349404,72.4469992406541,water,0.9650687399827488,1.026779649849298
cylindrical,2,7.530090627088192,b4c,0.5429877474846341,43.642281650498376,mix,5.642178725048052,0.4953635126384939,68.60630053335248,water,1.1904326202049598,1.220538800833429
cylindrical,2,10.648159991612069,b4c,0.9003281036404276,33.22638274667151,mix,7.572318054559529,0.5899798677828827,77.26822372577791,water,1.1596053083248978,1.1990831805797608
cylindrical,2,4.315026802681167,b4c,0.611692147458026,26.12380412900848,mix,3.6777797924484847,0.6386985955493814,73.5172600223041,water,1.096548655537264,1.1504273794876336
cylindrical,2,8.250609453132963,b4c,0.930947468793682,22.58051358173641,mix,9.334436891476622,0.4334849403472892,58.230333017425735,water,0.9712184809563524,1.0271483782156063
cylindrical,2,11.790050398251756,b4c,0.7444507817134821,32.72566732243814,mix,3.756810099956473,0.509271808854337,78.93212892954297,water,1.0042384272668223,1.0440952576277758
cylindrical,2,8.351388265613553,b4c,0.7734652283316654,40.60199487638855,mix,9.292520955330827,0.3038446386601238,77.01117275703527,water,1.118539036219259,1.1600346283989058
cylindrical,2,6.181623951493616,b4c,0.7140191952889969,20.900346505902814,mix,6.7307386787129655,0.476393090657934,79.64125392698116,water,0.973585846053634,1.041257089279549
cylindrical,2,8.285153664792983,b4c,0.5853289086078688,20.427069277635848,mix,2.889970507197328,0.6276331916814201,74.48096867186632,water,0.8528796452798076,0.9164558485440113
cylindrical,2,11.593986344923229,b4c,0.688558498315602,41.84789058890924,mix,2.1041882497576685,0.3296846871433436,72.05063481884156,water,0.886174995963424,0.9188072584037994
cylindrical,2,8.863333952069784,b4c,0.8364327312439173,32.646043306435814,mix,2.0906677318396416,0.4469974363408306,56.70012478457527,water,0.9114411126072716,0.9474827744163345
cylindrical,2,5.562117980858223,b4c,0.7676717136717768,23.91600488598723,mix,3.5263025269566173,0.3097527662914728,73.14697609747004,water,0.8581356760164179,0.9083949314444061
cylindrical,2,6.411482798112005,b4c,0.962357869637541,42.96287864336793,mix,8.45292474083745,0.6029871430119668,63.3861754173141,water,1.3024729684147969,1.3338963124205365
cylindrical,2,10.98676511346922,b4c,0.5241966105452228,40.85468477046787,mix,6.420746201807742,0.378149337191966,65.50567096124739,water,1.0899182915559436,1.1283813598999466
cylindrical,2,10.18650870527384,b4c,0.6163629822191643,32.583892292387745,mix,2.132474683332044,0.558378936922291,76.41765154841148,water,0.9560749082121676,0.9970681573284792
cylindrical,2,7.77642643540549,b4c,0.7995773465968617,35.581092592216336,mix,8.100282834619314,0.5790462008952113,63.24733184693309,water,1.2238584708771845,1.2544411067229544
cylindrical,2,4.507290761476979,b4c,0.9189858721779524,38.28344245484344,mix,7.872214171004268,0.4822397321196568,54.1418452024438,water,1.2096974151202509,1.2446646769620495
cylindrical,2,4.160745603740999,b4c,0.8865929457258586,43.15549441726465,mix,9.142163178369756,0.3182190443848156,60.18571037067196,water,1.164751263365129,1.194687868744907
cylindrical,2,10.887831181538768,b4c,0.5137818050948534,40.16584730275342,mix,4.268363909964377,0.4263501981247147,64.28473524733862,water,1.0625219171230809,1.0962877823071293
cylindrical,2,8.030681122450883,b4c,0.8808604679597991,32.96228650287317,mix,2.822010843443969,0.6776202231159183,62.45610086331856,water,1.0852757537527662,1.1289718001899014
cylindrical,2,11.707303378144102,b4c,0.6604821618842396,42.86535435504052,mix,9.974328073302246,0.6255868829766283,73.78587418802219,water,1.2952527757815708,1.3226739465422612
cylindrical,2,9.214546987572897,b4c,0.9491691217076276,33.810124765265684,mix,6.514319489463046,0.6012161773169462,71.38868327736732,water,1.17390950367577,1.2218711379013854
cylindrical,2,11.200301176714856,b4c,0.6464308013137509,21.524071598121715,mix,6.023777390382912,0.3846596467042696,52.01391054856701,water,0.810585835806005,0.8912060661216908
cylindrical,2,4.945866913784279,b4c,0.8029263235189028,35.34752011683202,mix,9.906146655221674,0.461898726479573,58.61441318551866,water,1.2048344984949664,1.2391059306548624
cylindrical,2,9.99134302543867,b4c,0.7157996663884252,44.77829278940885,mix,4.066151766972229,0.3938269323940975,54.64848868776446,water,1.0605087452607431,1.088541096854079
cylindrical,2,6.331679860107232,b4c,0.8049304682178025,27.05791441429856,mix,2.383615740157904,0.3060611165564363,58.111978228972056,water,0.8204420490734784,0.8727459059518762
cylindrical,2,6.0279652132096695,b4c,0.6583502309990498,31.98666181288313,mix,4.447638168496143,0.3644900482916256,69.6458727807503,water,1.005684358504923,1.0486394601926392
cylindrical,2,10.37221153904485,b4c,0.8926027968129381,37.474951738224746,mix,4.660749263515124,0.5642720775808236,72.6242103486704,water,1.1334462633017095,1.1744321269352955
cylindrical,2,11.686645911497893,b4c,0.6407335337551013,20.175732046697128,mix,5.806959641663341,0.6401915761562447,70.82140110215616,water,0.8262890402792509,0.8817612529786666
cylindrical,2,11.820509107596711,b4c,0.8201036527941623,30.45518855324096,mix,4.039048906183092,0.670794856423521,69.2679091436444,water,1.055074681065079,1.1013620814742242
cylindrical,2,5.698784952664683,b4c,0.7561858889857777,35.67876817436412,mix,6.387556110918648,0.6416415007994926,70.03296214560787,water,1.2580556454230396,1.2909835652451305
cylindrical,2,7.373406242834506,b4c,0.5987980734250733,22.116968855265288,mix,6.184896604656453,0.4188698245900594,64.09838871098789,water,0.9387482918885668,1.0040684224221221
cylindrical,2,10.22311086087229,b4c,0.5206437460073483,21.212223322109168,mix,9.686966132476478,0.571176767417009,50.936438169293325,water,0.9676535166242288,1.0371315463678414
cylindrical,2,5.333001540567218,b4c,0.5178016657738334,29.683473576060532,mix,7.622146233400808,0.4151642097167647,62.89704455294013,water,1.099075954800553,1.1455641799146177
cylindrical,2,9.710764395690362,b4c,0.6022033182183595,43.46332604998,mix,2.374622784232276,0.501476488889775,69.45301871059876,water,1.04684360160338,1.0713608540328303
cylindrical,2,4.673190990026575,b4c,0.6962779199916564,28.29366946368572,mix,7.552752078588685,0.6906274931071803,75.28384371422564,water,1.245224020510483,1.2826920358297909
cylindrical,2,7.93008499885037,b4c,0.9563357426003922,31.028255512848844,mix,5.891568077425024,0.3910915658868419,75.75620438192746,water,1.0221386862575847,1.0699746860081694
cylindrical,2,4.012317532524767,b4c,0.5703760966133901,44.13844886090608,mix,5.22978215465178,0.6241413571019961,56.21094033983835,water,1.2858741824699087,1.3098291342129853
cylindrical,2,9.178038246628695,b4c,0.9436654862424566,39.12026246959378,mix,9.46124910867628,0.462888046205111,66.16654778578639,water,1.1837696616955815,1.221418883243862
cylindrical,2,4.635166770999172,b4c,0.8889159928479413,24.54780832764585,mix,8.836847657576513,0.4366093073330396,79.95439466502836,water,1.0720327916765209,1.1138316653386195
cylindrical,2,11.031991749165886,b4c,0.6382098335330453,33.02069170763592,mix,8.771044093813952,0.5067698472674057,60.05113461758393,water,1.1283701208536776,1.1756444323968667
cylindrical,2,10.823195442814598,b4c,0.8705812073518816,35.439424447531024,mix,3.159038724107174,0.4782758345911096,62.80078697952214,water,1.0027378981686528,1.0408847535016164
cylindrical,2,9.773815954839002,b4c,0.8950088507711078,20.50885563181681,mix,8.728549440668136,0.4523315696094939,62.061396504276175,water,0.8785603843844378,0.9231721401452496
cylindrical,2,8.44096456441828,b4c,0.9703159393979524,20.84535119466282,mix,5.624204074212292,0.6529535119515938,78.04151244626897,water,0.9524283559791376,1.0342236186331213
cylindrical,2,4.311426442954343,b4c,0.5016778310471476,42.15498100833904,mix,5.990698297977231,0.6226885358436242,77.74006110298788,water,1.2910712798841786,1.3203495703411
cylindrical,2,7.05973033636121,b4c,0.9374687074045608,42.06412277657581,mix,6.251188285617252,0.526855654143578,67.54534984127062,water,1.2128779583320688,1.2429040914002552
cylindrical,2,4.202051281412625,b4c,0.6669337352181958,40.45039451707049,mix,9.712189469968852,0.6784246743863971,75.06862479223113,water,1.3669133411747687,1.3948559732822594
cylindrical,2,10.299463824497549,b4c,0.8278526022024859,22.87380266128172,mix,4.555714107199126,0.5462805344554693,72.002686969572,water,0.8915616830119346,0.964583003411545
cylindrical,2,7.321170656792503,b4c,0.8666064319181946,35.968124619909005,mix,4.770011187947297,0.4181831749576673,65.15043676945355,water,1.065404594317766,1.1058432353367633
cylindrical,2,8.410306339134435,b4c,0.9214378900680826,41.450938027746815,mix,6.879605721217504,0.5492170134717191,73.30979959162572,water,1.2219138485299577,1.2559282209912914
cylindrical,2,8.887306486777,b4c,0.8541844433677042,35.01989336761325,mix,7.74038611327249,0.5797842524258319,78.2096471427567,water,1.200343157077155,1.2392757692068983
cylindrical,2,6.880885327545047,b4c,0.6333297489640417,33.29530681896953,mix,5.659055736878377,0.3413746269508572,65.30653955885863,water,1.028045269403148,1.0665929633864473
cylindrical,2,11.574839387341903,b4c,0.904985659480479,27.76351770313215,mix,2.6609660269320785,0.672528157409652,79.27720951063672,water,0.9275427610421172,0.9844009449527062
cylindrical,2,11.003084414267818,b4c,0.7424770836761492,32.43399463177402,mix,5.183131961700408,0.587936632565794,50.807566624161794,water,1.1019090688790951,1.1477105319049579
cylindrical,2,10.05149428370882,b4c,0.5909235057570241,36.11719774659692,mix,9.183538894497682,0.5941409410284031,60.19604862924975,water,1.2296337902640122,1.2690633088064254
cylindrical,2,4.378327996372426,b4c,0.7042114564418323,30.322496437205366,mix,5.815628641785019,0.5137512703439558,50.01051307143471,water,1.1394529781684164,1.1827022240552296
cylindrical,2,7.869769178179236,b4c,0.8141867073795307,29.985041325176752,mix,8.183562093577976,0.3089548014992362,51.73614905922987,water,1.016031940980917,1.0682706827692678
cylindrical,2,10.37931694477958,b4c,0.980461278170208,24.92376062271934,mix,2.316118513353101,0.5157518436380824,79.16000086233242,water,0.8136326660726826,0.8816225336436924
cylindrical,2,10.421373054609496,b4c,0.6576323127628674,44.83293127814602,mix,2.871656018611649,0.503730376241283,73.38990085789551,water,1.0823989428904293,1.1159501642804444
