sample_idx,split,keff
2,train,1.1756339073181152
3,train,1.1073240041732788
7,train,1.0937281847000122
8,train,1.0414915084838867
9,train,0.9729059934616088
10,train,1.076271891593933
11,train,0.9856262803077698
13,train,0.94515860080719
19,train,1.1606416702270508
20,train,1.1674213409423828
21,train,1.1908661127090454
22,train,0.8609520196914673
23,train,1.135567307472229
24,train,1.145209550857544
27,train,1.187244176864624
32,train,1.1228516101837158
33,train,1.055964112281799
34,train,1.120625376701355
36,train,1.1983126401901243
37,train,1.0449081659317017
38,train,1.1243058443069458
39,train,1.1857542991638184
41,train,1.1370335817337036
42,train,1.0367741584777832
43,train,1.116116285324097
45,train,1.1671111583709717
51,train,0.8324836492538452
53,train,1.168148159980774
58,train,1.0509825944900513
60,train,1.1565271615982056
61,train,0.8223119378089905
63,train,1.1442241668701172
65,train,0.894767701625824
66,train,1.0515011548995972
72,train,1.0849318504333496
73,train,1.084606647491455
74,train,0.96442973613739
75,train,1.0341804027557373
79,train,1.0004249811172483
85,train,0.8357122540473938
87,train,0.8408185243606567
89,train,1.1456607580184937
90,train,0.8837169408798218
91,train,1.051199436187744
92,train,0.9813412427902222
93,train,0.999293565750122
94,train,1.1789482831954956
96,train,1.0668892860412598
97,train,1.0529991388320925
102,train,1.0276049375534058
103,train,0.8527590036392212
104,train,1.039001226425171
105,train,1.1596208810806274
106,train,0.9249759912490844
107,train,1.1789146661758425
110,train,1.0369185209274292
112,train,0.8812525272369385
113,train,0.932956337928772
114,train,1.178746223449707
115,train,1.1159605979919434
116,train,0.959752082824707
119,train,0.9605359435081482
125,train,1.0187807083129885
126,train,1.0295010805130005
127,train,1.0150269269943235
130,train,1.184257984161377
133,train,0.9673752188682556
135,train,1.114526629447937
137,train,1.0013710260391235
138,train,1.1325092315673828
139,train,1.008793592453003
140,train,1.194910764694214
145,train,0.8876235485076904
151,train,0.8296276926994324
152,train,1.1082957983016968
155,train,1.0895973443984983
157,train,1.023459792137146
158,train,1.0533164739608765
159,train,0.8538681864738464
164,train,0.9452089667320251
166,train,0.8809341192245483
170,train,0.9788416624069214
173,train,0.8320742845535278
175,train,1.1787289381027222
176,train,0.8790859580039978
182,train,1.1182805299758911
183,train,1.159886121749878
189,train,0.9684229493141174
190,train,0.8682941794395447
191,train,1.0455576181411743
193,train,1.198206067085266
195,train,1.1761318445205688
200,train,1.044926643371582
202,train,0.9783180952072144
206,train,1.0831985473632812
208,train,1.083054780960083
209,train,1.0236859321594238
210,train,1.118909478187561
212,train,1.1054579019546509
214,train,1.178619384765625
215,train,0.99428790807724
216,train,1.163932204246521
217,train,1.017875075340271
218,train,1.1310155391693115
220,train,1.1396934986114502
224,train,0.8992703557014465
225,train,0.8721044659614563
230,train,1.108922839164734
231,train,0.8436384201049805
232,train,1.1203961372375488
236,train,1.145925521850586
241,train,0.8699372410774231
244,train,0.8993416428565979
246,train,1.0318257808685305
250,train,1.0796982049942017
251,train,0.997136116027832
252,train,0.9263471364974976
253,train,0.9885268807411194
254,train,1.128671646118164
255,train,1.0290828943252563
256,train,1.18174409866333
257,train,1.0293890237808228
258,train,1.0073920488357544
266,train,1.1625622510910034
270,train,0.9159365892410278
271,train,1.140437364578247
274,train,0.896419107913971
277,train,1.0160280466079712
278,train,1.1378620862960815
279,train,0.9797646403312684
285,train,1.1137261390686035
286,train,1.1071659326553345
296,train,0.8893979787826538
298,train,0.9723708033561708
299,train,1.1872614622116089
302,train,1.1111809015274048
303,train,1.0125043392181396
306,train,1.1360257863998413
307,train,1.0301291942596436
308,train,1.1348178386688232
309,train,0.991669774055481
311,train,1.1028062105178833
314,train,1.101986289024353
316,train,1.0721256732940674
317,train,1.1123930215835571
320,train,0.9897672533988952
322,train,1.171884298324585
325,train,1.1798303127288818
327,train,1.0428571701049805
328,train,1.1738039255142212
335,train,1.1296801567077637
339,train,0.9762997031211852
342,train,1.1278424263000488
343,train,0.9103737473487854
345,train,0.9037090539932252
347,train,0.9421377182006836
349,train,1.1996384859085083
350,train,0.9407004117965698
352,train,0.856703519821167
353,train,0.924191415309906
355,train,0.921090006828308
356,train,1.1699779033660889
359,train,1.167588710784912
360,train,1.0965712070465088
367,train,0.8322250843048096
370,train,1.099799633026123
371,train,1.161802053451538
374,train,1.1034345626831057
376,train,0.8600093722343445
377,train,1.139098048210144
379,train,1.0230895280838013
380,train,1.0912518501281738
382,train,1.1491702795028689
384,train,0.8413827419281006
385,train,1.0624855756759644
386,train,1.0550388097763062
387,train,1.1511253118515017
388,train,0.9242543578147888
389,train,1.042690396308899
390,train,0.9947423338890076
394,train,1.075787901878357
398,train,1.1318577527999878
401,train,0.9211872816085817
403,train,0.811969518661499
405,train,0.9792274832725524
406,train,1.0286266803741455
409,train,1.11603844165802
410,train,1.133092999458313
411,train,1.1779838800430298
415,train,1.0067919492721558
419,train,0.9706443548202516
421,train,1.1465762853622437
422,train,1.137428879737854
423,train,1.1547154188156128
425,train,1.075930953025818
426,train,0.958696722984314
428,train,1.0946044921875
430,train,0.9892875552177428
437,train,1.053661584854126
438,train,1.0058555603027344
441,train,0.8962228894233704
442,train,1.048101544380188
445,train,1.041719913482666
448,train,1.0125116109848022
450,train,0.908401608467102
451,train,1.1592415571212769
452,train,1.1089129447937012
454,train,1.1382625102996826
457,train,1.0333763360977173
458,train,1.0837700366973877
459,train,0.8784728050231934
462,train,1.1421676874160769
465,train,1.0341873168945312
466,train,1.0556025505065918
467,train,1.160183668136597
468,train,0.8815056085586548
474,train,1.043190360069275
481,train,0.9692119359970092
482,train,1.1001365184783936
484,train,1.1158561706542969
488,train,0.9809510707855223
489,train,1.0303820371627808
492,train,1.1921042203903198
493,train,1.0603352785110474
494,train,0.908061385154724
495,train,1.0765068531036377
496,train,0.8981524109840393
501,train,1.0197710990905762
503,train,1.167597413063049
506,train,0.9479076862335204
510,train,1.1821458339691162
512,train,1.132697343826294
514,train,1.1398106813430786
515,train,1.0369620323181152
516,train,1.151072382926941
518,train,1.1498082876205444
519,train,1.0913981199264526
521,train,1.127879023551941
526,train,1.1017643213272097
529,train,0.9294209480285645
530,train,0.980592668056488
531,train,1.0200729370117188
532,train,0.9097679257392884
537,train,0.899117648601532
539,train,1.1629412174224854
540,train,0.8676019906997681
541,train,0.9334186911582948
542,train,1.1389822959899902
545,train,0.9933249354362488
547,train,1.1848174333572388
548,train,1.0981652736663818
550,train,1.0997257232666016
552,train,0.9603838920593262
553,train,1.108491063117981
558,train,1.068827748298645
561,train,1.0006086826324463
564,train,1.1302989721298218
566,train,0.990135669708252
569,train,1.140983819961548
570,train,0.8617132306098938
573,train,1.1202621459960938
576,train,0.8361221551895142
579,train,1.1437339782714844
580,train,0.971518099308014
581,train,1.0848745107650757
584,train,1.0858087539672852
585,train,1.0511462688446045
586,train,1.0953558683395386
588,train,0.9982609152793884
589,train,1.1752938032150269
594,train,0.8928351998329163
597,train,0.920912265777588
598,train,1.0742207765579224
600,train,0.8622050881385803
601,train,1.0822218656539917
603,train,1.1471740007400513
605,train,1.1549952030181885
607,train,0.97726708650589
608,train,1.1359519958496094
612,train,1.096426010131836
618,train,1.1683082580566406
619,train,1.1241470575332642
623,train,0.96561199426651
624,train,1.0432478189468384
633,train,1.08101224899292
635,train,1.051236629486084
639,train,1.161365628242493
640,train,1.1418392658233645
642,train,0.8096678256988525
643,train,0.9834906458854676
648,train,0.9853225946426392
650,train,1.149060606956482
651,train,1.023025393486023
652,train,1.0087953805923462
656,train,1.1456010341644287
660,train,0.914804995059967
661,train,1.199660062789917
662,train,1.1045105457305908
665,train,1.0358057022094729
667,train,1.111979365348816
669,train,1.1592940092086792
670,train,0.9830664992332458
678,train,1.0878899097442627
681,train,1.040796160697937
684,train,1.0885589122772217
686,train,0.9964524507522584
687,train,0.9053896069526672
688,train,1.165190815925598
689,train,0.9990898370742798
691,train,0.998062551021576
694,train,1.0914024114608765
696,train,0.993855893611908
698,train,0.9408500790596008
699,train,0.9577199220657348
700,train,1.093984603881836
701,train,0.9015160202980042
702,train,1.1068967580795288
703,train,1.14854097366333
704,train,0.8661361932754517
705,train,1.0874649286270142
707,train,1.0947717428207395
709,train,0.8425266742706299
717,train,1.0037339925765991
718,train,1.123645305633545
722,train,1.0712683200836182
723,train,1.097485899925232
725,train,0.8767346143722534
726,train,1.121960997581482
730,train,1.017528414726257
731,train,1.1632651090621948
732,train,1.0140918493270874
733,train,1.0903550386428833
734,train,1.1675885915756226
741,train,1.1171034574508667
743,train,1.086600661277771
744,train,0.969387412071228
745,train,1.139417290687561
750,train,1.1647512912750244
751,train,0.8204420208930969
752,train,1.0056843757629397
754,train,1.0990759134292605
758,train,1.0280452966690063
760,train,1.0160319805145264
763,train,1.037685751914978
764,train,0.9696030616760254
765,train,0.9141694903373718
766,train,1.0151052474975586
769,train,0.9550589323043824
771,train,1.1204864978790283
772,train,1.0196090936660769
773,train,1.0328121185302734
774,train,0.9695125818252563
777,train,1.0665645599365234
783,train,1.1012989282608032
784,train,1.056248426437378
785,train,1.0835834741592407
786,train,1.053852081298828
787,train,0.9934310913085938
789,train,1.0944730043411257
790,train,1.061847686767578
792,train,0.9831865429878236
794,train,1.032692790031433
797,train,1.031198024749756
801,train,0.9469842314720154
802,train,0.8811304569244385
807,train,1.045162558555603
812,train,1.001901626586914
813,train,0.8121395707130432
814,train,1.0546382665634155
817,train,1.1944847106933594
820,train,1.1569924354553225
821,train,1.147157073020935
822,train,1.1936984062194824
823,train,0.8342551589012146
824,train,1.060528039932251
827,train,1.0016683340072632
828,train,0.9817855954170228
829,train,0.857513964176178
834,train,1.190888285636902
839,train,1.165709376335144
841,train,0.806153416633606
843,train,0.9001660943031311
844,train,0.8003337979316711
845,train,1.1568970680236816
847,train,1.0804996490478516
848,train,1.1559369564056396
849,train,1.0161503553390503
851,train,0.9152681827545166
857,train,1.146626591682434
859,train,0.9057970643043518
860,train,1.1233774423599243
862,train,0.988858699798584
863,train,1.0088908672332764
865,train,0.835347056388855
866,train,0.9789218306541444
867,train,0.9450373649597168
869,train,0.9660447239875792
873,train,0.887640118598938
874,train,1.1134941577911377
876,train,0.8223634958267212
878,train,1.0320600271224976
881,train,1.1073377132415771
884,train,1.1782642602920532
885,train,0.8408291339874268
886,train,0.968044638633728
887,train,1.1098229885101318
888,train,0.9309484362602234
890,train,1.0598810911178589
891,train,0.9507599472999572
892,train,0.8109055757522583
893,train,1.0866695642471311
894,train,1.1017545461654663
896,train,1.096216082572937
898,train,1.0391745567321775
899,train,0.9505754113197328
903,train,1.1450716257095337
904,train,1.004406213760376
905,train,0.863900899887085
906,train,1.0161985158920288
907,train,1.1089109182357788
908,train,0.8807774782180786
910,train,1.1013906002044678
911,train,1.1390726566314695
912,train,1.0800817012786863
915,train,1.042719841003418
916,train,0.9646432995796204
918,train,0.94699627161026
919,train,0.9592717885971068
920,train,1.0574517250061035
922,train,1.0625818967819214
927,train,1.1400623321533203
929,train,1.1426441669464111
934,train,1.04674232006073
935,train,1.0228976011276243
939,train,0.9231923818588256
940,train,1.165743112564087
942,train,0.8218211531639099
944,train,0.8385975956916809
945,train,0.944082260131836
948,train,1.1582789421081543
951,train,1.0834118127822876
952,train,0.921594500541687
953,train,0.8467796444892883
956,train,0.9792117476463318
958,train,1.0038700103759766
959,train,1.0708993673324585
960,train,0.983684539794922
962,train,0.8890393376350403
966,train,0.8375205397605896
969,train,1.1982810497283936
970,train,1.1393052339553833
971,train,1.1628721952438354
972,train,0.9695839881896972
973,train,0.9173969030380248
976,train,1.0562444925308228
983,train,1.1348202228546145
990,train,1.1773653030395508
997,train,0.9323182106018066
998,train,0.8392388820648193
1001,train,1.071991205215454
1002,train,0.9505765438079834
1003,train,1.142615795135498
1013,train,0.8190915584564209
1015,train,0.9826546907424928
1016,train,0.8628603219985962
1017,train,0.9630493521690368
1019,train,0.8492369651794434
1022,train,0.8419727087020874
1025,train,0.9521117210388184
1026,train,0.9605406522750854
1027,train,0.990147054195404
1028,train,0.9400281310081482
1029,train,0.9434038400650024
1030,train,0.885344386100769
1031,train,0.8974592685699463
1036,train,0.8913885951042175
1039,train,0.9425851702690125
1042,train,0.9530426263809204
1043,train,0.8227062821388245
1044,train,0.9224134683609008
1045,train,0.8497411608695984
1046,train,0.8783905506134033
1048,train,0.9808908104896544
1049,train,0.992320716381073
1050,train,0.9945093393325806
1054,train,0.8487750887870789
1055,train,0.9953678250312804
1057,train,0.8153609037399292
1059,train,0.9281718730926514
1060,train,0.9404990673065186
1061,train,0.93752521276474
1062,train,0.9340043067932128
1063,train,0.8956155776977539
1066,train,0.955146312713623
1067,train,1.0464050769805908
1068,train,0.8794628381729126
1071,train,0.8254691362380981
1074,train,1.0374687910079956
1077,train,0.902535080909729
1081,train,0.8365973830223083
12,val,1.155064821243286
17,val,1.1541872024536133
47,val,0.9041615128517152
82,val,1.0697654485702517
128,val,0.8774686455726624
129,val,1.181668043136597
131,val,1.1559762954711914
156,val,1.1815015077590942
162,val,0.8774256110191345
172,val,1.0592440366744995
179,val,1.1692116260528564
196,val,1.0192146301269531
199,val,0.8094989061355591
262,val,1.1198502779006958
268,val,1.168203830718994
275,val,1.0031956434249878
297,val,0.8478860855102539
301,val,0.9262113571166992
319,val,1.1563106775283811
324,val,1.1822330951690674
336,val,0.8124786615371704
344,val,0.9633781909942628
346,val,0.950714945793152
357,val,0.9721438884735109
378,val,0.9309915900230408
400,val,1.1832051277160645
412,val,1.1916029453277588
429,val,1.056456208229065
436,val,1.1514396667480469
472,val,0.9986258149147034
487,val,1.1268575191497805
498,val,1.116689920425415
513,val,0.9030238389968872
520,val,1.1506571769714355
533,val,1.1997865438461304
546,val,0.9607025980949402
551,val,1.039630889892578
563,val,1.0382283926010132
568,val,1.0890177488327026
571,val,0.9179421663284302
583,val,1.1753036975860596
590,val,0.858275294303894
591,val,1.149375557899475
596,val,1.131329894065857
611,val,0.9914478659629822
627,val,1.105291724205017
628,val,0.9014257788658142
634,val,1.1475839614868164
637,val,0.8535469174385071
644,val,1.1856743097305298
655,val,1.1272320747375488
672,val,0.973787486553192
675,val,1.0233454704284668
677,val,0.9718940258026124
695,val,1.0903064012527466
711,val,1.0916064977645874
712,val,0.9306164383888244
713,val,1.1169127225875854
721,val,1.067682862281799
727,val,1.0514997243881226
737,val,1.1038542985916138
742,val,1.0441478490829468
755,val,1.0221387147903442
759,val,1.1394529342651367
778,val,1.0798205137252808
780,val,1.0110808610916138
788,val,1.0221775770187378
800,val,1.0894215106964111
803,val,0.901541829109192
808,val,1.026506781578064
811,val,1.0089017152786257
826,val,1.1335415840148926
835,val,0.9090198278427124
838,val,1.05006742477417
842,val,1.0699628591537476
846,val,1.0867502689361572
850,val,0.9315584301948548
852,val,1.0417637825012207
870,val,0.9748483896255492
871,val,0.9888514280319214
880,val,0.9480280876159668
895,val,1.1196995973587036
925,val,1.0798842906951904
931,val,1.0550447702407837
946,val,0.9852315783500672
947,val,1.0460119247436523
955,val,1.1377074718475342
968,val,1.102051854133606
985,val,0.9619789719581604
987,val,1.1317328214645386
989,val,1.1630325317382812
1004,val,0.8818258047103882
1018,val,0.8285161256790161
1023,val,0.8655887842178345
1037,val,0.9383608102798462
1040,val,0.8203170299530029
1064,val,0.950728178024292
1065,val,0.8050942420959473
1069,val,0.9884936809539796
1076,val,0.810650110244751
6,test,0.9393932819366456
14,test,1.100526213645935
26,test,0.987080454826355
29,test,0.9363503456115724
49,test,0.9094737768173218
50,test,1.1310571432113647
62,test,1.082798957824707
68,test,0.8524656295776367
69,test,1.1482999324798584
76,test,1.0420526266098022
77,test,1.188590407371521
83,test,1.1379342079162598
86,test,1.148544192314148
118,test,1.1728407144546509
141,test,0.9095526337623596
161,test,0.9838698506355286
165,test,1.0188255310058594
178,test,1.0807090997695925
185,test,1.0415215492248535
205,test,1.182176113128662
207,test,1.1066299676895142
247,test,0.9207391142845154
249,test,1.11531400680542
263,test,1.0405640602111816
281,test,0.9832318425178528
289,test,1.1079963445663452
294,test,0.970622420310974
310,test,0.8434128165245056
313,test,1.1605076789855957
315,test,0.8062155842781067
323,test,1.1594473123550415
329,test,1.0605077743530271
341,test,1.0527989864349363
348,test,1.1600466966629028
354,test,0.8079341650009155
361,test,1.1843466758728027
363,test,1.156065583229065
364,test,0.8242651224136353
366,test,0.937175452709198
369,test,0.8966331481933594
392,test,1.055870771408081
393,test,0.9899019002914428
402,test,1.0238893032073977
414,test,1.0324093103408811
431,test,1.0593211650848389
439,test,1.1785203218460083
464,test,0.9726659059524536
470,test,1.1259933710098269
475,test,1.1035679578781128
500,test,0.8584555387496948
502,test,0.9188398718833924
507,test,1.1830511093139648
522,test,0.9004737734794617
577,test,1.0460041761398315
595,test,1.1445177793502808
614,test,1.1448211669921875
615,test,0.9709830284118652
666,test,1.1100975275039673
683,test,1.116099238395691
706,test,1.0497355461120603
714,test,1.122183084487915
720,test,0.981567919254303
736,test,1.058573603630066
749,test,0.8581357002258301
762,test,0.995416522026062
775,test,0.9411537647247314
776,test,1.0995622873306274
799,test,1.0137795209884644
804,test,1.083429217338562
809,test,0.9929107427597046
815,test,0.9014533758163452
819,test,0.9367626309394836
825,test,1.0160001516342163
830,test,0.817452609539032
832,test,1.119470715522766
833,test,1.0764049291610718
837,test,1.1704708337783811
840,test,1.183632254600525
864,test,1.1901850700378418
872,test,1.0423747301101685
897,test,0.9765055179595948
900,test,0.93181312084198
936,test,1.1369093656539917
954,test,1.0336520671844482
957,test,1.0843720436096191
963,test,0.8941073417663574
977,test,1.1573539972305298
979,test,1.1987535953521729
981,test,1.0808439254760742
994,test,1.0765478610992432
999,test,1.157101273536682
1000,test,1.1026538610458374
1014,test,0.8070041537284851
1020,test,0.8863534927368164
1034,test,0.9386297464370728
1052,test,0.9269647598266602
1056,test,0.9008695483207704
1070,test,1.0511924028396606
1075,test,0.8631234169006348
1080,test,0.9716423749923706
