experiment,last_epoch,val_mae_k,train_mae_k,val_mean_pcm
v10_oldloss,70,0.0055168050527572,0.0038725289702415,579.5451508169799
v10_wloss,70,0.0059149074554443,0.0045076712965965,593.7710783789355
v10_wsmaller,70,0.0056181275844573,0.0043621003627777,575.1817575635279
v4_phi_2layers,100,0.0069229900836944,0.0037355622649192,705.2922425529827
v4_phi_3layers,100,0.0065191251039505,0.003842287659645,645.1572751641834
v4_phi_adamw,100,0.0065975910425186,0.0016373024880886,686.4666062001
v4_phi_corr,100,0.0066308814287185,0.0018227094411849,689.8253347040918
v4_phi_dropout,100,0.0080154556035995,0.004909534305334,818.5205308897955
v4_phifeat,100,0.0062996923923492,0.0015333722531795,653.7083050853779
v5_biggestDS,120,0.0060725581645965,0.0018078973144292,722.0640870751217
v5_cleanDS,70,0.0091983966529369,0.0019890736043453,1000.7483770525444
v5_newdata,120,0.008733981847763,0.0015394523739814,990.5371439250656
v6_L2penalty,100,0.0076250877976417,0.002729949131608,748.0285243336352
v6_bigNN_htc,150,0.0097401300072669,0.0018129172176122,953.175570562036
v6_layers,100,0.0062420314550399,0.0040450490266084,650.172141146301
v6_ste,100,0.005442019701004,0.0026897490024566,575.6127211054974
v7_116,120,0.0063296654820442,0.0031064488738775,656.6852970526443
v7_121,120,0.0052161100506782,0.0011011749505996,547.4095151695449
v7_batch25,120,0.0054559561610221,0.0027670277655124,561.1271379686718
v7_batch50,120,0.0066668030619621,0.0035525216907262,716.9351858469931
v7_clip,120,0.0068470215797424,0.0064578097779303,721.696899110662
v7_mask,22,0.0106570553779602,0.0124771622195839,1118.900037481969
v8_616,120,0.0065098890662193,0.0053924135118722,665.6026294120348
v8_NNarch,120,0.0059583163261413,0.0044420464336872,603.4877414398654
v8_bigbatch,120,0.0070150661468505,0.0065031518787145,726.3351591901342
v8_newpoly,21,0.0316636961698532,0.0212576981633901,3112.863262493966
v8_phifixed,120,0.0053274051139229,0.003400193452835,555.8807955584367
v8_things,120,0.0063595902919769,0.0045330696552991,655.8920539237272
v9_base500,50,0.006903925538063,0.0063149312138557,699.0682155448993
v9_changeinit,50,0.0055881112813949,0.0051953528821468,571.6870303763734
v9_deltarho,50,0.0065793257951736,0.0060233035683631,667.0979372363115
v9_huberloss,120,0.0054763370752334,0.0041194625943899,564.2676210194147
v9_nopenalty,60,0.3636420047283172,0.2300925607234239,22493.80529824057
