sample_idx,split,keff
9,train,1.076271891593933
12,train,0.9451586008071899
14,train,0.9841092824935913
17,train,0.8323346376419067
38,train,1.0367741584777832
43,train,1.1461673974990845
44,train,0.9094737768173218
52,train,1.0509825944900513
74,train,1.1935075521469116
78,train,1.150862216949463
86,train,1.0668892860412598
88,train,1.15415620803833
113,train,1.0295010805130005
118,train,1.1559762954711914
121,train,1.131840467453003
124,train,1.0013710260391235
126,train,1.008793592453003
135,train,1.023565411567688
136,train,0.8296276926994324
141,train,1.0533164739608765
144,train,1.190505027770996
147,train,0.8809341192245483
153,train,1.0592440366744995
159,train,1.0807090997695923
160,train,0.9447919130325317
170,train,1.0455576181411743
175,train,1.1024360656738281
179,train,1.0642770528793335
184,train,1.0831985473632812
186,train,1.083054780960083
194,train,1.017875075340271
200,train,0.8992703557014465
226,train,0.9885268807411194
237,train,0.8026927709579468
252,train,1.031967043876648
262,train,0.9706224203109741
288,train,1.1594473123550415
290,train,1.1798303127288818
297,train,0.9349963665008545
300,train,1.1296801567077637
305,train,1.035102128982544
313,train,1.1600466966629028
319,train,0.8079341650009155
328,train,1.156065583229065
339,train,1.139098048210144
340,train,0.9309915900230408
351,train,1.075787901878357
352,train,1.1496224403381348
353,train,1.1059144735336304
366,train,1.1916029453277588
368,train,1.0324093103408813
369,train,1.0067919492721558
373,train,1.0949851274490356
390,train,1.1785203218460083
394,train,0.8802335262298584
398,train,1.0125116109848022
403,train,1.0492640733718872
411,train,1.1421676874160767
434,train,1.1921042203903198
436,train,0.9080613851547241
452,train,1.1398106813430786
461,train,1.1927268505096436
463,train,1.132849931716919
493,train,0.9635873436927795
498,train,1.0890177488327026
502,train,0.8521313667297363
503,train,1.072383999824524
509,train,1.0622731447219849
510,train,1.1753036975860596
512,train,1.0511462688446045
514,train,0.9404473900794983
515,train,0.9982609152793884
522,train,1.1445177793502808
536,train,0.9914478659629822
571,train,1.0514997243881226
584,train,0.9696030616760254
620,train,1.0546382665634155
632,train,0.9817855954170227
642,train,1.183632254600525
647,train,1.0804996490478516
650,train,0.9315584301948547
665,train,0.9450373649597168
667,train,0.9660447239875793
675,train,1.1551377773284912
682,train,1.1098229885101318
695,train,1.1089109182357788
707,train,1.0574517250061035
714,train,1.1426441669464111
724,train,0.8218211531639099
731,train,1.070373773574829
739,train,1.0843720436096191
740,train,1.0038700103759766
742,train,0.9836845397949219
751,train,1.1393052339553833
752,train,1.1628721952438354
763,train,0.9619789719581604
764,train,0.9431749582290649
769,train,0.8285948634147644
777,train,1.142615795135498
780,train,1.1648200750350952
794,train,0.990147054195404
804,train,0.8499941825866699
811,train,0.8497411608695984
814,train,0.992320716381073
815,train,0.9945093393325806
822,train,0.93752521276474
830,train,0.8254691362380981
831,train,0.8893767595291138
834,train,0.810650110244751
835,train,0.902535080909729
840,train,1.1326003074645996
843,train,1.1556594371795654
851,train,1.1169886589050293
858,train,1.145925521850586
863,train,0.9897672533988953
871,train,1.055870771408081
875,train,1.132849931716919
877,train,1.108491063117981
881,train,1.1944847106933594
889,train,1.1597408056259155
900,train,0.9146113395690918
902,train,1.0492054224014282
917,train,0.854758083820343
923,train,1.1140896081924438
937,train,0.8762950301170349
961,train,0.8798118829727173
963,train,0.8878814578056335
989,train,1.076137900352478
1000,train,1.0661373138427734
1004,train,0.8956774473190308
1005,train,1.0922276973724365
1024,train,1.0900050401687622
1026,train,1.1491055488586426
1029,train,0.831712007522583
1045,train,1.0305383205413818
1046,train,1.196134328842163
1062,train,1.0136293172836304
1067,train,1.1895015239715576
1076,train,1.159615159034729
1083,train,0.8865070939064026
1115,train,0.9962594509124756
1123,train,0.9263474941253662
1128,train,0.990030825138092
1129,train,1.0309996604919434
1131,train,1.0927101373672485
1132,train,0.9742406606674194
1133,train,1.0759410858154297
1138,train,0.9794577956199646
1141,train,1.0954574346542358
1148,train,1.0175459384918213
1162,train,0.9013292789459229
1168,train,1.187837839126587
1172,train,1.0671241283416748
1176,train,1.1552276611328125
1189,train,1.1248856782913208
1193,train,0.9891148209571838
1196,train,1.1816641092300415
1204,train,0.9572054147720337
1206,train,0.9913905262947083
1208,train,0.9657298922538757
1211,train,0.9724686741828918
1223,train,1.0362187623977661
1228,train,1.1739014387130737
1245,train,1.1635082960128784
1247,train,1.1110289096832275
1252,train,1.1761958599090576
1261,train,1.1335190534591675
1270,train,1.1240628957748413
1273,train,1.1057623624801636
1275,train,1.1343846321105957
1278,train,1.1355153322219849
1292,train,1.1266571283340454
1295,train,0.9576545357704163
1302,train,1.0259966850280762
1304,train,1.155845046043396
1308,train,0.9893936514854431
1314,train,0.9720862507820129
1315,train,1.1494272947311401
1322,train,1.1019607782363892
1325,train,0.9549536108970642
1326,train,1.168634057044983
1330,train,0.9326463341712952
1339,train,0.919944167137146
1340,train,1.1361421346664429
1351,train,1.1040971279144287
1357,train,1.0067273378372192
1364,train,1.0453020334243774
1368,train,1.0469801425933838
1391,train,1.0148005485534668
1410,train,0.973061203956604
1414,train,1.123375415802002
1424,train,1.0901556015014648
1425,train,1.0633758306503296
1426,train,0.9767643213272095
1430,train,1.1537009477615356
1437,train,1.178086280822754
1446,train,1.0472103357315063
1451,train,1.0505410432815552
1453,train,1.1629163026809692
1455,train,1.0169349908828735
1471,train,0.9508760571479797
1473,train,1.1790244579315186
1481,train,1.0618016719818115
1486,train,1.0788246393203735
1489,train,0.952383279800415
1496,train,1.1324373483657837
1502,train,1.1822259426116943
1508,train,1.0117504596710205
1511,train,1.0547655820846558
1529,train,1.1336485147476196
1551,train,0.9688020944595337
1558,train,0.9966727495193481
1562,train,1.066434621810913
1564,train,0.9615543484687805
1565,train,1.1043217182159424
1578,train,0.9154486656188965
1588,train,0.9530268311500549
1598,train,1.1584103107452393
1609,train,1.0087074041366577
1612,train,1.0342494249343872
1623,train,1.012851595878601
1627,train,1.0777961015701294
1630,train,1.1569844484329224
1636,train,1.0103867053985596
1650,train,0.8107126355171204
1662,train,0.9844183921813965
1665,train,1.0745590925216675
1674,train,0.9724295139312744
1677,train,0.9701921343803406
1679,train,0.9561293721199036
1684,train,0.9800961017608643
1694,train,1.0862820148468018
1698,train,1.1627827882766724
1701,train,1.0679200887680054
1717,train,1.1558167934417725
1743,train,1.1747101545333862
1748,train,1.0366013050079346
1766,train,1.0662260055541992
1768,train,0.9648597240447998
1788,train,1.1738768815994263
1809,train,1.1040018796920776
1813,train,1.0655378103256226
1819,train,0.9048813581466675
1821,train,1.1077178716659546
1840,train,1.1791905164718628
1844,train,0.8892425298690796
1849,train,1.0276950597763062
1853,train,1.198874831199646
1872,train,1.09577214717865
1886,train,1.1450306177139282
26,val,1.0681540966033936
37,val,1.1370335817337036
48,val,1.168148159980774
77,val,0.8408185243606567
82,val,0.9813412427902222
92,val,0.8527590036392212
93,val,1.039001226425171
97,val,1.0851773023605347
100,val,0.8812525272369385
105,val,0.8884915113449097
119,val,1.0030522346496582
142,val,0.8538681864738464
183,val,1.182176113128662
215,val,0.8699372410774231
231,val,1.1924161911010742
236,val,1.057157278060913
240,val,1.1682038307189941
241,val,1.0489970445632935
255,val,1.0297834873199463
265,val,0.8478860855102539
314,val,1.1996384859085083
315,val,0.9407004117965698
325,val,1.0965712070465088
363,val,1.11603844165802
364,val,1.133092999458313
375,val,1.137428879737854
386,val,0.8276097774505615
400,val,0.908401608467102
458,val,1.1506571769714355
462,val,1.1924214363098145
495,val,1.1302989721298218
496,val,0.892937183380127
528,val,1.0822218656539917
551,val,1.1100975275039673
553,val,1.0233454704284668
558,val,0.9408500790596008
570,val,1.121960997581482
573,val,1.0903550386428833
574,val,1.1675885915756226
581,val,1.1394529342651367
585,val,0.9141694903373718
589,val,1.0571613311767578
597,val,0.9934310913085938
611,val,1.083429217338562
612,val,1.0488132238388062
617,val,1.0089017152786255
631,val,1.0160001516342163
637,val,1.1908882856369019
640,val,1.1704708337783813
657,val,1.1612398624420166
720,val,0.9317488670349121
753,val,0.9695839881896973
767,val,1.1630325317382812
771,val,1.0765478610992432
797,val,0.885344386100769
832,val,1.0374687910079956
888,val,1.0148868560791016
904,val,1.0785853862762451
920,val,0.9843245148658752
932,val,1.1107404232025146
952,val,0.8838728666305542
958,val,1.0780913829803467
1017,val,1.1017831563949585
1043,val,0.9643572568893433
1075,val,1.1767876148223877
1092,val,1.154099464416504
1106,val,0.9017138481140137
1134,val,1.087315320968628
1152,val,1.080739140510559
1153,val,0.95685213804245
1214,val,0.9537351727485657
1229,val,1.1371420621871948
1249,val,1.190211534500122
1337,val,1.1994314193725586
1348,val,0.9424818158149719
1459,val,1.0169497728347778
1461,val,1.1528937816619873
1463,val,0.9485753178596497
1493,val,1.1885459423065186
1530,val,1.125442624092102
1569,val,0.9325432181358337
1589,val,1.0492522716522217
1618,val,0.8451902270317078
1622,val,0.9770286679267883
1624,val,0.8902623057365417
1638,val,1.0443565845489502
1691,val,1.0884284973144531
1745,val,0.8742705583572388
1761,val,0.9930912256240845
1773,val,1.0898067951202393
1780,val,1.1512374877929688
1783,val,1.1264675855636597
1802,val,0.9454110860824585
1822,val,1.133355736732483
1823,val,1.0671546459197998
1841,val,1.0343475341796875
1854,val,0.98885178565979
1856,val,0.8728001117706299
1873,val,1.1739070415496826
1884,val,1.0321993827819824
10,test,0.9856262803077698
36,test,1.0721944570541382
111,test,1.112423062324524
127,test,1.1949107646942139
140,test,1.023459792137146
162,test,1.1182805299758911
181,test,1.1310155391693115
203,test,1.1316648721694946
212,test,1.0951915979385376
249,test,1.0160280466079712
257,test,0.8936482667922974
267,test,1.1950151920318604
271,test,1.0265768766403198
286,test,1.0124047994613647
322,test,0.9721438884735107
324,test,1.167588710784912
326,test,1.1843466758728027
333,test,1.161802053451538
367,test,0.8707517385482788
387,test,1.0565884113311768
397,test,1.1618130207061768
438,test,0.8981524109840393
440,test,1.1360846757888794
450,test,0.9596982002258301
454,test,1.151072382926941
468,test,1.0200729370117188
470,test,1.1997865438461304
476,test,0.8676019906997681
483,test,1.0981652736663818
520,test,1.173277497291565
527,test,0.8622050881385803
557,test,1.0232632160186768
562,test,1.0947717428207397
566,test,1.123645305633545
627,test,1.147157073020935
645,test,0.8003337979316711
679,test,1.1782642602920532
711,test,1.0798842906951904
712,test,1.1400623321533203
732,test,1.141850233078003
760,test,0.9059602618217468
781,test,0.8852635622024536
796,test,0.9434038400650024
808,test,0.9530426263809204
823,test,0.9340043067932129
857,test,1.1316648721694946
892,test,1.0918084383010864
898,test,1.1560688018798828
928,test,1.188305139541626
942,test,0.9166409969329834
960,test,1.0070353746414185
969,test,0.8359043002128601
973,test,1.0072282552719116
1011,test,0.9287724494934082
1018,test,1.0083911418914795
1064,test,1.1227045059204102
1069,test,1.0510622262954712
1088,test,1.089522123336792
1111,test,1.0735325813293457
1184,test,0.8578839898109436
1201,test,0.8554627299308777
1205,test,1.1992942094802856
1215,test,1.161850929260254
1230,test,1.125100016593933
1244,test,1.1768673658370972
1250,test,0.9416030049324036
1254,test,1.0663620233535767
1257,test,1.0373656749725342
1282,test,0.8424109220504761
1283,test,0.9800961017608643
1290,test,0.990849494934082
1329,test,1.0671216249465942
1347,test,1.0901824235916138
1360,test,0.969812273979187
1366,test,1.1919817924499512
1419,test,1.1552975177764893
1494,test,0.8902284502983093
1504,test,0.9846510291099548
1517,test,1.0612767934799194
1523,test,1.0310429334640503
1576,test,1.0408138036727905
1587,test,1.0751311779022217
1603,test,1.168960452079773
1605,test,0.9451712369918823
1637,test,1.0487470626831055
1645,test,1.0374647378921509
1657,test,0.9332870841026306
1659,test,1.0862820148468018
1692,test,0.9938950538635254
1703,test,0.9825301170349121
1712,test,0.8373557925224304
1721,test,1.1152613162994385
1744,test,1.15348482131958
1764,test,0.836533784866333
1774,test,1.0653386116027832
1781,test,1.109407901763916
1812,test,1.0234931707382202
1865,test,0.9309234023094177
1870,test,0.961544394493103
1876,test,0.9707463383674622
