xs_type,n,n_rel_finite,mean_delta_xs,mean_abs_delta_xs,mean_relative_delta_pct,mean_abs_relative_delta_pct,q05_relative_delta_pct,q25_relative_delta_pct,q50_relative_delta_pct,q75_relative_delta_pct,q95_relative_delta_pct
D1,900.0,900.0,-0.018747019450513932,0.05913366105486513,-2.311572065626662,6.40265912569941,-17.27666065612835,-6.453979112904163,-1.7108392873099307,3.0182115505091955,10.479220480241604
D2,900.0,900.0,0.0042855552564909465,0.022380091953978578,1.5343652499553184,9.39509131495337,-16.352086883793902,-6.965735895154763,1.676964591167663,9.133535360485306,20.834726731579174
Sa1,900.0,900.0,0.0007723491556908911,0.0011945976158241115,2.150171501400864,4.283660251704339,-5.725035512587075,-1.2497194510744338,2.318719664455415,4.258723705124479,11.306990467383052
Sa2,900.0,900.0,0.2482839930533616,0.6802344206756392,3.716481246349169,6.83005426268086,-8.902061951860697,-0.9451376487989924,1.980135851551771,4.530402879493019,26.564683876938762
Ss11,900.0,900.0,-2.483083701000489e-10,7.439579356449677e-09,-7.28237266920264e-08,2.33878602682422e-06,-4.187273917637958e-06,-2.4073962220778483e-06,-1.2383653428619804e-07,2.2960357920234327e-06,4.175690983416753e-06
Ss12,900.0,900.0,0.0002800764254845599,0.0003100325721077626,2.2330434946442064,13.436484991087038,-27.14928906525754,-7.504125477122218,0.057518400782884095,9.714132057241715,39.80594425378713
Ss21,900.0,900.0,-8.819662796385093e-10,1.9969203105417598e-08,-1.3351247407761634e-07,2.202716188552764e-06,-3.993986439375349e-06,-2.3279194976132867e-06,-2.2656278225524315e-07,1.9398342633654557e-06,3.938082070390886e-06
Ss22,900.0,900.0,0.0015294862388681861,0.0029451365631011513,-9.214033702715925,19.072833883140394,-102.66229014711182,-14.573763686056541,-2.276111040388105,3.4846213088172693,26.462061728977847
chi1,900.0,900.0,0.0,0.0,0.0,0.0,0.0,0.0,0.0,0.0,0.0
chi2,900.0,900.0,0.0,0.0,0.0,0.0,0.0,0.0,0.0,0.0,0.0
nSf1,900.0,900.0,-0.0001068976939939093,0.0001069064261290782,-0.7544092127802213,0.754606679036067,-3.053514268213821,-1.778444572222387,0.0,0.0,0.0
nSf2,900.0,900.0,-0.004796304048272724,0.0048164406139299095,-0.8722053652450598,0.8856636106074224,-4.445581388020432,-1.3685142664627872,0.0,0.0,0.0
