dataset,epoch_tag,bin,keff_lo,keff_hi,n_samples,avg_keff,avg_delta_rho_pcm,parameter,pearson_corr,spearman_corr,reliable
train,epoch0,0,0.8003337979316711,0.840292118138504,124,0.8197306290322579,9372.935887096775,r0_b4c_rod_outer_radius,-0.2702539881081883,-0.2660437421449415,True
train,epoch0,0,0.8003337979316711,0.840292118138504,124,0.8197306290322579,9372.935887096775,r0_b4c_rod_cr_fraction,0.14032916060066034,0.10270701514047632,True
train,epoch0,0,0.8003337979316711,0.840292118138504,124,0.8197306290322579,9372.935887096775,r1_fuel_annulus_outer_radius,-0.48611946553831914,-0.4969944925255703,True
train,epoch0,0,0.8003337979316711,0.840292118138504,124,0.8197306290322579,9372.935887096775,r1_fuel_annulus_enrichment,0.36295094191312294,0.42854332908422005,True
train,epoch0,0,0.8003337979316711,0.840292118138504,124,0.8197306290322579,9372.935887096775,r1_fuel_annulus_f_mod,-0.22355770154697924,-0.15236893329327902,True
train,epoch0,0,0.8003337979316711,0.840292118138504,124,0.8197306290322579,9372.935887096775,r2_water_outer_radius,-0.004120704946321289,-0.03222359822348206,True
train,epoch0,1,0.840292118138504,0.8802504383453369,137,0.8617704306569343,8895.659635036498,r0_b4c_rod_outer_radius,-0.16035721067073577,-0.19362667313831275,True
train,epoch0,1,0.840292118138504,0.8802504383453369,137,0.8617704306569343,8895.659635036498,r0_b4c_rod_cr_fraction,0.08595283521877323,0.04618981835831761,True
train,epoch0,1,0.840292118138504,0.8802504383453369,137,0.8617704306569343,8895.659635036498,r1_fuel_annulus_outer_radius,-0.4595042537939659,-0.5614557470084193,True
train,epoch0,1,0.840292118138504,0.8802504383453369,137,0.8617704306569343,8895.659635036498,r1_fuel_annulus_enrichment,0.4225782783106362,0.46538913883547706,True
train,epoch0,1,0.840292118138504,0.8802504383453369,137,0.8617704306569343,8895.659635036498,r1_fuel_annulus_f_mod,0.32031544529581796,0.2745533630780144,True
train,epoch0,1,0.840292118138504,0.8802504383453369,137,0.8617704306569343,8895.659635036498,r2_water_outer_radius,-0.04219343853089857,-0.04692254559710269,True
train,epoch0,2,0.8802504383453369,0.9202087585521698,183,0.8995798961748633,7783.054371584701,r0_b4c_rod_outer_radius,-0.08808179311934496,-0.11726746969555732,True
train,epoch0,2,0.8802504383453369,0.9202087585521698,183,0.8995798961748633,7783.054371584701,r0_b4c_rod_cr_fraction,0.1571544469704606,0.1517050900593355,True
train,epoch0,2,0.8802504383453369,0.9202087585521698,183,0.8995798961748633,7783.054371584701,r1_fuel_annulus_outer_radius,-0.5391121184476535,-0.6412005670736961,True
train,epoch0,2,0.8802504383453369,0.9202087585521698,183,0.8995798961748633,7783.054371584701,r1_fuel_annulus_enrichment,0.5711996817461632,0.5982956442395193,True
train,epoch0,2,0.8802504383453369,0.9202087585521698,183,0.8995798961748633,7783.054371584701,r1_fuel_annulus_f_mod,0.23419546432664967,0.2320941311928176,True
train,epoch0,2,0.8802504383453369,0.9202087585521698,183,0.8995798961748633,7783.054371584701,r2_water_outer_radius,-0.06368943242763568,-0.06515185782417751,True
train,epoch0,3,0.9202087585521698,0.9601670787590026,186,0.9398475161290324,6806.9253072196625,r0_b4c_rod_outer_radius,-0.2424106555315248,-0.25692226640993243,True
train,epoch0,3,0.9202087585521698,0.9601670787590026,186,0.9398475161290324,6806.9253072196625,r0_b4c_rod_cr_fraction,0.042601592958052825,-0.024917827953881082,True
train,epoch0,3,0.9202087585521698,0.9601670787590026,186,0.9398475161290324,6806.9253072196625,r1_fuel_annulus_outer_radius,-0.5652035490563293,-0.67007352358396,True
train,epoch0,3,0.9202087585521698,0.9601670787590026,186,0.9398475161290324,6806.9253072196625,r1_fuel_annulus_enrichment,0.5320781842920344,0.587046421961033,True
train,epoch0,3,0.9202087585521698,0.9601670787590026,186,0.9398475161290324,6806.9253072196625,r1_fuel_annulus_f_mod,0.06704586490568673,0.016529518996312165,True
train,epoch0,3,0.9202087585521698,0.9601670787590026,186,0.9398475161290324,6806.9253072196625,r2_water_outer_radius,0.05514073344049852,0.025622759209096967,True
train,epoch0,4,0.9601670787590026,1.0001253989658356,247,0.9811471376518219,5668.454251012146,r0_b4c_rod_outer_radius,-0.12897114205419646,-0.1451104113506947,True
train,epoch0,4,0.9601670787590026,1.0001253989658356,247,0.9811471376518219,5668.454251012146,r0_b4c_rod_cr_fraction,0.06335001963672772,0.09365061321058225,True
train,epoch0,4,0.9601670787590026,1.0001253989658356,247,0.9811471376518219,5668.454251012146,r1_fuel_annulus_outer_radius,-0.7345773086520544,-0.7834829885221929,True
train,epoch0,4,0.9601670787590026,1.0001253989658356,247,0.9811471376518219,5668.454251012146,r1_fuel_annulus_enrichment,0.675214363490853,0.7127763966833436,True
train,epoch0,4,0.9601670787590026,1.0001253989658356,247,0.9811471376518219,5668.454251012146,r1_fuel_annulus_f_mod,0.1925906942292593,0.1568914445164056,True
train,epoch0,4,0.9601670787590026,1.0001253989658356,247,0.9811471376518219,5668.454251012146,r2_water_outer_radius,0.02703461334774984,0.042839034686320096,True
train,epoch0,5,1.0001253989658356,1.0400837191726684,253,1.020947553359684,4947.078392621872,r0_b4c_rod_outer_radius,-0.14551213334472246,-0.13766713115918194,True
train,epoch0,5,1.0001253989658356,1.0400837191726684,253,1.020947553359684,4947.078392621872,r0_b4c_rod_cr_fraction,0.018171226002444175,-0.003925894117198361,True
train,epoch0,5,1.0001253989658356,1.0400837191726684,253,1.020947553359684,4947.078392621872,r1_fuel_annulus_outer_radius,-0.7365123425654677,-0.7898091295900267,True
train,epoch0,5,1.0001253989658356,1.0400837191726684,253,1.020947553359684,4947.078392621872,r1_fuel_annulus_enrichment,0.682994685106681,0.7081859486633143,True
train,epoch0,5,1.0001253989658356,1.0400837191726684,253,1.020947553359684,4947.078392621872,r1_fuel_annulus_f_mod,0.14249279621716165,0.14702095551580613,True
train,epoch0,5,1.0001253989658356,1.0400837191726684,253,1.020947553359684,4947.078392621872,r2_water_outer_radius,-0.0008968724015988047,-0.01601776656046806,True
train,epoch0,6,1.0400837191726684,1.0800420393795012,247,1.058650085020243,4437.7629892037785,r0_b4c_rod_outer_radius,-0.12467967052184273,-0.11662144457078831,True
train,epoch0,6,1.0400837191726684,1.0800420393795012,247,1.058650085020243,4437.7629892037785,r0_b4c_rod_cr_fraction,-0.11545436293682641,-0.13526527730801743,True
train,epoch0,6,1.0400837191726684,1.0800420393795012,247,1.058650085020243,4437.7629892037785,r1_fuel_annulus_outer_radius,-0.8253722704675956,-0.8216863574538839,True
train,epoch0,6,1.0400837191726684,1.0800420393795012,247,1.058650085020243,4437.7629892037785,r1_fuel_annulus_enrichment,0.6448476918314695,0.6796569451606567,True
train,epoch0,6,1.0400837191726684,1.0800420393795012,247,1.058650085020243,4437.7629892037785,r1_fuel_annulus_f_mod,0.35201476306373436,0.3480214668995516,True
train,epoch0,6,1.0400837191726684,1.0800420393795012,247,1.058650085020243,4437.7629892037785,r2_water_outer_radius,-0.03943703634015821,-0.03893380572159492,True
train,epoch0,7,1.0800420393795012,1.1200003595863341,236,1.0991981694915256,3862.4467161016946,r0_b4c_rod_outer_radius,-0.12427323027866967,-0.12722774311055524,True
train,epoch0,7,1.0800420393795012,1.1200003595863341,236,1.0991981694915256,3862.4467161016946,r0_b4c_rod_cr_fraction,-0.10952615926680508,-0.13781811044109793,True
train,epoch0,7,1.0800420393795012,1.1200003595863341,236,1.0991981694915256,3862.4467161016946,r1_fuel_annulus_outer_radius,-0.7603570846823141,-0.7443320993120826,True
train,epoch0,7,1.0800420393795012,1.1200003595863341,236,1.0991981694915256,3862.4467161016946,r1_fuel_annulus_enrichment,0.5609408223099617,0.5957629401050819,True
train,epoch0,7,1.0800420393795012,1.1200003595863341,236,1.0991981694915256,3862.4467161016946,r1_fuel_annulus_f_mod,0.2581910523597837,0.20070845905590526,True
train,epoch0,7,1.0800420393795012,1.1200003595863341,236,1.0991981694915256,3862.4467161016946,r2_water_outer_radius,-0.06296730479587974,-0.09405615633573289,True
train,epoch0,8,1.1200003595863341,1.1599586797931671,289,1.1402457231833911,3260.0885121107267,r0_b4c_rod_outer_radius,-0.22077241050310356,-0.2109811876068886,True
train,epoch0,8,1.1200003595863341,1.1599586797931671,289,1.1402457231833911,3260.0885121107267,r0_b4c_rod_cr_fraction,0.001894397931064306,0.014241041244083841,True
train,epoch0,8,1.1200003595863341,1.1599586797931671,289,1.1402457231833911,3260.0885121107267,r1_fuel_annulus_outer_radius,-0.8047326190216355,-0.8252376406952234,True
train,epoch0,8,1.1200003595863341,1.1599586797931671,289,1.1402457231833911,3260.0885121107267,r1_fuel_annulus_enrichment,0.4973874793654172,0.5234717416378316,True
train,epoch0,8,1.1200003595863341,1.1599586797931671,289,1.1402457231833911,3260.0885121107267,r1_fuel_annulus_f_mod,0.39395507140710573,0.3782971403571571,True
train,epoch0,8,1.1200003595863341,1.1599586797931671,289,1.1402457231833911,3260.0885121107267,r2_water_outer_radius,-0.01001729747904775,0.01385524798154556,True
train,epoch0,9,1.1599586797931671,1.199917,262,1.1801255916030533,2761.5136677571795,r0_b4c_rod_outer_radius,-0.11463128710994601,-0.12752342855999724,True
train,epoch0,9,1.1599586797931671,1.199917,262,1.1801255916030533,2761.5136677571795,r0_b4c_rod_cr_fraction,-0.017747624581506492,-0.003377582646351538,True
train,epoch0,9,1.1599586797931671,1.199917,262,1.1801255916030533,2761.5136677571795,r1_fuel_annulus_outer_radius,-0.8500347454913121,-0.862745169996812,True
train,epoch0,9,1.1599586797931671,1.199917,262,1.1801255916030533,2761.5136677571795,r1_fuel_annulus_enrichment,0.39592356181440724,0.41949749950793186,True
train,epoch0,9,1.1599586797931671,1.199917,262,1.1801255916030533,2761.5136677571795,r1_fuel_annulus_f_mod,0.4379521439157715,0.4268528496268683,True
train,epoch0,9,1.1599586797931671,1.199917,262,1.1801255916030533,2761.5136677571795,r2_water_outer_radius,0.0693508417263412,0.05242092339720251,True
train,final,0,0.8003337979316711,0.840292118138504,124,0.8197306290322579,565.0058736559139,r0_b4c_rod_outer_radius,0.20516536740839408,0.21878624132222377,True
train,final,0,0.8003337979316711,0.840292118138504,124,0.8197306290322579,565.0058736559139,r0_b4c_rod_cr_fraction,0.057707251231765955,0.04246440187805874,True
train,final,0,0.8003337979316711,0.840292118138504,124,0.8197306290322579,565.0058736559139,r1_fuel_annulus_outer_radius,-0.1466546186838789,-0.13965066876475216,True
train,final,0,0.8003337979316711,0.840292118138504,124,0.8197306290322579,565.0058736559139,r1_fuel_annulus_enrichment,0.21248608421156812,0.2385503000040743,True
train,final,0,0.8003337979316711,0.840292118138504,124,0.8197306290322579,565.0058736559139,r1_fuel_annulus_f_mod,-0.0351403353058522,-0.024311680464537445,True
train,final,0,0.8003337979316711,0.840292118138504,124,0.8197306290322579,565.0058736559139,r2_water_outer_radius,-0.011758831260495942,0.014637362568357754,True
train,final,1,0.840292118138504,0.8802504383453369,137,0.8617704306569343,572.8026277372263,r0_b4c_rod_outer_radius,0.06844830188582836,0.13327235051430916,True
train,final,1,0.840292118138504,0.8802504383453369,137,0.8617704306569343,572.8026277372263,r0_b4c_rod_cr_fraction,0.1193450613952881,0.14298448671756867,True
train,final,1,0.840292118138504,0.8802504383453369,137,0.8617704306569343,572.8026277372263,r1_fuel_annulus_outer_radius,0.10502078924607507,-0.022065824108126273,True
train,final,1,0.840292118138504,0.8802504383453369,137,0.8617704306569343,572.8026277372263,r1_fuel_annulus_enrichment,-0.022560004846552083,0.03190397072824687,True
train,final,1,0.840292118138504,0.8802504383453369,137,0.8617704306569343,572.8026277372263,r1_fuel_annulus_f_mod,0.12686117035198316,0.13034144155916888,True
train,final,1,0.840292118138504,0.8802504383453369,137,0.8617704306569343,572.8026277372263,r2_water_outer_radius,0.09362628840429138,0.04283887468030689,True
train,final,2,0.8802504383453369,0.9202087585521698,183,0.8995798961748633,523.81572859745,r0_b4c_rod_outer_radius,0.021116183603526694,-0.018338860153349897,True
train,final,2,0.8802504383453369,0.9202087585521698,183,0.8995798961748633,523.81572859745,r0_b4c_rod_cr_fraction,-0.0222477466038712,0.037976939111007905,True
train,final,2,0.8802504383453369,0.9202087585521698,183,0.8995798961748633,523.81572859745,r1_fuel_annulus_outer_radius,-0.1612592945777247,-0.27662661643417175,True
train,final,2,0.8802504383453369,0.9202087585521698,183,0.8995798961748633,523.81572859745,r1_fuel_annulus_enrichment,0.22832113760980613,0.23865582254660284,True
train,final,2,0.8802504383453369,0.9202087585521698,183,0.8995798961748633,523.81572859745,r1_fuel_annulus_f_mod,0.1968457623535415,0.2419180659949485,True
train,final,2,0.8802504383453369,0.9202087585521698,183,0.8995798961748633,523.81572859745,r2_water_outer_radius,-0.16600326250886013,-0.21004363691201325,True
train,final,3,0.9202087585521698,0.9601670787590026,186,0.9398475161290324,393.81569508448536,r0_b4c_rod_outer_radius,0.046251957822074266,0.022043109010829724,True
train,final,3,0.9202087585521698,0.9601670787590026,186,0.9398475161290324,393.81569508448536,r0_b4c_rod_cr_fraction,-0.11549682672851878,-0.0718816087367112,True
train,final,3,0.9202087585521698,0.9601670787590026,186,0.9398475161290324,393.81569508448536,r1_fuel_annulus_outer_radius,-0.17293869732679037,-0.32254737776531955,True
train,final,3,0.9202087585521698,0.9601670787590026,186,0.9398475161290324,393.81569508448536,r1_fuel_annulus_enrichment,0.18925926094378592,0.2846833960562348,True
train,final,3,0.9202087585521698,0.9601670787590026,186,0.9398475161290324,393.81569508448536,r1_fuel_annulus_f_mod,0.1771659420231459,0.1354998489432205,True
train,final,3,0.9202087585521698,0.9601670787590026,186,0.9398475161290324,393.81569508448536,r2_water_outer_radius,-0.044587863660279316,-0.019691471069826653,True
train,final,4,0.9601670787590026,1.0001253989658356,247,0.9811471376518219,312.8631106612686,r0_b4c_rod_outer_radius,0.005755388199668626,0.04828721401971242,True
train,final,4,0.9601670787590026,1.0001253989658356,247,0.9811471376518219,312.8631106612686,r0_b4c_rod_cr_fraction,-0.0661229737610276,-0.06305134037801918,True
train,final,4,0.9601670787590026,1.0001253989658356,247,0.9811471376518219,312.8631106612686,r1_fuel_annulus_outer_radius,-0.2150349106386266,-0.270815299578743,True
train,final,4,0.9601670787590026,1.0001253989658356,247,0.9811471376518219,312.8631106612686,r1_fuel_annulus_enrichment,0.20928244812974803,0.2234141206047735,True
train,final,4,0.9601670787590026,1.0001253989658356,247,0.9811471376518219,312.8631106612686,r1_fuel_annulus_f_mod,0.15135214238850048,0.15076092188989976,True
train,final,4,0.9601670787590026,1.0001253989658356,247,0.9811471376518219,312.8631106612686,r2_water_outer_radius,-0.012325556498304609,0.07644058733192376,True
train,final,5,1.0001253989658356,1.0400837191726684,253,1.020947553359684,273.4899011857708,r0_b4c_rod_outer_radius,-0.030008200414633493,-0.01944978180823875,True
train,final,5,1.0001253989658356,1.0400837191726684,253,1.020947553359684,273.4899011857708,r0_b4c_rod_cr_fraction,0.008730936617959588,0.009058903994884035,True
train,final,5,1.0001253989658356,1.0400837191726684,253,1.020947553359684,273.4899011857708,r1_fuel_annulus_outer_radius,-0.2735483707057289,-0.2830367361577784,True
train,final,5,1.0001253989658356,1.0400837191726684,253,1.020947553359684,273.4899011857708,r1_fuel_annulus_enrichment,0.2299624131737738,0.17336370999354578,True
train,final,5,1.0001253989658356,1.0400837191726684,253,1.020947553359684,273.4899011857708,r1_fuel_annulus_f_mod,0.2503931460184318,0.25125991014456456,True
train,final,5,1.0001253989658356,1.0400837191726684,253,1.020947553359684,273.4899011857708,r2_water_outer_radius,-0.008042314437696048,0.030535731355515853,True
train,final,6,1.0400837191726684,1.0800420393795012,247,1.058650085020243,224.02852226720648,r0_b4c_rod_outer_radius,0.013796442802153624,0.0027354247055445422,True
train,final,6,1.0400837191726684,1.0800420393795012,247,1.058650085020243,224.02852226720648,r0_b4c_rod_cr_fraction,0.01859439615193947,0.019554496248051514,True
train,final,6,1.0400837191726684,1.0800420393795012,247,1.058650085020243,224.02852226720648,r1_fuel_annulus_outer_radius,-0.2755129039139071,-0.2781617566107579,True
train,final,6,1.0400837191726684,1.0800420393795012,247,1.058650085020243,224.02852226720648,r1_fuel_annulus_enrichment,0.18076734481588064,0.20457194186890548,True
train,final,6,1.0400837191726684,1.0800420393795012,247,1.058650085020243,224.02852226720648,r1_fuel_annulus_f_mod,0.28816831373828766,0.21787191209696039,True
train,final,6,1.0400837191726684,1.0800420393795012,247,1.058650085020243,224.02852226720648,r2_water_outer_radius,0.04474889765629186,0.05712617952749441,True
train,final,7,1.0800420393795012,1.1200003595863341,236,1.0991981694915256,198.50532485875706,r0_b4c_rod_outer_radius,0.18085199209091757,0.17895031633024067,True
train,final,7,1.0800420393795012,1.1200003595863341,236,1.0991981694915256,198.50532485875706,r0_b4c_rod_cr_fraction,-0.12278722645503737,-0.08680679582201009,True
train,final,7,1.0800420393795012,1.1200003595863341,236,1.0991981694915256,198.50532485875706,r1_fuel_annulus_outer_radius,-0.17070817857179382,-0.15454864369089394,True
train,final,7,1.0800420393795012,1.1200003595863341,236,1.0991981694915256,198.50532485875706,r1_fuel_annulus_enrichment,0.0949044824953529,0.11770465604236818,True
train,final,7,1.0800420393795012,1.1200003595863341,236,1.0991981694915256,198.50532485875706,r1_fuel_annulus_f_mod,0.13318692177663377,0.10925655376130732,True
train,final,7,1.0800420393795012,1.1200003595863341,236,1.0991981694915256,198.50532485875706,r2_water_outer_radius,0.008663510868913534,0.04145901515495713,True
train,final,8,1.1200003595863341,1.1599586797931671,289,1.1402457231833911,163.01577277970011,r0_b4c_rod_outer_radius,0.031938198785947614,0.0173201850366609,True
train,final,8,1.1200003595863341,1.1599586797931671,289,1.1402457231833911,163.01577277970011,r0_b4c_rod_cr_fraction,-0.06796926545415935,-0.08089481201085806,True
train,final,8,1.1200003595863341,1.1599586797931671,289,1.1402457231833911,163.01577277970011,r1_fuel_annulus_outer_radius,-0.21930809361676834,-0.23411495027753523,True
train,final,8,1.1200003595863341,1.1599586797931671,289,1.1402457231833911,163.01577277970011,r1_fuel_annulus_enrichment,0.026278510994497815,0.04446989885476591,True
train,final,8,1.1200003595863341,1.1599586797931671,289,1.1402457231833911,163.01577277970011,r1_fuel_annulus_f_mod,0.24027167936062696,0.23107533573287498,True
train,final,8,1.1200003595863341,1.1599586797931671,289,1.1402457231833911,163.01577277970011,r2_water_outer_radius,0.07323764827936163,0.11323533633939768,True
train,final,9,1.1599586797931671,1.199917,262,1.1801255916030533,145.569860959651,r0_b4c_rod_outer_radius,0.12965647442248707,0.11005104742131402,True
train,final,9,1.1599586797931671,1.199917,262,1.1801255916030533,145.569860959651,r0_b4c_rod_cr_fraction,0.06374966464367274,0.05186746286543967,True
train,final,9,1.1599586797931671,1.199917,262,1.1801255916030533,145.569860959651,r1_fuel_annulus_outer_radius,-0.24744947914009363,-0.25206169728594535,True
train,final,9,1.1599586797931671,1.199917,262,1.1801255916030533,145.569860959651,r1_fuel_annulus_enrichment,0.01941494586910959,-0.011470573418578399,True
train,final,9,1.1599586797931671,1.199917,262,1.1801255916030533,145.569860959651,r1_fuel_annulus_f_mod,0.2798130671795259,0.3031328056999236,True
train,final,9,1.1599586797931671,1.199917,262,1.1801255916030533,145.569860959651,r2_water_outer_radius,0.1815978811322853,0.13505664392149694,True
val,epoch0,0,0.8003337979316711,0.840292118138504,97,0.8208810927835052,9547.610309278352,r0_b4c_rod_outer_radius,-0.300544027915055,-0.2918965120546999,True
val,epoch0,0,0.8003337979316711,0.840292118138504,97,0.8208810927835052,9547.610309278352,r0_b4c_rod_cr_fraction,0.13843733067041414,0.07408527565168842,True
val,epoch0,0,0.8003337979316711,0.840292118138504,97,0.8208810927835052,9547.610309278352,r1_fuel_annulus_outer_radius,-0.461481726846171,-0.5564511887229118,True
val,epoch0,0,0.8003337979316711,0.840292118138504,97,0.8208810927835052,9547.610309278352,r1_fuel_annulus_enrichment,0.3553319702388899,0.43476774385370504,True
val,epoch0,0,0.8003337979316711,0.840292118138504,97,0.8208810927835052,9547.610309278352,r1_fuel_annulus_f_mod,-0.14790638156770075,-0.09370459252643443,True
val,epoch0,0,0.8003337979316711,0.840292118138504,97,0.8208810927835052,9547.610309278352,r2_water_outer_radius,-0.0030449526603519577,-0.00739011801850353,True
val,epoch0,1,0.840292118138504,0.8802504383453369,114,0.8606424385964911,8801.8283625731,r0_b4c_rod_outer_radius,-0.20748287310272737,-0.25023794576861547,True
val,epoch0,1,0.840292118138504,0.8802504383453369,114,0.8606424385964911,8801.8283625731,r0_b4c_rod_cr_fraction,0.11968735784383101,0.06950446528016849,True
val,epoch0,1,0.840292118138504,0.8802504383453369,114,0.8606424385964911,8801.8283625731,r1_fuel_annulus_outer_radius,-0.43824882592280323,-0.5752536400639923,True
val,epoch0,1,0.840292118138504,0.8802504383453369,114,0.8606424385964911,8801.8283625731,r1_fuel_annulus_enrichment,0.41124725326034506,0.4483222291974647,True
val,epoch0,1,0.840292118138504,0.8802504383453369,114,0.8606424385964911,8801.8283625731,r1_fuel_annulus_f_mod,0.28061362606171997,0.2526356290881108,True
val,epoch0,1,0.840292118138504,0.8802504383453369,114,0.8606424385964911,8801.8283625731,r2_water_outer_radius,-0.028761683461002552,-0.04803061906401248,True
val,epoch0,2,0.8802504383453369,0.9202087585521698,132,0.8995784848484849,8022.914393939395,r0_b4c_rod_outer_radius,-0.05730189285919,-0.09917415742803676,True
val,epoch0,2,0.8802504383453369,0.9202087585521698,132,0.8995784848484849,8022.914393939395,r0_b4c_rod_cr_fraction,0.11798909990277691,0.11118024656582348,True
val,epoch0,2,0.8802504383453369,0.9202087585521698,132,0.8995784848484849,8022.914393939395,r1_fuel_annulus_outer_radius,-0.4528793040122866,-0.6096904301002332,True
val,epoch0,2,0.8802504383453369,0.9202087585521698,132,0.8995784848484849,8022.914393939395,r1_fuel_annulus_enrichment,0.5131835439730985,0.5132981394740419,True
val,epoch0,2,0.8802504383453369,0.9202087585521698,132,0.8995784848484849,8022.914393939395,r1_fuel_annulus_f_mod,0.42185535418681536,0.39226674284644475,True
val,epoch0,2,0.8802504383453369,0.9202087585521698,132,0.8995784848484849,8022.914393939395,r2_water_outer_radius,-0.08775348404753187,-0.04925575030886868,True
val,epoch0,3,0.9202087585521698,0.9601670787590026,153,0.9396731830065359,6859.605991285403,r0_b4c_rod_outer_radius,-0.20979317229966007,-0.21012424108399338,True
val,epoch0,3,0.9202087585521698,0.9601670787590026,153,0.9396731830065359,6859.605991285403,r0_b4c_rod_cr_fraction,0.051867057424822116,-0.014786297294037229,True
val,epoch0,3,0.9202087585521698,0.9601670787590026,153,0.9396731830065359,6859.605991285403,r1_fuel_annulus_outer_radius,-0.669807127869452,-0.7048068031040167,True
val,epoch0,3,0.9202087585521698,0.9601670787590026,153,0.9396731830065359,6859.605991285403,r1_fuel_annulus_enrichment,0.5985922448563636,0.6465662820151984,True
val,epoch0,3,0.9202087585521698,0.9601670787590026,153,0.9396731830065359,6859.605991285403,r1_fuel_annulus_f_mod,0.0976098516801129,0.06298500261348558,True
val,epoch0,3,0.9202087585521698,0.9601670787590026,153,0.9396731830065359,6859.605991285403,r2_water_outer_radius,0.12641533530857632,0.07900767962687466,True
val,epoch0,4,0.9601670787590026,1.0001253989658356,189,0.9809463703703704,5768.535978835977,r0_b4c_rod_outer_radius,-0.15802556416214428,-0.16297399659344855,True
val,epoch0,4,0.9601670787590026,1.0001253989658356,189,0.9809463703703704,5768.535978835977,r0_b4c_rod_cr_fraction,0.050575912888586906,0.09440893652969193,True
val,epoch0,4,0.9601670787590026,1.0001253989658356,189,0.9809463703703704,5768.535978835977,r1_fuel_annulus_outer_radius,-0.7274446751869965,-0.7704829449510301,True
val,epoch0,4,0.9601670787590026,1.0001253989658356,189,0.9809463703703704,5768.535978835977,r1_fuel_annulus_enrichment,0.6560520440957701,0.7022852798154232,True
val,epoch0,4,0.9601670787590026,1.0001253989658356,189,0.9809463703703704,5768.535978835977,r1_fuel_annulus_f_mod,0.20874273204194804,0.16265582513724974,True
val,epoch0,4,0.9601670787590026,1.0001253989658356,189,0.9809463703703704,5768.535978835977,r2_water_outer_radius,-0.004149950304462697,0.019032518811444854,True
val,epoch0,5,1.0001253989658356,1.0400837191726684,189,1.021146433862434,5047.793121693123,r0_b4c_rod_outer_radius,-0.2410197365701421,-0.23418830764855406,True
val,epoch0,5,1.0001253989658356,1.0400837191726684,189,1.021146433862434,5047.793121693123,r0_b4c_rod_cr_fraction,0.011201411531091807,-0.020458948790415758,True
val,epoch0,5,1.0001253989658356,1.0400837191726684,189,1.021146433862434,5047.793121693123,r1_fuel_annulus_outer_radius,-0.7339214881652155,-0.7979114452798665,True
val,epoch0,5,1.0001253989658356,1.0400837191726684,189,1.021146433862434,5047.793121693123,r1_fuel_annulus_enrichment,0.659662982191554,0.6882098864181732,True
val,epoch0,5,1.0001253989658356,1.0400837191726684,189,1.021146433862434,5047.793121693123,r1_fuel_annulus_f_mod,0.10200775304033716,0.10509251853036848,True
val,epoch0,5,1.0001253989658356,1.0400837191726684,189,1.021146433862434,5047.793121693123,r2_water_outer_radius,0.03817062707463787,0.013395190102916867,True
val,epoch0,6,1.0400837191726684,1.0800420393795012,184,1.058227054347826,4451.928260869566,r0_b4c_rod_outer_radius,-0.1155943624184972,-0.09289860125732646,True
val,epoch0,6,1.0400837191726684,1.0800420393795012,184,1.058227054347826,4451.928260869566,r0_b4c_rod_cr_fraction,-0.16211096323984975,-0.17516543964511305,True
val,epoch0,6,1.0400837191726684,1.0800420393795012,184,1.058227054347826,4451.928260869566,r1_fuel_annulus_outer_radius,-0.7634444151424311,-0.810327290940263,True
val,epoch0,6,1.0400837191726684,1.0800420393795012,184,1.058227054347826,4451.928260869566,r1_fuel_annulus_enrichment,0.6277586244665749,0.6682479016943333,True
val,epoch0,6,1.0400837191726684,1.0800420393795012,184,1.058227054347826,4451.928260869566,r1_fuel_annulus_f_mod,0.38171688561243383,0.37254200344186084,True
val,epoch0,6,1.0400837191726684,1.0800420393795012,184,1.058227054347826,4451.928260869566,r2_water_outer_radius,-0.06987935185040321,-0.06402605233209532,True
val,epoch0,7,1.0800420393795012,1.1200003595863341,174,1.0987713160919539,3894.7959770114944,r0_b4c_rod_outer_radius,-0.14709103827748093,-0.14623081522822404,True
val,epoch0,7,1.0800420393795012,1.1200003595863341,174,1.0987713160919539,3894.7959770114944,r0_b4c_rod_cr_fraction,-0.19407181429259468,-0.2218252228138614,True
val,epoch0,7,1.0800420393795012,1.1200003595863341,174,1.0987713160919539,3894.7959770114944,r1_fuel_annulus_outer_radius,-0.7859908467289983,-0.7603599191320937,True
val,epoch0,7,1.0800420393795012,1.1200003595863341,174,1.0987713160919539,3894.7959770114944,r1_fuel_annulus_enrichment,0.6099014238071371,0.6503567869244569,True
val,epoch0,7,1.0800420393795012,1.1200003595863341,174,1.0987713160919539,3894.7959770114944,r1_fuel_annulus_f_mod,0.2678703897618193,0.18024772914946322,True
val,epoch0,7,1.0800420393795012,1.1200003595863341,174,1.0987713160919539,3894.7959770114944,r2_water_outer_radius,-0.11575503754046286,-0.16142486972863693,True
val,epoch0,8,1.1200003595863341,1.1599586797931671,217,1.1398083179723502,3295.0608294930876,r0_b4c_rod_outer_radius,-0.23671949157783434,-0.232617896719702,True
val,epoch0,8,1.1200003595863341,1.1599586797931671,217,1.1398083179723502,3295.0608294930876,r0_b4c_rod_cr_fraction,-0.01610421444475601,-0.007871916646702087,True
val,epoch0,8,1.1200003595863341,1.1599586797931671,217,1.1398083179723502,3295.0608294930876,r1_fuel_annulus_outer_radius,-0.8012695132771102,-0.8201073859552701,True
val,epoch0,8,1.1200003595863341,1.1599586797931671,217,1.1398083179723502,3295.0608294930876,r1_fuel_annulus_enrichment,0.5236438754479117,0.551433456878855,True
val,epoch0,8,1.1200003595863341,1.1599586797931671,217,1.1398083179723502,3295.0608294930876,r1_fuel_annulus_f_mod,0.397718580212462,0.38152078430267244,True
val,epoch0,8,1.1200003595863341,1.1599586797931671,217,1.1398083179723502,3295.0608294930876,r2_water_outer_radius,-0.06581285310631547,-0.0609354228028392,True
val,epoch0,9,1.1599586797931671,1.199917,193,1.178456005181347,2771.8848877374785,r0_b4c_rod_outer_radius,-0.09698317947141041,-0.11184303048842785,True
val,epoch0,9,1.1599586797931671,1.199917,193,1.178456005181347,2771.8848877374785,r0_b4c_rod_cr_fraction,0.04287450775489383,0.05471965586760326,True
val,epoch0,9,1.1599586797931671,1.199917,193,1.178456005181347,2771.8848877374785,r1_fuel_annulus_outer_radius,-0.8307819952835261,-0.8375791380582436,True
val,epoch0,9,1.1599586797931671,1.199917,193,1.178456005181347,2771.8848877374785,r1_fuel_annulus_enrichment,0.4245697843572003,0.4681016923265442,True
val,epoch0,9,1.1599586797931671,1.199917,193,1.178456005181347,2771.8848877374785,r1_fuel_annulus_f_mod,0.4209068445722244,0.3920899291278889,True
val,epoch0,9,1.1599586797931671,1.199917,193,1.178456005181347,2771.8848877374785,r2_water_outer_radius,0.13713580390171895,0.11256498073896133,True
val,final,0,0.8003337979316711,0.840292118138504,97,0.8208810927835052,1379.7756872852233,r0_b4c_rod_outer_radius,-0.0052043845092298695,-0.05399257043412009,True
val,final,0,0.8003337979316711,0.840292118138504,97,0.8208810927835052,1379.7756872852233,r0_b4c_rod_cr_fraction,-0.0787905648694802,-0.0065748380947540305,True
val,final,0,0.8003337979316711,0.840292118138504,97,0.8208810927835052,1379.7756872852233,r1_fuel_annulus_outer_radius,-0.2018906081907641,-0.2523406269724384,True
val,final,0,0.8003337979316711,0.840292118138504,97,0.8208810927835052,1379.7756872852233,r1_fuel_annulus_enrichment,0.1807203546841296,0.22190078569794852,True
val,final,0,0.8003337979316711,0.840292118138504,97,0.8208810927835052,1379.7756872852233,r1_fuel_annulus_f_mod,0.2018330851817954,0.14680298497966798,True
val,final,0,0.8003337979316711,0.840292118138504,97,0.8208810927835052,1379.7756872852233,r2_water_outer_radius,-0.010865613228316714,-0.01681843584638081,True
val,final,1,0.840292118138504,0.8802504383453369,114,0.8606424385964911,1211.857456140351,r0_b4c_rod_outer_radius,0.0663461946978991,0.06301613981085842,True
val,final,1,0.840292118138504,0.8802504383453369,114,0.8606424385964911,1211.857456140351,r0_b4c_rod_cr_fraction,0.23011274982989488,0.20109353800044555,True
val,final,1,0.840292118138504,0.8802504383453369,114,0.8606424385964911,1211.857456140351,r1_fuel_annulus_outer_radius,0.07879975854259058,-0.03212166622790143,True
val,final,1,0.840292118138504,0.8802504383453369,114,0.8606424385964911,1211.857456140351,r1_fuel_annulus_enrichment,-0.02614994310626871,0.00649237561005245,True
val,final,1,0.840292118138504,0.8802504383453369,114,0.8606424385964911,1211.857456140351,r1_fuel_annulus_f_mod,0.3271316817183599,0.31985986513031334,True
val,final,1,0.840292118138504,0.8802504383453369,114,0.8606424385964911,1211.857456140351,r2_water_outer_radius,0.16902279587785207,0.126676251999757,True
val,final,2,0.8802504383453369,0.9202087585521698,132,0.8995784848484849,1007.3730429292932,r0_b4c_rod_outer_radius,0.009025481885858578,-0.03286677710961246,True
val,final,2,0.8802504383453369,0.9202087585521698,132,0.8995784848484849,1007.3730429292932,r0_b4c_rod_cr_fraction,0.13069294277270677,0.13472300126531092,True
val,final,2,0.8802504383453369,0.9202087585521698,132,0.8995784848484849,1007.3730429292932,r1_fuel_annulus_outer_radius,0.07304870062728298,-0.19758130264257737,True
val,final,2,0.8802504383453369,0.9202087585521698,132,0.8995784848484849,1007.3730429292932,r1_fuel_annulus_enrichment,0.10760750099998008,0.17617823926116283,True
val,final,2,0.8802504383453369,0.9202087585521698,132,0.8995784848484849,1007.3730429292932,r1_fuel_annulus_f_mod,0.2806274785899975,0.29624189614014956,True
val,final,2,0.8802504383453369,0.9202087585521698,132,0.8995784848484849,1007.3730429292932,r2_water_outer_radius,0.07035013315338431,0.025653200453946604,True
val,final,3,0.9202087585521698,0.9601670787590026,153,0.9396731830065359,811.719880174292,r0_b4c_rod_outer_radius,-0.07690896258753462,-0.029592698323348477,True
val,final,3,0.9202087585521698,0.9601670787590026,153,0.9396731830065359,811.719880174292,r0_b4c_rod_cr_fraction,-0.1709230761368075,-0.21213461461139477,True
val,final,3,0.9202087585521698,0.9601670787590026,153,0.9396731830065359,811.719880174292,r1_fuel_annulus_outer_radius,-0.17378615079602772,-0.2797166713575382,True
val,final,3,0.9202087585521698,0.9601670787590026,153,0.9396731830065359,811.719880174292,r1_fuel_annulus_enrichment,0.073664493893024,0.20506145041748752,True
val,final,3,0.9202087585521698,0.9601670787590026,153,0.9396731830065359,811.719880174292,r1_fuel_annulus_f_mod,0.27697758146398443,0.2845248147105732,True
val,final,3,0.9202087585521698,0.9601670787590026,153,0.9396731830065359,811.719880174292,r2_water_outer_radius,0.03985108411965573,0.026892096551539273,True
val,final,4,0.9601670787590026,1.0001253989658356,189,0.9809463703703704,579.8059964726632,r0_b4c_rod_outer_radius,0.050412332307531005,0.07628208489493672,True
val,final,4,0.9601670787590026,1.0001253989658356,189,0.9809463703703704,579.8059964726632,r0_b4c_rod_cr_fraction,-0.16908707658314384,-0.12610349108897342,True
val,final,4,0.9601670787590026,1.0001253989658356,189,0.9809463703703704,579.8059964726632,r1_fuel_annulus_outer_radius,-0.13526229760434513,-0.2509217418198855,True
val,final,4,0.9601670787590026,1.0001253989658356,189,0.9809463703703704,579.8059964726632,r1_fuel_annulus_enrichment,0.12382989801100922,0.13438750634343516,True
val,final,4,0.9601670787590026,1.0001253989658356,189,0.9809463703703704,579.8059964726632,r1_fuel_annulus_f_mod,0.353025123260416,0.32845262842623263,True
val,final,4,0.9601670787590026,1.0001253989658356,189,0.9809463703703704,579.8059964726632,r2_water_outer_radius,0.024615501287122157,0.028855853157586483,True
val,final,5,1.0001253989658356,1.0400837191726684,189,1.021146433862434,496.7552028218695,r0_b4c_rod_outer_radius,-0.03460481592977331,-0.09750617678949146,True
val,final,5,1.0001253989658356,1.0400837191726684,189,1.021146433862434,496.7552028218695,r0_b4c_rod_cr_fraction,-0.1917205438547463,-0.1684708224461864,True
val,final,5,1.0001253989658356,1.0400837191726684,189,1.021146433862434,496.7552028218695,r1_fuel_annulus_outer_radius,-0.25314361224470106,-0.32465738815122913,True
val,final,5,1.0001253989658356,1.0400837191726684,189,1.021146433862434,496.7552028218695,r1_fuel_annulus_enrichment,0.2002952960060193,0.20027906646047744,True
val,final,5,1.0001253989658356,1.0400837191726684,189,1.021146433862434,496.7552028218695,r1_fuel_annulus_f_mod,0.2817107226017962,0.2409214525675892,True
val,final,5,1.0001253989658356,1.0400837191726684,189,1.021146433862434,496.7552028218695,r2_water_outer_radius,-0.009969725627686216,-0.06291437814394141,True
val,final,6,1.0400837191726684,1.0800420393795012,184,1.058227054347826,400.8232336956522,r0_b4c_rod_outer_radius,-0.09595670756642828,-0.06649859013171332,True
val,final,6,1.0400837191726684,1.0800420393795012,184,1.058227054347826,400.8232336956522,r0_b4c_rod_cr_fraction,-0.07782546675252613,-0.055902517583038366,True
val,final,6,1.0400837191726684,1.0800420393795012,184,1.058227054347826,400.8232336956522,r1_fuel_annulus_outer_radius,-0.22328276860860502,-0.2289718118375041,True
val,final,6,1.0400837191726684,1.0800420393795012,184,1.058227054347826,400.8232336956522,r1_fuel_annulus_enrichment,0.11872021444185159,0.07674018209101963,True
val,final,6,1.0400837191726684,1.0800420393795012,184,1.058227054347826,400.8232336956522,r1_fuel_annulus_f_mod,0.3527979763593474,0.3036096465290972,True
val,final,6,1.0400837191726684,1.0800420393795012,184,1.058227054347826,400.8232336956522,r2_water_outer_radius,-0.10526944291854326,-0.172929082779078,True
val,final,7,1.0800420393795012,1.1200003595863341,174,1.0987713160919539,349.6407088122606,r0_b4c_rod_outer_radius,-0.09779169627315591,-0.0988935891040695,True
val,final,7,1.0800420393795012,1.1200003595863341,174,1.0987713160919539,349.6407088122606,r0_b4c_rod_cr_fraction,-0.09070970880979078,-0.08133270461317342,True
val,final,7,1.0800420393795012,1.1200003595863341,174,1.0987713160919539,349.6407088122606,r1_fuel_annulus_outer_radius,-0.1651829811514885,-0.14816270185687092,True
val,final,7,1.0800420393795012,1.1200003595863341,174,1.0987713160919539,349.6407088122606,r1_fuel_annulus_enrichment,0.04639825112726064,-0.018178214844642722,True
val,final,7,1.0800420393795012,1.1200003595863341,174,1.0987713160919539,349.6407088122606,r1_fuel_annulus_f_mod,0.2744575831655386,0.2282596067766585,True
val,final,7,1.0800420393795012,1.1200003595863341,174,1.0987713160919539,349.6407088122606,r2_water_outer_radius,-0.09820736919312921,-0.18450318574366106,True
val,final,8,1.1200003595863341,1.1599586797931671,217,1.1398083179723502,306.6341013824885,r0_b4c_rod_outer_radius,0.009745786572409773,0.044302643519902395,True
val,final,8,1.1200003595863341,1.1599586797931671,217,1.1398083179723502,306.6341013824885,r0_b4c_rod_cr_fraction,-0.05719327352896321,-0.13176994780149529,True
val,final,8,1.1200003595863341,1.1599586797931671,217,1.1398083179723502,306.6341013824885,r1_fuel_annulus_outer_radius,-0.13287415677292483,-0.1971381906252427,True
val,final,8,1.1200003595863341,1.1599586797931671,217,1.1398083179723502,306.6341013824885,r1_fuel_annulus_enrichment,0.033343996980381985,0.030814788021384768,True
val,final,8,1.1200003595863341,1.1599586797931671,217,1.1398083179723502,306.6341013824885,r1_fuel_annulus_f_mod,0.2947238984284437,0.2820300602435139,True
val,final,8,1.1200003595863341,1.1599586797931671,217,1.1398083179723502,306.6341013824885,r2_water_outer_radius,-0.06420686282874062,-0.11019936130876369,True
val,final,9,1.1599586797931671,1.199917,193,1.178456005181347,281.3721070811744,r0_b4c_rod_outer_radius,0.030204207260800392,-0.06479026293190966,True
val,final,9,1.1599586797931671,1.199917,193,1.178456005181347,281.3721070811744,r0_b4c_rod_cr_fraction,0.014283616414721614,-0.046028729458853584,True
val,final,9,1.1599586797931671,1.199917,193,1.178456005181347,281.3721070811744,r1_fuel_annulus_outer_radius,-0.28075473140476626,-0.35282599823238736,True
val,final,9,1.1599586797931671,1.199917,193,1.178456005181347,281.3721070811744,r1_fuel_annulus_enrichment,0.051098922132444,0.04919028863835162,True
val,final,9,1.1599586797931671,1.199917,193,1.178456005181347,281.3721070811744,r1_fuel_annulus_f_mod,0.30474252205185326,0.35210571693040554,True
val,final,9,1.1599586797931671,1.199917,193,1.178456005181347,281.3721070811744,r2_water_outer_radius,0.0049561692862082375,0.02378096771421268,True
test,epoch0,0,0.8003337979316711,0.840292118138504,17,0.8210656257236705,9781.538244586336,r0_b4c_rod_outer_radius,,,False
test,epoch0,0,0.8003337979316711,0.840292118138504,17,0.8210656257236705,9781.538244586336,r0_b4c_rod_cr_fraction,,,False
test,epoch0,0,0.8003337979316711,0.840292118138504,17,0.8210656257236705,9781.538244586336,r1_fuel_annulus_outer_radius,,,False
test,epoch0,0,0.8003337979316711,0.840292118138504,17,0.8210656257236705,9781.538244586336,r1_fuel_annulus_enrichment,,,False
test,epoch0,0,0.8003337979316711,0.840292118138504,17,0.8210656257236705,9781.538244586336,r1_fuel_annulus_f_mod,,,False
test,epoch0,0,0.8003337979316711,0.840292118138504,17,0.8210656257236705,9781.538244586336,r2_water_outer_radius,,,False
test,epoch0,1,0.840292118138504,0.8802504383453369,21,0.858803411324819,8803.603209899118,r0_b4c_rod_outer_radius,0.020615400228300114,0.07402597402597402,True
test,epoch0,1,0.840292118138504,0.8802504383453369,21,0.858803411324819,8803.603209899118,r0_b4c_rod_cr_fraction,-0.2702362138589079,-0.23896103896103899,True
test,epoch0,1,0.840292118138504,0.8802504383453369,21,0.858803411324819,8803.603209899118,r1_fuel_annulus_outer_radius,-0.12587338762642525,-0.34675324675324676,True
test,epoch0,1,0.840292118138504,0.8802504383453369,21,0.858803411324819,8803.603209899118,r1_fuel_annulus_enrichment,0.27800782768803317,0.3246753246753247,True
test,epoch0,1,0.840292118138504,0.8802504383453369,21,0.858803411324819,8803.603209899118,r1_fuel_annulus_f_mod,0.06321516245641788,-0.0935064935064935,True
test,epoch0,1,0.840292118138504,0.8802504383453369,21,0.858803411324819,8803.603209899118,r2_water_outer_radius,-0.2663973113302232,-0.14805194805194805,True
test,epoch0,2,0.8802504383453369,0.9202087585521698,31,0.9007086138571462,6967.70875327463,r0_b4c_rod_outer_radius,-0.14687328565919486,-0.11854838709677422,True
test,epoch0,2,0.8802504383453369,0.9202087585521698,31,0.9007086138571462,6967.70875327463,r0_b4c_rod_cr_fraction,0.06540707236272264,-0.03951612903225807,True
test,epoch0,2,0.8802504383453369,0.9202087585521698,31,0.9007086138571462,6967.70875327463,r1_fuel_annulus_outer_radius,-0.49163120975743324,-0.5254032258064516,True
test,epoch0,2,0.8802504383453369,0.9202087585521698,31,0.9007086138571462,6967.70875327463,r1_fuel_annulus_enrichment,0.3519069922166048,0.4254032258064516,True
test,epoch0,2,0.8802504383453369,0.9202087585521698,31,0.9007086138571462,6967.70875327463,r1_fuel_annulus_f_mod,0.10142197144546532,0.22016129032258067,True
test,epoch0,2,0.8802504383453369,0.9202087585521698,31,0.9007086138571462,6967.70875327463,r2_water_outer_radius,-0.5373310146959732,-0.4495967741935484,True
test,epoch0,3,0.9202087585521698,0.9601670787590026,26,0.9426839833076184,6601.66451195311,r0_b4c_rod_outer_radius,-0.259819034762571,-0.25196581196581197,True
test,epoch0,3,0.9202087585521698,0.9601670787590026,26,0.9426839833076184,6601.66451195311,r0_b4c_rod_cr_fraction,-0.2296728020078098,-0.3572649572649573,True
test,epoch0,3,0.9202087585521698,0.9601670787590026,26,0.9426839833076184,6601.66451195311,r1_fuel_annulus_outer_radius,-0.7621012740543958,-0.8324786324786325,True
test,epoch0,3,0.9202087585521698,0.9601670787590026,26,0.9426839833076184,6601.66451195311,r1_fuel_annulus_enrichment,0.6771541091847489,0.7928205128205127,True
test,epoch0,3,0.9202087585521698,0.9601670787590026,26,0.9426839833076184,6601.66451195311,r1_fuel_annulus_f_mod,0.30531769336655384,0.27384615384615385,True
test,epoch0,3,0.9202087585521698,0.9601670787590026,26,0.9426839833076184,6601.66451195311,r2_water_outer_radius,-0.18527770078754707,-0.2451282051282051,True
test,epoch0,4,0.9601670787590026,1.0001253989658356,29,0.982132428678973,5619.953512870316,r0_b4c_rod_outer_radius,-0.04926218938463914,-0.10788177339901475,True
test,epoch0,4,0.9601670787590026,1.0001253989658356,29,0.982132428678973,5619.953512870316,r0_b4c_rod_cr_fraction,-0.022072520730140415,-0.012315270935960588,True
test,epoch0,4,0.9601670787590026,1.0001253989658356,29,0.982132428678973,5619.953512870316,r1_fuel_annulus_outer_radius,-0.7812962366216013,-0.8714285714285712,True
test,epoch0,4,0.9601670787590026,1.0001253989658356,29,0.982132428678973,5619.953512870316,r1_fuel_annulus_enrichment,0.7656137867304771,0.7881773399014776,True
test,epoch0,4,0.9601670787590026,1.0001253989658356,29,0.982132428678973,5619.953512870316,r1_fuel_annulus_f_mod,0.4397921292585589,0.3748768472906403,True
test,epoch0,4,0.9601670787590026,1.0001253989658356,29,0.982132428678973,5619.953512870316,r2_water_outer_radius,-0.08869110896592053,-0.08522167487684727,True
test,epoch0,5,1.0001253989658356,1.0400837191726684,34,1.0185585723203772,5011.250381885967,r0_b4c_rod_outer_radius,-0.47079385757349523,-0.4169595110771582,True
test,epoch0,5,1.0001253989658356,1.0400837191726684,34,1.0185585723203772,5011.250381885967,r0_b4c_rod_cr_fraction,-0.11089899552981462,-0.10954927425515659,True
test,epoch0,5,1.0001253989658356,1.0400837191726684,34,1.0185585723203772,5011.250381885967,r1_fuel_annulus_outer_radius,-0.7114278756734151,-0.762261268143621,True
test,epoch0,5,1.0001253989658356,1.0400837191726684,34,1.0185585723203772,5011.250381885967,r1_fuel_annulus_enrichment,0.6390032309522006,0.6760886172650877,True
test,epoch0,5,1.0001253989658356,1.0400837191726684,34,1.0185585723203772,5011.250381885967,r1_fuel_annulus_f_mod,0.18854733929989811,0.1893048128342246,True
test,epoch0,5,1.0001253989658356,1.0400837191726684,34,1.0185585723203772,5011.250381885967,r2_water_outer_radius,-0.25144496787496207,-0.26142093200916733,True
test,epoch0,6,1.0400837191726684,1.0800420393795012,38,1.057901542437704,4830.705397587234,r0_b4c_rod_outer_radius,-0.0008520019165640912,-0.048911259437575225,True
test,epoch0,6,1.0400837191726684,1.0800420393795012,38,1.057901542437704,4830.705397587234,r0_b4c_rod_cr_fraction,-0.3209218881364877,-0.32946711894080316,True
test,epoch0,6,1.0400837191726684,1.0800420393795012,38,1.057901542437704,4830.705397587234,r1_fuel_annulus_outer_radius,-0.580071311730572,-0.6664842980632454,True
test,epoch0,6,1.0400837191726684,1.0800420393795012,38,1.057901542437704,4830.705397587234,r1_fuel_annulus_enrichment,0.4555970191661119,0.5165773060509902,True
test,epoch0,6,1.0400837191726684,1.0800420393795012,38,1.057901542437704,4830.705397587234,r1_fuel_annulus_f_mod,0.34363305772441105,0.27169274537695587,True
test,epoch0,6,1.0400837191726684,1.0800420393795012,38,1.057901542437704,4830.705397587234,r2_water_outer_radius,-0.15459099914268642,-0.11784659153080204,True
test,epoch0,7,1.0800420393795012,1.1200003595863341,29,1.1015816844742874,3701.6234579658853,r0_b4c_rod_outer_radius,-0.13487468569764977,-0.05467980295566501,True
test,epoch0,7,1.0800420393795012,1.1200003595863341,29,1.1015816844742874,3701.6234579658853,r0_b4c_rod_cr_fraction,0.07869990457074966,0.0881773399014778,True
test,epoch0,7,1.0800420393795012,1.1200003595863341,29,1.1015816844742874,3701.6234579658853,r1_fuel_annulus_outer_radius,-0.8715357453387418,-0.7497536945812806,True
test,epoch0,7,1.0800420393795012,1.1200003595863341,29,1.1015816844742874,3701.6234579658853,r1_fuel_annulus_enrichment,0.6135173755994708,0.6512315270935959,True
test,epoch0,7,1.0800420393795012,1.1200003595863341,29,1.1015816844742874,3701.6234579658853,r1_fuel_annulus_f_mod,0.1288946265013178,0.03645320197044334,True
test,epoch0,7,1.0800420393795012,1.1200003595863341,29,1.1015816844742874,3701.6234579658853,r2_water_outer_radius,0.18844801540209324,0.264039408866995,True
test,epoch0,8,1.1200003595863341,1.1599586797931671,41,1.142772607687043,3223.1887565244065,r0_b4c_rod_outer_radius,-0.2815172175383459,-0.3263066202090593,True
test,epoch0,8,1.1200003595863341,1.1599586797931671,41,1.142772607687043,3223.1887565244065,r0_b4c_rod_cr_fraction,0.056511997373356535,0.12142857142857144,True
test,epoch0,8,1.1200003595863341,1.1599586797931671,41,1.142772607687043,3223.1887565244065,r1_fuel_annulus_outer_radius,-0.7916110091356191,-0.7841463414634148,True
test,epoch0,8,1.1200003595863341,1.1599586797931671,41,1.142772607687043,3223.1887565244065,r1_fuel_annulus_enrichment,0.33422573319218857,0.40296167247386766,True
test,epoch0,8,1.1200003595863341,1.1599586797931671,41,1.142772607687043,3223.1887565244065,r1_fuel_annulus_f_mod,0.44058804379048117,0.3587108013937283,True
test,epoch0,8,1.1200003595863341,1.1599586797931671,41,1.142772607687043,3223.1887565244065,r2_water_outer_radius,-0.0637722956299485,-0.04738675958188154,True
test,epoch0,9,1.1599586797931671,1.199917,34,1.1786137608920826,2881.4747186057607,r0_b4c_rod_outer_radius,-0.19068740268893958,-0.1605805958747135,True
test,epoch0,9,1.1599586797931671,1.199917,34,1.1786137608920826,2881.4747186057607,r0_b4c_rod_cr_fraction,0.13115361739796622,0.08663101604278074,True
test,epoch0,9,1.1599586797931671,1.199917,34,1.1786137608920826,2881.4747186057607,r1_fuel_annulus_outer_radius,-0.8765158518936328,-0.8939648586707409,True
test,epoch0,9,1.1599586797931671,1.199917,34,1.1786137608920826,2881.4747186057607,r1_fuel_annulus_enrichment,0.37084211604125544,0.38487394957983184,True
test,epoch0,9,1.1599586797931671,1.199917,34,1.1786137608920826,2881.4747186057607,r1_fuel_annulus_f_mod,0.5765095131544002,0.5743315508021389,True
test,epoch0,9,1.1599586797931671,1.199917,34,1.1786137608920826,2881.4747186057607,r2_water_outer_radius,-0.041640826233437574,-0.02857142857142857,True
test,final,0,0.8003337979316711,0.840292118138504,17,0.8210656257236705,1237.5889594109776,r0_b4c_rod_outer_radius,,,False
test,final,0,0.8003337979316711,0.840292118138504,17,0.8210656257236705,1237.5889594109776,r0_b4c_rod_cr_fraction,,,False
test,final,0,0.8003337979316711,0.840292118138504,17,0.8210656257236705,1237.5889594109776,r1_fuel_annulus_outer_radius,,,False
test,final,0,0.8003337979316711,0.840292118138504,17,0.8210656257236705,1237.5889594109776,r1_fuel_annulus_enrichment,,,False
test,final,0,0.8003337979316711,0.840292118138504,17,0.8210656257236705,1237.5889594109776,r1_fuel_annulus_f_mod,,,False
test,final,0,0.8003337979316711,0.840292118138504,17,0.8210656257236705,1237.5889594109776,r2_water_outer_radius,,,False
test,final,1,0.840292118138504,0.8802504383453369,21,0.858803411324819,1286.0837328418552,r0_b4c_rod_outer_radius,-0.26972888212412294,-0.3571428571428571,True
test,final,1,0.840292118138504,0.8802504383453369,21,0.858803411324819,1286.0837328418552,r0_b4c_rod_cr_fraction,0.4084332775579943,0.3948051948051948,True
test,final,1,0.840292118138504,0.8802504383453369,21,0.858803411324819,1286.0837328418552,r1_fuel_annulus_outer_radius,0.4492897710812986,-0.15454545454545454,True
test,final,1,0.840292118138504,0.8802504383453369,21,0.858803411324819,1286.0837328418552,r1_fuel_annulus_enrichment,-0.2317582670235131,-0.16623376623376623,True
test,final,1,0.840292118138504,0.8802504383453369,21,0.858803411324819,1286.0837328418552,r1_fuel_annulus_f_mod,0.6139796792527127,0.6701298701298701,True
test,final,1,0.840292118138504,0.8802504383453369,21,0.858803411324819,1286.0837328418552,r2_water_outer_radius,0.15342879661546746,0.14675324675324675,True
test,final,2,0.8802504383453369,0.9202087585521698,31,0.9007086138571462,951.8451138937968,r0_b4c_rod_outer_radius,-0.28944396886499185,-0.13225806451612906,True
test,final,2,0.8802504383453369,0.9202087585521698,31,0.9007086138571462,951.8451138937968,r0_b4c_rod_cr_fraction,-0.27001780627126953,-0.1338709677419355,True
test,final,2,0.8802504383453369,0.9202087585521698,31,0.9007086138571462,951.8451138937968,r1_fuel_annulus_outer_radius,-0.22508133985312387,-0.36733870967741944,True
test,final,2,0.8802504383453369,0.9202087585521698,31,0.9007086138571462,951.8451138937968,r1_fuel_annulus_enrichment,-0.023442470796632184,0.17862903225806454,True
test,final,2,0.8802504383453369,0.9202087585521698,31,0.9007086138571462,951.8451138937968,r1_fuel_annulus_f_mod,0.5056594358970966,0.48145161290322586,True
test,final,2,0.8802504383453369,0.9202087585521698,31,0.9007086138571462,951.8451138937968,r2_water_outer_radius,0.20472318356166114,0.09193548387096774,True
test,final,3,0.9202087585521698,0.9601670787590026,26,0.9426839833076184,799.6902236127012,r0_b4c_rod_outer_radius,-0.2352554103834349,-0.20205128205128203,True
test,final,3,0.9202087585521698,0.9601670787590026,26,0.9426839833076184,799.6902236127012,r0_b4c_rod_cr_fraction,-0.3551228630571342,-0.35521367521367525,True
test,final,3,0.9202087585521698,0.9601670787590026,26,0.9426839833076184,799.6902236127012,r1_fuel_annulus_outer_radius,-0.31177807102111094,-0.2745299145299145,True
test,final,3,0.9202087585521698,0.9601670787590026,26,0.9426839833076184,799.6902236127012,r1_fuel_annulus_enrichment,0.19961842084181927,0.12,True
test,final,3,0.9202087585521698,0.9601670787590026,26,0.9426839833076184,799.6902236127012,r1_fuel_annulus_f_mod,0.2540908314596988,0.2547008547008547,True
test,final,3,0.9202087585521698,0.9601670787590026,26,0.9426839833076184,799.6902236127012,r2_water_outer_radius,-0.15462312121845842,-0.08923076923076922,True
test,final,4,0.9601670787590026,1.0001253989658356,29,0.982132428678973,598.4176639408408,r0_b4c_rod_outer_radius,-0.3470947713427318,-0.1527093596059113,True
test,final,4,0.9601670787590026,1.0001253989658356,29,0.982132428678973,598.4176639408408,r0_b4c_rod_cr_fraction,-0.3729163258368094,-0.3926108374384235,True
test,final,4,0.9601670787590026,1.0001253989658356,29,0.982132428678973,598.4176639408408,r1_fuel_annulus_outer_radius,-0.08883174308258185,-0.334975369458128,True
test,final,4,0.9601670787590026,1.0001253989658356,29,0.982132428678973,598.4176639408408,r1_fuel_annulus_enrichment,0.09169648820548151,0.1970443349753694,True
test,final,4,0.9601670787590026,1.0001253989658356,29,0.982132428678973,598.4176639408408,r1_fuel_annulus_f_mod,0.16860658305326773,0.28768472906403936,True
test,final,4,0.9601670787590026,1.0001253989658356,29,0.982132428678973,598.4176639408408,r2_water_outer_radius,0.14479844309892542,0.13842364532019702,True
test,final,5,1.0001253989658356,1.0400837191726684,34,1.0185585723203772,566.8308558431551,r0_b4c_rod_outer_radius,-0.18836304661640887,0.08510313216195568,True
test,final,5,1.0001253989658356,1.0400837191726684,34,1.0185585723203772,566.8308558431551,r0_b4c_rod_cr_fraction,-0.23214156265189556,-0.38059587471352174,True
test,final,5,1.0001253989658356,1.0400837191726684,34,1.0185585723203772,566.8308558431551,r1_fuel_annulus_outer_radius,-0.3229683878803273,-0.31489686783804427,True
test,final,5,1.0001253989658356,1.0400837191726684,34,1.0185585723203772,566.8308558431551,r1_fuel_annulus_enrichment,0.42995434025750184,0.36042780748663095,True
test,final,5,1.0001253989658356,1.0400837191726684,34,1.0185585723203772,566.8308558431551,r1_fuel_annulus_f_mod,0.23031581785520666,0.3567608861726509,True
test,final,5,1.0001253989658356,1.0400837191726684,34,1.0185585723203772,566.8308558431551,r2_water_outer_radius,-0.26910797424393723,-0.2568372803666921,True
test,final,6,1.0400837191726684,1.0800420393795012,38,1.057901542437704,491.85554106772196,r0_b4c_rod_outer_radius,0.0801706961187935,0.09399277820330451,True
test,final,6,1.0400837191726684,1.0800420393795012,38,1.057901542437704,491.85554106772196,r0_b4c_rod_cr_fraction,0.23217309843651923,0.2325199693620746,True
test,final,6,1.0400837191726684,1.0800420393795012,38,1.057901542437704,491.85554106772196,r1_fuel_annulus_outer_radius,-0.04092390019861759,-0.2935769777875041,True
test,final,6,1.0400837191726684,1.0800420393795012,38,1.057901542437704,491.85554106772196,r1_fuel_annulus_enrichment,-0.09916466225676801,0.051537367326841006,True
test,final,6,1.0400837191726684,1.0800420393795012,38,1.057901542437704,491.85554106772196,r1_fuel_annulus_f_mod,0.6630287963019548,0.6003939161833899,True
test,final,6,1.0400837191726684,1.0800420393795012,38,1.057901542437704,491.85554106772196,r2_water_outer_radius,0.22311789798344264,0.19706751285698654,True
test,final,7,1.0800420393795012,1.1200003595863341,29,1.1015816844742874,280.59912348089085,r0_b4c_rod_outer_radius,0.2534544669186664,0.22906403940886697,True
test,final,7,1.0800420393795012,1.1200003595863341,29,1.1015816844742874,280.59912348089085,r0_b4c_rod_cr_fraction,0.2779065297916072,0.2970443349753694,True
test,final,7,1.0800420393795012,1.1200003595863341,29,1.1015816844742874,280.59912348089085,r1_fuel_annulus_outer_radius,0.2839646129104402,0.23546798029556643,True
test,final,7,1.0800420393795012,1.1200003595863341,29,1.1015816844742874,280.59912348089085,r1_fuel_annulus_enrichment,-0.41437765607387705,-0.39852216748768465,True
test,final,7,1.0800420393795012,1.1200003595863341,29,1.1015816844742874,280.59912348089085,r1_fuel_annulus_f_mod,0.2616641421702477,0.2743842364532019,True
test,final,7,1.0800420393795012,1.1200003595863341,29,1.1015816844742874,280.59912348089085,r2_water_outer_radius,0.22403027384347032,0.06354679802955664,True
test,final,8,1.1200003595863341,1.1599586797931671,41,1.142772607687043,302.6997750917739,r0_b4c_rod_outer_radius,-0.2081267639032122,-0.20696864111498262,True
test,final,8,1.1200003595863341,1.1599586797931671,41,1.142772607687043,302.6997750917739,r0_b4c_rod_cr_fraction,-0.07080869778649174,0.10139372822299654,True
test,final,8,1.1200003595863341,1.1599586797931671,41,1.142772607687043,302.6997750917739,r1_fuel_annulus_outer_radius,-0.31882301294813936,-0.2616724738675959,True
test,final,8,1.1200003595863341,1.1599586797931671,41,1.142772607687043,302.6997750917739,r1_fuel_annulus_enrichment,0.2308112546526966,0.07195121951219514,True
test,final,8,1.1200003595863341,1.1599586797931671,41,1.142772607687043,302.6997750917739,r1_fuel_annulus_f_mod,0.27962754634142795,0.29128919860627184,True
test,final,8,1.1200003595863341,1.1599586797931671,41,1.142772607687043,302.6997750917739,r2_water_outer_radius,-0.1577499717687944,-0.26376306620209067,True
test,final,9,1.1599586797931671,1.199917,34,1.1786137608920826,268.16972313143737,r0_b4c_rod_outer_radius,0.0344942855690587,0.04201680672268907,True
test,final,9,1.1599586797931671,1.199917,34,1.1786137608920826,268.16972313143737,r0_b4c_rod_cr_fraction,-0.13941695315999314,-0.1147440794499618,True
test,final,9,1.1599586797931671,1.199917,34,1.1786137608920826,268.16972313143737,r1_fuel_annulus_outer_radius,-0.32438777570541977,-0.41818181818181815,True
test,final,9,1.1599586797931671,1.199917,34,1.1786137608920826,268.16972313143737,r1_fuel_annulus_enrichment,-0.3037211973117066,-0.23514132925897632,True
test,final,9,1.1599586797931671,1.199917,34,1.1786137608920826,268.16972313143737,r1_fuel_annulus_f_mod,0.7517481841310645,0.7833460656990069,True
test,final,9,1.1599586797931671,1.199917,34,1.1786137608920826,268.16972313143737,r2_water_outer_radius,-0.07089044905617199,-0.17830404889228418,True
