epoch,region,xs_idx,min,max,mean,std,frac_at_lower_clip,frac_at_upper_clip
1,CR,0,-0.04799,0.01464,-0.01857,0.01230,0.000,0.000
1,CR,1,-0.16713,0.01684,-0.04229,0.03619,0.000,0.000
1,CR,2,-0.03086,0.04199,0.01705,0.01169,0.000,0.000
1,CR,3,-0.27595,0.03519,-0.07738,0.07279,0.000,0.000
1,CR,4,0.00000,0.00000,0.00000,0.00000,0.000,0.000
1,CR,5,0.00000,0.00000,0.00000,0.00000,0.000,0.000
1,CR,6,0.00000,0.00000,0.00000,0.00000,0.000,0.000
1,CR,7,-0.01058,0.06531,0.01597,0.01339,0.000,0.000
1,CR,8,-0.03932,0.10248,0.01664,0.02704,0.000,0.000
1,CR,9,0.00000,0.00000,0.00000,0.00000,0.000,0.000
1,CR,10,0.00000,0.00000,0.00000,0.00000,0.000,0.000
1,CR,11,0.00000,0.00000,0.00000,0.00000,0.000,0.000
1,Core,0,-0.00181,0.03645,0.01770,0.00734,0.000,0.000
1,Core,1,-0.10986,-0.00377,-0.05420,0.02421,0.000,0.000
1,Core,2,-0.01854,0.04278,0.01221,0.01243,0.000,0.000
1,Core,3,0.00641,0.03977,0.01767,0.00554,0.000,0.000
1,Core,4,-0.03209,0.02496,-0.00851,0.01224,0.000,0.000
1,Core,5,-0.03813,-0.00756,-0.01771,0.00513,0.000,0.000
1,Core,6,0.00000,0.00000,0.00000,0.00000,0.000,0.000
1,Core,7,-0.00120,0.04837,0.01727,0.00940,0.000,0.000
1,Core,8,-0.05856,0.03467,-0.01360,0.01978,0.000,0.000
1,Core,9,0.00000,0.00000,0.00000,0.00000,0.000,0.000
1,Core,10,-0.03740,0.00271,-0.01522,0.00691,0.000,0.000
1,Core,11,0.00000,0.00000,0.00000,0.00000,0.000,0.000
1,Moderator,0,0.00899,0.06740,0.03527,0.01357,0.000,0.000
1,Moderator,1,-0.10855,-0.00976,-0.05142,0.02000,0.000,0.000
1,Moderator,2,0.00544,0.05852,0.02973,0.01276,0.000,0.000
1,Moderator,3,0.01218,0.07041,0.03997,0.01339,0.000,0.000
1,Moderator,4,0.00000,0.00000,0.00000,0.00000,0.000,0.000
1,Moderator,5,0.00000,0.00000,0.00000,0.00000,0.000,0.000
1,Moderator,6,0.00000,0.00000,0.00000,0.00000,0.000,0.000
1,Moderator,7,-0.13990,-0.02877,-0.06288,0.02170,0.000,0.000
1,Moderator,8,0.03011,0.23047,0.08507,0.04330,0.000,0.000
1,Moderator,9,0.00000,0.00000,0.00000,0.00000,0.000,0.000
1,Moderator,10,0.00000,0.00000,0.00000,0.00000,0.000,0.000
1,Moderator,11,0.00000,0.00000,0.00000,0.00000,0.000,0.000
2,CR,0,-0.06506,0.02084,-0.02069,0.01895,0.000,0.000
2,CR,1,-0.10085,0.01552,-0.03082,0.02183,0.000,0.000
2,CR,2,-0.00453,0.06429,0.02629,0.01437,0.000,0.000
2,CR,3,-0.16321,0.08326,-0.02568,0.05724,0.000,0.000
2,CR,4,0.00000,0.00000,0.00000,0.00000,0.000,0.000
2,CR,5,0.00000,0.00000,0.00000,0.00000,0.000,0.000
2,CR,6,0.00000,0.00000,0.00000,0.00000,0.000,0.000
2,CR,7,-0.04435,0.07089,0.01102,0.02874,0.000,0.000
2,CR,8,-0.09374,0.04457,-0.02473,0.03251,0.000,0.000
2,CR,9,0.00000,0.00000,0.00000,0.00000,0.000,0.000
2,CR,10,0.00000,0.00000,0.00000,0.00000,0.000,0.000
2,CR,11,0.00000,0.00000,0.00000,0.00000,0.000,0.000
2,Core,0,-0.01237,0.05975,0.02258,0.01547,0.000,0.000
2,Core,1,-0.09708,0.01734,-0.03088,0.02423,0.000,0.000
2,Core,2,-0.01305,0.04844,0.01848,0.01274,0.000,0.000
2,Core,3,0.00219,0.05517,0.01929,0.00999,0.000,0.000
2,Core,4,-0.03748,0.02111,-0.01267,0.01029,0.000,0.000
2,Core,5,-0.04948,-0.00281,-0.01832,0.00869,0.000,0.000
2,Core,6,0.00000,0.00000,0.00000,0.00000,0.000,0.000
2,Core,7,-0.00408,0.08356,0.02366,0.01710,0.000,0.000
2,Core,8,-0.04915,0.01470,-0.02011,0.01274,0.000,0.000
2,Core,9,0.00000,0.00000,0.00000,0.00000,0.000,0.000
2,Core,10,-0.04227,-0.00474,-0.01680,0.00723,0.000,0.000
2,Core,11,0.00000,0.00000,0.00000,0.00000,0.000,0.000
2,Moderator,0,0.00677,0.08002,0.03640,0.01607,0.000,0.000
2,Moderator,1,-0.15591,-0.01101,-0.06130,0.02932,0.000,0.000
2,Moderator,2,0.00374,0.07321,0.03294,0.01541,0.000,0.000
2,Moderator,3,0.00730,0.08816,0.03964,0.01671,0.000,0.000
2,Moderator,4,0.00000,0.00000,0.00000,0.00000,0.000,0.000
2,Moderator,5,0.00000,0.00000,0.00000,0.00000,0.000,0.000
2,Moderator,6,0.00000,0.00000,0.00000,0.00000,0.000,0.000
2,Moderator,7,-0.13078,-0.01571,-0.05675,0.02111,0.000,0.000
2,Moderator,8,-0.00325,0.19258,0.07340,0.03948,0.000,0.000
2,Moderator,9,0.00000,0.00000,0.00000,0.00000,0.000,0.000
2,Moderator,10,0.00000,0.00000,0.00000,0.00000,0.000,0.000
2,Moderator,11,0.00000,0.00000,0.00000,0.00000,0.000,0.000
3,CR,0,-0.05733,0.03474,-0.01883,0.01964,0.000,0.000
3,CR,1,-0.15493,0.01625,-0.03432,0.02774,0.000,0.000
3,CR,2,-0.02944,0.05265,0.02545,0.01464,0.000,0.000
3,CR,3,-0.24568,0.15259,-0.02585,0.09139,0.000,0.000
3,CR,4,0.00000,0.00000,0.00000,0.00000,0.000,0.000
3,CR,5,0.00000,0.00000,0.00000,0.00000,0.000,0.000
3,CR,6,0.00000,0.00000,0.00000,0.00000,0.000,0.000
3,CR,7,-0.04887,0.04439,0.00221,0.02157,0.000,0.000
3,CR,8,-0.13144,0.04923,-0.04555,0.04876,0.000,0.000
3,CR,9,0.00000,0.00000,0.00000,0.00000,0.000,0.000
3,CR,10,0.00000,0.00000,0.00000,0.00000,0.000,0.000
3,CR,11,0.00000,0.00000,0.00000,0.00000,0.000,0.000
3,Core,0,-0.01365,0.06077,0.02369,0.01499,0.000,0.000
3,Core,1,-0.10937,0.02017,-0.02509,0.02187,0.000,0.000
3,Core,2,-0.01082,0.05122,0.01985,0.01256,0.000,0.000
3,Core,3,0.00153,0.04953,0.01758,0.00832,0.000,0.000
3,Core,4,-0.03092,0.01677,-0.01333,0.00855,0.000,0.000
3,Core,5,-0.04294,-0.00151,-0.01620,0.00706,0.000,0.000
3,Core,6,0.00000,0.00000,0.00000,0.00000,0.000,0.000
3,Core,7,-0.00195,0.08343,0.02428,0.01629,0.000,0.000
3,Core,8,-0.05299,0.00948,-0.02235,0.01220,0.000,0.000
3,Core,9,0.00000,0.00000,0.00000,0.00000,0.000,0.000
3,Core,10,-0.03772,-0.00190,-0.01526,0.00616,0.000,0.000
3,Core,11,0.00000,0.00000,0.00000,0.00000,0.000,0.000
3,Moderator,0,-0.01217,0.10045,0.03843,0.02605,0.000,0.000
3,Moderator,1,-0.20623,0.01605,-0.07265,0.04820,0.000,0.000
3,Moderator,2,-0.01457,0.09363,0.03517,0.02490,0.000,0.000
3,Moderator,3,-0.01129,0.10351,0.04126,0.02561,0.000,0.000
3,Moderator,4,0.00000,0.00000,0.00000,0.00000,0.000,0.000
3,Moderator,5,0.00000,0.00000,0.00000,0.00000,0.000,0.000
3,Moderator,6,0.00000,0.00000,0.00000,0.00000,0.000,0.000
3,Moderator,7,-0.12416,-0.01106,-0.05527,0.02085,0.000,0.000
3,Moderator,8,-0.02366,0.19092,0.07010,0.04234,0.000,0.000
3,Moderator,9,0.00000,0.00000,0.00000,0.00000,0.000,0.000
3,Moderator,10,0.00000,0.00000,0.00000,0.00000,0.000,0.000
3,Moderator,11,0.00000,0.00000,0.00000,0.00000,0.000,0.000
4,CR,0,-0.06681,0.03085,-0.02122,0.02119,0.000,0.000
4,CR,1,-0.18955,0.02354,-0.03254,0.03002,0.000,0.000
4,CR,2,-0.06418,0.05225,0.02214,0.01762,0.000,0.000
4,CR,3,-0.27423,0.16800,-0.01151,0.09088,0.000,0.000
4,CR,4,0.00000,0.00000,0.00000,0.00000,0.000,0.000
4,CR,5,0.00000,0.00000,0.00000,0.00000,0.000,0.000
4,CR,6,0.00000,0.00000,0.00000,0.00000,0.000,0.000
4,CR,7,-0.12031,0.05714,-0.00846,0.03768,0.000,0.000
4,CR,8,-0.15813,0.04822,-0.05845,0.05250,0.000,0.000
4,CR,9,0.00000,0.00000,0.00000,0.00000,0.000,0.000
4,CR,10,0.00000,0.00000,0.00000,0.00000,0.000,0.000
4,CR,11,0.00000,0.00000,0.00000,0.00000,0.000,0.000
4,Core,0,-0.01791,0.06457,0.02268,0.01782,0.000,0.000
4,Core,1,-0.12400,0.02990,-0.02147,0.02548,0.000,0.000
4,Core,2,-0.02462,0.04888,0.02199,0.01514,0.000,0.000
4,Core,3,0.00206,0.04258,0.01646,0.00759,0.000,0.000
4,Core,4,-0.04591,0.02274,-0.01585,0.01272,0.000,0.000
4,Core,5,-0.03500,-0.00187,-0.01476,0.00620,0.000,0.000
4,Core,6,0.00000,0.00000,0.00000,0.00000,0.000,0.000
4,Core,7,-0.00347,0.07683,0.02424,0.01582,0.000,0.000
4,Core,8,-0.05556,0.01783,-0.02583,0.01563,0.000,0.000
4,Core,9,0.00000,0.00000,0.00000,0.00000,0.000,0.000
4,Core,10,-0.02998,-0.00516,-0.01478,0.00517,0.000,0.000
4,Core,11,0.00000,0.00000,0.00000,0.00000,0.000,0.000
4,Moderator,0,-0.01919,0.10519,0.03885,0.02874,0.000,0.000
4,Moderator,1,-0.21966,0.02259,-0.07938,0.05411,0.000,0.000
4,Moderator,2,-0.02062,0.09941,0.03516,0.02718,0.000,0.000
4,Moderator,3,-0.01654,0.11181,0.04226,0.02839,0.000,0.000
4,Moderator,4,0.00000,0.00000,0.00000,0.00000,0.000,0.000
4,Moderator,5,0.00000,0.00000,0.00000,0.00000,0.000,0.000
4,Moderator,6,0.00000,0.00000,0.00000,0.00000,0.000,0.000
4,Moderator,7,-0.11173,-0.00324,-0.05529,0.02158,0.000,0.000
4,Moderator,8,-0.01812,0.21277,0.07333,0.04730,0.000,0.000
4,Moderator,9,0.00000,0.00000,0.00000,0.00000,0.000,0.000
4,Moderator,10,0.00000,0.00000,0.00000,0.00000,0.000,0.000
4,Moderator,11,0.00000,0.00000,0.00000,0.00000,0.000,0.000
5,CR,0,-0.07664,0.03068,-0.02433,0.02450,0.000,0.000
5,CR,1,-0.22712,0.03821,-0.03409,0.03706,0.000,0.000
5,CR,2,-0.08722,0.05518,0.02003,0.02094,0.000,0.000
5,CR,3,-0.27899,0.13069,-0.00763,0.07169,0.000,0.000
5,CR,4,0.00000,0.00000,0.00000,0.00000,0.000,0.000
5,CR,5,0.00000,0.00000,0.00000,0.00000,0.000,0.000
5,CR,6,0.00000,0.00000,0.00000,0.00000,0.000,0.000
5,CR,7,-0.14787,0.04440,-0.01694,0.03868,0.000,0.000
5,CR,8,-0.16987,0.04324,-0.06900,0.04965,0.000,0.000
5,CR,9,0.00000,0.00000,0.00000,0.00000,0.000,0.000
5,CR,10,0.00000,0.00000,0.00000,0.00000,0.000,0.000
5,CR,11,0.00000,0.00000,0.00000,0.00000,0.000,0.000
5,Core,0,-0.01696,0.05800,0.02122,0.01584,0.000,0.000
5,Core,1,-0.13227,0.03448,-0.01695,0.02682,0.000,0.000
5,Core,2,-0.02358,0.05433,0.02322,0.01441,0.000,0.000
5,Core,3,-0.00023,0.04095,0.01571,0.00775,0.000,0.000
5,Core,4,-0.03879,0.01130,-0.01719,0.00992,0.000,0.000
5,Core,5,-0.03380,0.00097,-0.01386,0.00671,0.000,0.000
5,Core,6,0.00000,0.00000,0.00000,0.00000,0.000,0.000
5,Core,7,0.00032,0.07418,0.02518,0.01492,0.000,0.000
5,Core,8,-0.06760,0.01921,-0.02789,0.01511,0.000,0.000
5,Core,9,0.00000,0.00000,0.00000,0.00000,0.000,0.000
5,Core,10,-0.03055,-0.00287,-0.01441,0.00555,0.000,0.000
5,Core,11,0.00000,0.00000,0.00000,0.00000,0.000,0.000
5,Moderator,0,-0.03547,0.11620,0.03782,0.03535,0.000,0.000
5,Moderator,1,-0.23945,0.03595,-0.08202,0.05963,0.000,0.000
5,Moderator,2,-0.03611,0.10889,0.03367,0.03309,0.000,0.000
5,Moderator,3,-0.03226,0.12406,0.04171,0.03564,0.000,0.000
5,Moderator,4,0.00000,0.00000,0.00000,0.00000,0.000,0.000
5,Moderator,5,0.00000,0.00000,0.00000,0.00000,0.000,0.000
5,Moderator,6,0.00000,0.00000,0.00000,0.00000,0.000,0.000
5,Moderator,7,-0.12029,-0.00168,-0.05395,0.02178,0.000,0.000
5,Moderator,8,-0.02210,0.22824,0.07503,0.05029,0.000,0.000
5,Moderator,9,0.00000,0.00000,0.00000,0.00000,0.000,0.000
5,Moderator,10,0.00000,0.00000,0.00000,0.00000,0.000,0.000
5,Moderator,11,0.00000,0.00000,0.00000,0.00000,0.000,0.000
6,CR,0,-0.06675,0.03184,-0.02047,0.02276,0.000,0.000
6,CR,1,-0.24700,0.01494,-0.04132,0.03381,0.000,0.000
6,CR,2,-0.09065,0.05059,0.01460,0.02024,0.000,0.000
6,CR,3,-0.30914,0.15152,-0.02586,0.09082,0.000,0.000
6,CR,4,0.00000,0.00000,0.00000,0.00000,0.000,0.000
6,CR,5,0.00000,0.00000,0.00000,0.00000,0.000,0.000
6,CR,6,0.00000,0.00000,0.00000,0.00000,0.000,0.000
6,CR,7,-0.18163,0.05928,-0.01684,0.04489,0.000,0.000
6,CR,8,-0.18113,0.08784,-0.06253,0.05679,0.000,0.000
6,CR,9,0.00000,0.00000,0.00000,0.00000,0.000,0.000
6,CR,10,0.00000,0.00000,0.00000,0.00000,0.000,0.000
6,CR,11,0.00000,0.00000,0.00000,0.00000,0.000,0.000
6,Core,0,-0.02359,0.06284,0.02136,0.01738,0.000,0.000
6,Core,1,-0.13412,0.05661,-0.00662,0.03071,0.000,0.000
6,Core,2,-0.03882,0.04955,0.02091,0.01657,0.000,0.000
6,Core,3,0.00211,0.03678,0.01566,0.00624,0.000,0.000
6,Core,4,-0.03938,0.02649,-0.01315,0.01168,0.000,0.000
6,Core,5,-0.02973,-0.00075,-0.01352,0.00545,0.000,0.000
6,Core,6,0.00000,0.00000,0.00000,0.00000,0.000,0.000
6,Core,7,-0.00762,0.06822,0.02597,0.01398,0.000,0.000
6,Core,8,-0.05168,0.03655,-0.02354,0.01673,0.000,0.000
6,Core,9,0.00000,0.00000,0.00000,0.00000,0.000,0.000
6,Core,10,-0.02616,-0.00296,-0.01318,0.00523,0.000,0.000
6,Core,11,0.00000,0.00000,0.00000,0.00000,0.000,0.000
6,Moderator,0,-0.04099,0.11914,0.03779,0.03658,0.000,0.000
6,Moderator,1,-0.23652,0.03519,-0.08677,0.05963,0.000,0.000
6,Moderator,2,-0.03984,0.11271,0.03454,0.03404,0.000,0.000
6,Moderator,3,-0.03923,0.12651,0.04027,0.03683,0.000,0.000
6,Moderator,4,0.00000,0.00000,0.00000,0.00000,0.000,0.000
6,Moderator,5,0.00000,0.00000,0.00000,0.00000,0.000,0.000
6,Moderator,6,0.00000,0.00000,0.00000,0.00000,0.000,0.000
6,Moderator,7,-0.11381,0.01501,-0.04921,0.02436,0.000,0.000
6,Moderator,8,-0.02563,0.23639,0.07021,0.05349,0.000,0.000
6,Moderator,9,0.00000,0.00000,0.00000,0.00000,0.000,0.000
6,Moderator,10,0.00000,0.00000,0.00000,0.00000,0.000,0.000
6,Moderator,11,0.00000,0.00000,0.00000,0.00000,0.000,0.000
7,CR,0,-0.07860,0.02981,-0.02143,0.02626,0.000,0.000
7,CR,1,-0.20762,0.02166,-0.04048,0.03151,0.000,0.000
7,CR,2,-0.08651,0.04632,0.01567,0.01917,0.000,0.000
7,CR,3,-0.26259,0.13970,-0.00941,0.07888,0.000,0.000
7,CR,4,0.00000,0.00000,0.00000,0.00000,0.000,0.000
7,CR,5,0.00000,0.00000,0.00000,0.00000,0.000,0.000
7,CR,6,0.00000,0.00000,0.00000,0.00000,0.000,0.000
7,CR,7,-0.24079,0.07884,-0.02173,0.05917,0.000,0.000
7,CR,8,-0.22201,0.10242,-0.07513,0.07405,0.000,0.000
7,CR,9,0.00000,0.00000,0.00000,0.00000,0.000,0.000
7,CR,10,0.00000,0.00000,0.00000,0.00000,0.000,0.000
7,CR,11,0.00000,0.00000,0.00000,0.00000,0.000,0.000
7,Core,0,-0.02633,0.07155,0.02433,0.01904,0.000,0.000
7,Core,1,-0.13980,0.05837,-0.00711,0.03424,0.000,0.000
7,Core,2,-0.04114,0.05114,0.02164,0.01686,0.000,0.000
7,Core,3,0.00005,0.04429,0.01665,0.00841,0.000,0.000
7,Core,4,-0.04026,0.02698,-0.01345,0.01104,0.000,0.000
7,Core,5,-0.03710,0.00124,-0.01450,0.00719,0.000,0.000
7,Core,6,0.00000,0.00000,0.00000,0.00000,0.000,0.000
7,Core,7,-0.01037,0.07461,0.02707,0.01564,0.000,0.000
7,Core,8,-0.05409,0.03768,-0.02413,0.01654,0.000,0.000
7,Core,9,0.00000,0.00000,0.00000,0.00000,0.000,0.000
7,Core,10,-0.03223,-0.00182,-0.01400,0.00618,0.000,0.000
7,Core,11,0.00000,0.00000,0.00000,0.00000,0.000,0.000
7,Moderator,0,-0.05746,0.13686,0.03710,0.04516,0.000,0.000
7,Moderator,1,-0.25497,0.06557,-0.08291,0.07256,0.000,0.000
7,Moderator,2,-0.05551,0.12634,0.03411,0.04216,0.000,0.000
7,Moderator,3,-0.05423,0.13866,0.04007,0.04476,0.000,0.000
7,Moderator,4,0.00000,0.00000,0.00000,0.00000,0.000,0.000
7,Moderator,5,0.00000,0.00000,0.00000,0.00000,0.000,0.000
7,Moderator,6,0.00000,0.00000,0.00000,0.00000,0.000,0.000
7,Moderator,7,-0.11893,0.01154,-0.05130,0.02411,0.000,0.000
7,Moderator,8,-0.04109,0.27547,0.07971,0.06288,0.000,0.000
7,Moderator,9,0.00000,0.00000,0.00000,0.00000,0.000,0.000
7,Moderator,10,0.00000,0.00000,0.00000,0.00000,0.000,0.000
7,Moderator,11,0.00000,0.00000,0.00000,0.00000,0.000,0.000
