sample_idx,b4c_r,cr_frac,fuel_r,enrichment,f_mod,water_r,keff_ref,keff_pred,delta_rho_pcm,CR_D1,CR_D2,CR_Sa1,CR_Sa2,CR_nSf1,CR_nSf2,CR_Ss11,CR_Ss22,CR_Ss12,CR_Ss21,CR_chi1,CR_chi2,Core_D1,Core_D2,Core_Sa1,Core_Sa2,Core_nSf1,Core_nSf2,Core_Ss11,Core_Ss22,Core_Ss12,Core_Ss21,Core_chi1,Core_chi2,Mod_D1,Mod_D2,Mod_Sa1,Mod_Sa2,Mod_nSf1,Mod_nSf2,Mod_Ss11,Mod_Ss22,Mod_Ss12,Mod_Ss21,Mod_chi1,Mod_chi2
0,2.8833370208740234,0.38819530606269836,17.457651138305664,2.8513174057006836,0.5622612833976746,48.38957214355469,0.9057970643043518,0.8982527852058411,927.23,0.9039586186408997,0.03704436123371124,0.046284373849630356,8.893309593200684,0.0,0.0,0.3154423236846924,7.470243872376159e-05,0.0037645441479980946,0.8109214901924133,0.0,0.0,1.0925467014312744,0.3780207633972168,0.014882046729326248,0.18051834404468536,0.010134216398000717,0.29982781410217285,0.28523024916648865,0.018078355118632317,0.00043635605834424496,0.6667960286140442,0.9800323247909546,0.0,0.8496031165122986,0.2467852085828781,0.0005621054442599416,0.019791170954704285,0.0,0.0,0.34569641947746277,0.053614869713783264,6.908315845066682e-05,1.2850348949432373,0.0,0.0
1,1.2127220630645752,0.49734777212142944,14.143279075622559,9.76501750946045,0.48362109065055847,57.12531661987305,0.9885268807411194,0.9888472557067871,32.77,0.8394706845283508,0.02450825460255146,0.06817050278186798,8.993447303771973,0.0,0.0,0.32323598861694336,3.4934513678308576e-05,0.004092566668987274,0.7683848738670349,0.0,0.0,1.1249221563339233,0.34316888451576233,0.02205382101237774,0.4933386445045471,0.02310858480632305,0.9370414018630981,0.2695123553276062,0.01048242673277855,0.0008774496964178979,0.4844723343849182,0.985237181186676,0.0,0.8758251070976257,0.23414002358913422,0.0005549715715460479,0.020016256719827652,0.0,0.0,0.3444211483001709,0.051391877233982086,8.256820001406595e-05,1.280041217803955,0.0,0.0
2,5.540659427642822,0.8032466769218445,43.59537887573242,4.276993274688721,0.4449407458305359,47.783966064453125,1.11003839969635,1.1097291707992554,25.1,0.8587577939033508,0.007521013263612986,0.04753018543124199,18.194656372070312,0.0,0.0,0.3344458043575287,5.0664293667068705e-06,0.003453027456998825,0.6610068082809448,0.0,0.0,1.0481430292129517,0.5177392959594727,0.017829861491918564,0.2487362027168274,0.015434550121426582,0.44454121589660645,0.2782262861728668,0.012527134269475937,0.0007914945599623024,0.4785674810409546,0.9973090291023254,0.0,0.8612103462219238,0.2444811463356018,0.000509528093971312,0.01866034045815468,0.0,0.0,0.3482730984687805,0.05005958676338196,0.00020617210248019546,1.2135670185089111,0.0,0.0
3,3.286120891571045,0.5952444076538086,40.443180084228516,2.270658254623413,0.7518823742866516,58.41872024536133,1.1437339782714844,1.1433672904968262,28.04,0.8700384497642517,0.006408790126442909,0.06217460334300995,17.115257263183594,0.0,0.0,0.30617961287498474,3.299391391919926e-05,0.0013802195899188519,0.7059359550476074,0.0,0.0,0.9733679890632629,0.29888904094696045,0.010871672071516514,0.11212494224309921,0.005407741293311119,0.17186246812343597,0.3074532449245453,0.030594926327466965,0.00023350775882136077,0.9193031191825867,0.979230523109436,0.0,0.872868537902832,0.2467009276151657,0.0005788420676253736,0.019896147772669792,0.0,0.0,0.3393952250480652,0.051442861557006836,9.25211061257869e-05,1.2766355276107788,0.0,0.0
4,1.2715644836425781,0.14641745388507843,27.648921966552734,4.465973854064941,0.6087572574615479,59.427738189697266,1.1779838800430298,1.1791095733642578,81.05,0.7751947641372681,0.09690598398447037,0.04669030010700226,2.8252530097961426,0.0,0.0,0.37976422905921936,0.0003099861787632108,0.0024753385223448277,0.9272205829620361,0.0,0.0,1.0520498752593994,0.3610621392726898,0.01633858121931553,0.21554188430309296,0.012371486984193325,0.38896095752716064,0.2934059202671051,0.020861798897385597,0.0005809684516862035,0.6573514342308044,0.9902385473251343,0.0,0.85520339012146,0.23679882287979126,0.0005820340011268854,0.020111648365855217,0.0,0.0,0.34469959139823914,0.05498309060931206,4.3702981201931834e-05,1.2965654134750366,0.0,0.0
5,3.1763341426849365,0.960365355014801,14.733500480651855,2.812803030014038,0.6330329179763794,50.472740173339844,0.8285161256790161,0.8288508057594299,48.74,0.6919412612915039,0.020335372537374496,0.08477570861577988,32.38167190551758,0.0,0.0,0.36709555983543396,3.6278048355598e-05,0.002212072256952524,0.5807296633720398,0.0,0.0,1.0612887144088745,0.33463937044143677,0.013268173672258854,0.16212251782417297,0.008527209982275963,0.2593061029911041,0.28920790553092957,0.020894207060337067,0.0003604612429626286,0.7581670880317688,0.9696164131164551,0.0,0.8657137155532837,0.24794495105743408,0.0005687962402589619,0.020096443593502045,0.0,0.0,0.34367135167121887,0.050384968519210815,8.04670198704116e-05,1.2834302186965942,0.0,0.0
6,2.8026607036590576,0.24549919366836548,44.89113998413086,1.7757405042648315,0.5510857701301575,49.08967590332031,1.0507285594940186,1.052344799041748,146.17,0.8814354538917542,0.06360013037919998,0.03768058121204376,5.606863498687744,0.0,0.0,0.33778443932533264,0.00015821715351194143,0.0023751899134367704,0.8986402153968811,0.0,0.0,1.0205096006393433,0.45205479860305786,0.013901816681027412,0.13707387447357178,0.008273521438241005,0.2141914665699005,0.2895878553390503,0.019447261467576027,0.0003987877571489662,0.6732926368713379,0.9908033609390259,0.0,0.8193379640579224,0.2676326036453247,0.000500836584251374,0.01800246350467205,0.0,0.0,0.34563547372817993,0.050965823233127594,0.0001935684122145176,1.2223048210144043,0.0,0.0
7,4.161663055419922,0.3173900544643402,12.45724105834961,6.175238132476807,0.5219464302062988,46.959877014160156,0.8218211531639099,0.8216560482978821,24.45,0.972393810749054,0.05845392122864723,0.026970041915774345,5.745777606964111,0.0,0.0,0.3007538616657257,2.565879731264431e-05,0.004855830688029528,0.8474814891815186,0.0,0.0,1.1377277374267578,0.3567531406879425,0.018089046701788902,0.3445799648761749,0.01626221463084221,0.6259505748748779,0.27451494336128235,0.0129519859328866,0.0006189036066643894,0.5711843967437744,0.9789297580718994,0.0,0.873056173324585,0.23630984127521515,0.0005554197123274207,0.020150553435087204,0.0,0.0,0.344987690448761,0.05076536536216736,8.088480535661802e-05,1.28206467628479,0.0,0.0
8,2.86116361618042,0.8591974973678589,29.177978515625,4.480123043060303,0.6436386108398438,40.68550109863281,1.1835349798202515,1.1840862035751343,39.33,0.7596250772476196,0.01241171732544899,0.08059088885784149,25.73358154296875,0.0,0.0,0.3452577292919159,3.531139373080805e-05,0.00287050218321383,0.6011337637901306,0.0,0.0,0.9885184168815613,0.37066012620925903,0.015397638082504272,0.20258067548274994,0.011776166968047619,0.3589656352996826,0.2970065474510193,0.022549830377101898,0.0005699869361706078,0.6953101754188538,0.9881119728088379,0.0,0.848625898361206,0.2557724714279175,0.000542946218047291,0.019142882898449898,0.0,0.0,0.3432685136795044,0.051473937928676605,0.00012803991558030248,1.2587933540344238,0.0,0.0
9,5.11282205581665,0.8996831774711609,25.32490348815918,8.506242752075195,0.5686848759651184,59.89452362060547,1.1413801908493042,1.141457438468933,5.93,0.8041375875473022,0.020777586847543716,0.05216436833143234,22.314332962036133,0.0,0.0,0.35369738936424255,4.741144584841095e-05,0.0025561496149748564,0.5951198935508728,0.0,0.0,1.0586191415786743,0.35857608914375305,0.019996657967567444,0.3688812553882599,0.019431069493293762,0.7044660449028015,0.2849026322364807,0.015814991667866707,0.0008499807445332408,0.5437825918197632,0.9902268052101135,0.0,0.8878073692321777,0.22767989337444305,0.0005833429167978466,0.020401351153850555,0.0,0.0,0.34417563676834106,0.053880900144577026,6.068159927963279e-05,1.2875192165374756,0.0,0.0
10,2.5690484046936035,0.3485322594642639,12.720087051391602,4.851570129394531,0.7470273375511169,40.263282775878906,0.9090198278427124,0.9087186455726624,36.46,0.861636221408844,0.038774408400058746,0.0487656369805336,8.574319839477539,0.0,0.0,0.31785812973976135,0.00010674085206119344,0.0030567876528948545,0.8365871906280518,0.0,0.0,1.0294100046157837,0.2912648916244507,0.012414022348821163,0.18450182676315308,0.00854508113116026,0.31574827432632446,0.2991954982280731,0.025679975748062134,0.0003845402679871768,0.8549983501434326,0.9729268550872803,0.0,0.8611270189285278,0.24749521911144257,0.000562045956030488,0.020028768107295036,0.0,0.0,0.34189948439598083,0.04938532039523125,7.974224718054757e-05,1.2850619554519653,0.0,0.0
11,3.545090913772583,0.5571422576904297,26.306028366088867,5.10899019241333,0.4258115589618683,45.98463821411133,1.04257333278656,1.0426324605941772,5.44,0.9314051270484924,0.017876988276839256,0.04742961749434471,10.372541427612305,0.0,0.0,0.3093563914299011,1.0279874231855501e-06,0.005166277289390564,0.7388202548027039,0.0,0.0,1.1410695314407349,0.4434104561805725,0.019069433212280273,0.307260662317276,0.01697249338030815,0.5613008141517639,0.27320799231529236,0.011157535947859287,0.0007785467896610498,0.4624926745891571,0.9904007315635681,0.0,0.8813561201095581,0.2258029729127884,0.0005721406196244061,0.020380733534693718,0.0,0.0,0.34978553652763367,0.05475069209933281,7.552043825853616e-05,1.2779161930084229,0.0,0.0
12,1.6479060649871826,0.19627179205417633,30.264780044555664,6.762600421905518,0.5069546699523926,50.6141471862793,1.187244176864624,1.1840596199035645,226.54,0.8543862700462341,0.09051179140806198,0.03995374217629433,3.3125417232513428,0.0,0.0,0.35555920004844666,0.00018703799287322909,0.004771082196384668,0.8984093070030212,0.0,0.0,1.0856404304504395,0.4119063913822174,0.020277485251426697,0.32822874188423157,0.018756091594696045,0.6211063861846924,0.28250956535339355,0.014350641518831253,0.0008792000007815659,0.4918277859687805,0.9948263168334961,0.0,0.8494177460670471,0.23766788840293884,0.000555069069378078,0.019580844789743423,0.0,0.0,0.34688887000083923,0.05508028343319893,7.570884190499783e-05,1.2778642177581787,0.0,0.0
13,1.1719471216201782,0.4216476380825043,15.333587646484375,3.3898706436157227,0.7625411748886108,53.94184875488281,0.9733064770698547,0.9718031883239746,158.93,0.7650099992752075,0.02415223978459835,0.07967104017734528,11.889444351196289,0.0,0.0,0.3361711800098419,0.0001690881617832929,0.0022568877320736647,0.7937132716178894,0.0,0.0,1.0028364658355713,0.28588053584098816,0.011112602427601814,0.13338957726955414,0.006385553628206253,0.2137521207332611,0.30310356616973877,0.02833983674645424,0.0003048976941499859,0.9087857007980347,0.9737709164619446,0.0,0.8502493500709534,0.25551098585128784,0.000566961127333343,0.019816450774669647,0.0,0.0,0.34131014347076416,0.05047592148184776,7.294129318324849e-05,1.2869266271591187,0.0,0.0
14,4.470916748046875,0.6981523036956787,21.85952377319336,6.688549518585205,0.5764337182044983,54.00231170654297,1.0800817012786865,1.0854212045669556,455.46,0.9015024900436401,0.008143411949276924,0.049436621367931366,15.908465385437012,0.0,0.0,0.31180694699287415,1.0346250292059267e-06,0.0035245935432612896,0.6690400838851929,0.0,0.0,1.0655051469802856,0.3642618954181671,0.01828310824930668,0.31480592489242554,0.016467038542032242,0.5842567086219788,0.28563007712364197,0.01677544228732586,0.0007175160571932793,0.5863971710205078,0.9860132932662964,0.0,0.8896089792251587,0.22987167537212372,0.0005854800692759454,0.020469870418310165,0.0,0.0,0.34442436695098877,0.05436922237277031,6.145904626464471e-05,1.2866042852401733,0.0,0.0
15,5.913018226623535,0.42336106300354004,24.96083641052246,3.0796241760253906,0.3837902545928955,54.930152893066406,0.9014257788658142,0.9024387001991272,124.52,1.0251210927963257,0.0365174226462841,0.029730359092354774,7.596128940582275,0.0,0.0,0.29417717456817627,1.0323615242668893e-06,0.00510058831423521,0.7981458306312561,0.0,0.0,1.1839160919189453,0.47377708554267883,0.016787191852927208,0.22735844552516937,0.013008150272071362,0.39291927218437195,0.2693922817707062,0.010318354703485966,0.0006095717544667423,0.47826915979385376,0.9900688529014587,0.0,0.8757488131523132,0.225847065448761,0.0005770611460320652,0.02045128494501114,0.0,0.0,0.35108232498168945,0.05628266930580139,6.021847002557479e-05,1.2849335670471191,0.0,0.0
16,1.22199285030365,0.7936025261878967,11.417576789855957,7.8096699714660645,0.6479824781417847,56.2958869934082,0.9403373599052429,0.9366212487220764,421.93,0.6929768919944763,0.003213678952306509,0.10484622418880463,20.791852951049805,0.0,0.0,0.3438047766685486,4.0100232581608e-05,0.0019219868117943406,0.650901734828949,0.0,0.0,1.035351276397705,0.3196927309036255,0.01699637807905674,0.3315487205982208,0.015552772209048271,0.6027088165283203,0.28655868768692017,0.018860865384340286,0.0006109693204052746,0.6722154021263123,0.973990797996521,0.0,0.8786582946777344,0.24404512345790863,0.00055829988559708,0.02002559043467045,0.0,0.0,0.3414642810821533,0.04773537069559097,0.00011581611761357635,1.2713736295700073,0.0,0.0
17,1.2867954969406128,0.3796710669994354,18.547883987426758,7.291567802429199,0.664634644985199,53.41659927368164,1.142615795135498,1.1428327560424805,16.61,0.8193657994270325,0.036945320665836334,0.06616730242967606,7.935675144195557,0.0,0.0,0.33366888761520386,0.0001385939249303192,0.00311265024356544,0.8091261982917786,0.0,0.0,1.0299307107925415,0.33490291237831116,0.01710856705904007,0.2861562669277191,0.014811795204877853,0.5308501124382019,0.2940087616443634,0.02139868214726448,0.0006526680663228035,0.6755882501602173,0.9833723306655884,0.0,0.8582767248153687,0.24340812861919403,0.0005681480979546905,0.019828155636787415,0.0,0.0,0.3423132300376892,0.05316430702805519,6.499297160189599e-05,1.287018060684204,0.0,0.0
18,5.5810017585754395,0.6356587409973145,22.997020721435547,8.68570613861084,0.47778230905532837,53.042999267578125,1.058573603630066,1.0566123723983765,175.34,0.9732361435890198,0.016805075109004974,0.03686629235744476,12.155673027038574,0.0,0.0,0.30311819911003113,1.0389957196821342e-06,0.004925599321722984,0.6931459307670593,0.0,0.0,1.1204701662063599,0.3754849135875702,0.02136564813554287,0.435817688703537,0.022005651146173477,0.8383253216743469,0.2737198770046234,0.010984176769852638,0.0009206837858073413,0.46728771924972534,0.9951095581054688,0.0,0.887765645980835,0.22504352033138275,0.0005747854011133313,0.020414719358086586,0.0,0.0,0.3464837670326233,0.054973047226667404,5.934451473876834e-05,1.2868452072143555,0.0,0.0
19,5.503696441650391,0.1605762094259262,13.57131576538086,5.753918170928955,0.7978944778442383,52.56069564819336,0.8637987375259399,0.8641401529312134,45.74,0.9383795857429504,0.08366569131612778,0.020709415897727013,4.125734806060791,0.0,0.0,0.3143012523651123,0.00010377386206528172,0.0031779829878360033,0.951382040977478,0.0,0.0,1.029110312461853,0.27243664860725403,0.011489149183034897,0.18069139122962952,0.007871560752391815,0.30876901745796204,0.3044942319393158,0.02763148956000805,0.000368262903066352,0.9063843488693237,0.9692624807357788,0.0,0.8655924201011658,0.24945230782032013,0.0005657892907038331,0.02029954455792904,0.0,0.0,0.3417980670928955,0.047957610338926315,7.453763828380033e-05,1.2887041568756104,0.0,0.0
20,1.3173731565475464,0.18987134099006653,22.516258239746094,6.823671817779541,0.43161439895629883,48.65264892578125,1.072383999824524,1.0730117559432983,54.56,0.8503746390342712,0.09709611535072327,0.03942036256194115,3.2858612537384033,0.0,0.0,0.35938555002212524,0.00017487698642071337,0.005904431454837322,0.9130914807319641,0.0,0.0,1.151095986366272,0.40935245156288147,0.02094242349267006,0.37990444898605347,0.02005399577319622,0.7182406783103943,0.27146852016448975,0.010476971976459026,0.0008787799160927534,0.4443431794643402,0.9930305480957031,0.0,0.8539767861366272,0.23284924030303955,0.0005594771355390549,0.01994466409087181,0.0,0.0,0.3488011062145233,0.05555536597967148,5.50515360373538e-05,1.2892667055130005,0.0,0.0
21,1.080691933631897,0.1950223445892334,28.27318000793457,1.747061848640442,0.5815888047218323,41.931209564208984,0.9933249354362488,0.9926654100418091,66.89,0.7537493109703064,0.08029770106077194,0.055938418954610825,5.071516036987305,0.0,0.0,0.3763001561164856,0.00029239823925308883,0.002971658715978265,0.908967912197113,0.0,0.0,1.0452818870544434,0.3897528350353241,0.013913766480982304,0.12642616033554077,0.007865183986723423,0.19170711934566498,0.29290249943733215,0.021547550335526466,0.00037437514401972294,0.7088863253593445,0.9826580286026001,0.0,0.8205307722091675,0.2611619234085083,0.0005417364882305264,0.019031163305044174,0.0,0.0,0.3467356264591217,0.05355202034115791,9.853900701273233e-05,1.2702397108078003,0.0,0.0
22,2.400204658508301,0.8238099813461304,40.47636795043945,1.6234856843948364,0.7321916818618774,45.1292839050293,1.0414915084838867,1.0417698621749878,25.65,0.7407153844833374,0.008289098739624023,0.09321074187755585,27.97224235534668,0.0,0.0,0.3368581533432007,4.222141069476493e-05,0.0015126062789931893,0.6090230345726013,0.0,0.0,0.939075231552124,0.32786333560943604,0.010610922239720821,0.101324662566185,0.0046766335144639015,0.14313949644565582,0.30658695101737976,0.030363496392965317,0.00020073239284101874,0.9148527383804321,0.9741080403327942,0.0,0.8400381803512573,0.2743602395057678,0.0005193403922021389,0.018357334658503532,0.0,0.0,0.33930712938308716,0.04830613359808922,0.00019983627134934068,1.2316374778747559,0.0,0.0
23,5.745732307434082,0.9254042506217957,22.151037216186523,2.6554908752441406,0.6803240180015564,58.10879135131836,0.9454365372657776,0.9448692798614502,63.5,0.7883114814758301,0.014599115587770939,0.05435459315776825,30.1599178314209,0.0,0.0,0.35354337096214294,2.7269041311228648e-05,0.0016733742086216807,0.5862182378768921,0.0,0.0,1.0215405225753784,0.3254508376121521,0.012476934120059013,0.13642123341560364,0.007511058356612921,0.21963733434677124,0.2974163889884949,0.024025529623031616,0.0003520767786540091,0.810919463634491,0.9817116856575012,0.0,0.8665706515312195,0.24356989562511444,0.0005831379094161093,0.020178677514195442,0.0,0.0,0.3433087468147278,0.0533268004655838,5.716840678360313e-05,1.2913362979888916,0.0,0.0
24,2.916914939880371,0.5729544758796692,28.912473678588867,2.9945380687713623,0.7938849925994873,55.82685852050781,1.1348178386688232,1.134320855140686,38.61,0.8678160309791565,0.008326942101120949,0.06519688665866852,16.99502182006836,0.0,0.0,0.30962228775024414,5.807246998301707e-05,0.002104101236909628,0.7113640308380127,0.0,0.0,0.9717969298362732,0.2771271765232086,0.010402044281363487,0.10854223370552063,0.005344901233911514,0.17177535593509674,0.31085020303726196,0.031804874539375305,0.00027453844086267054,0.9527236223220825,0.9847933053970337,0.0,0.8627930879592896,0.24496154487133026,0.0005901282420381904,0.02010229043662548,0.0,0.0,0.3402966856956482,0.05325647071003914,5.0184396968688816e-05,1.2950838804244995,0.0,0.0
25,3.779655694961548,0.25076526403427124,25.494373321533203,1.884592890739441,0.581743597984314,49.180145263671875,0.9507149457931519,0.9497406482696533,107.9,0.942751944065094,0.06650538742542267,0.029912272468209267,5.781139373779297,0.0,0.0,0.32306742668151855,0.0001330880040768534,0.0034101614728569984,0.8784194588661194,0.0,0.0,1.06836998462677,0.38465452194213867,0.014024975709617138,0.13153484463691711,0.008138580247759819,0.20438258349895477,0.29191866517066956,0.020731396973133087,0.0003811003698501736,0.7051781415939331,0.9841084480285645,0.0,0.839805006980896,0.24820634722709656,0.0005648621590808034,0.01961127109825611,0.0,0.0,0.3463001549243927,0.055485282093286514,6.513783591799438e-05,1.284583568572998,0.0,0.0
26,4.2158684730529785,0.6037207245826721,17.631174087524414,9.236480712890625,0.6843971610069275,47.210182189941406,1.081566333770752,1.0818854570388794,27.27,0.9214881062507629,0.011935794726014137,0.04713951423764229,13.858298301696777,0.0,0.0,0.2996862530708313,1.009888023872918e-06,0.003461992833763361,0.7110416889190674,0.0,0.0,1.0344455242156982,0.3202478885650635,0.01739409565925598,0.331145316362381,0.016070006415247917,0.6157322525978088,0.2935875654220581,0.020809167996048927,0.0006753356428816915,0.6807327270507812,0.9793692231178284,0.0,0.8834822773933411,0.23696444928646088,0.0005763130611740053,0.020286304876208305,0.0,0.0,0.34211865067481995,0.052202582359313965,6.95278649800457e-05,1.285559058189392,0.0,0.0
27,4.874170303344727,0.8182751536369324,38.65028762817383,7.296501636505127,0.33740177750587463,67.07167053222656,1.1124894618988037,1.1120264530181885,37.43,0.8638023734092712,0.014309081248939037,0.04674116149544716,15.285780906677246,0.0,0.0,0.34176403284072876,1.0621870387694798e-06,0.003711438737809658,0.6517576575279236,0.0,0.0,1.1729506254196167,0.46241772174835205,0.021748218685388565,0.4090820848941803,0.022966308519244194,0.7862494587898254,0.2637995779514313,0.005943673197180033,0.001129539799876511,0.34415221214294434,1.0038925409317017,0.0,0.9063311815261841,0.2097916454076767,0.0005878492956981063,0.021045440807938576,0.0,0.0,0.3521648645401001,0.055143438279628754,6.180739001138136e-05,1.2845690250396729,0.0,0.0
28,3.1573128700256348,0.012404395267367363,11.809097290039062,7.5542683601379395,0.5708760619163513,51.67821502685547,0.9103737473487854,0.9112188816070557,101.88,0.8681113123893738,0.16318769752979279,0.009447216056287289,1.4874910116195679,0.0,0.0,0.367875337600708,0.00023294516722671688,0.005119820591062307,1.017909049987793,0.0,0.0,1.1068611145019531,0.33545589447021484,0.01871793158352375,0.37004926800727844,0.017137642949819565,0.6773794293403625,0.27984151244163513,0.015173950232565403,0.0006524046184495091,0.5979035496711731,0.9766980409622192,0.0,0.8546957969665527,0.24490982294082642,0.0005421036621555686,0.019665662199258804,0.0,0.0,0.343462735414505,0.05006461217999458,9.099682938540354e-05,1.2784405946731567,0.0,0.0
29,4.37991189956665,0.9597994089126587,24.777252197265625,2.7932887077331543,0.6881819367408752,64.99447631835938,1.032692790031433,1.0341283082962036,134.42,0.735842227935791,0.02063184231519699,0.07052810490131378,31.663362503051758,0.0,0.0,0.36282289028167725,3.3414420613553375e-05,0.0013323694001883268,0.5757336020469666,0.0,0.0,1.008109211921692,0.32028061151504517,0.012677201069891453,0.13709895312786102,0.007661211304366589,0.22349315881729126,0.299797385931015,0.025117408484220505,0.0003639760834630579,0.8127396702766418,0.9832774996757507,0.0,0.8760002851486206,0.23869109153747559,0.0005949095357209444,0.020425789058208466,0.0,0.0,0.34286463260650635,0.05306641384959221,5.346094985725358e-05,1.2929232120513916,0.0,0.0
30,3.443171501159668,0.6821334958076477,11.145852088928223,7.390583515167236,0.6829169988632202,48.27717590332031,0.8385975956916809,0.8445077538490295,834.53,0.8408332467079163,0.004059491213411093,0.060155585408210754,17.157726287841797,0.0,0.0,0.30978167057037354,9.886890666166437e-07,0.0028394428081810474,0.6885083317756653,0.0,0.0,1.0526477098464966,0.30395835638046265,0.015589620918035507,0.301561176776886,0.013550913892686367,0.5395662784576416,0.2893625497817993,0.020193763077259064,0.0005333471926860511,0.7271665930747986,0.9695686101913452,0.0,0.8974847197532654,0.2356124073266983,0.000574741221498698,0.02063470520079136,0.0,0.0,0.3418644070625305,0.04836614429950714,9.098048030864447e-05,1.2807639837265015,0.0,0.0
31,5.242523193359375,0.19807647168636322,42.34126663208008,4.137875080108643,0.47369101643562317,53.74064636230469,1.1478604078292847,1.1451385021209717,207.07,1.0206953287124634,0.08734836429357529,0.01752343215048313,3.384460687637329,0.0,0.0,0.312283992767334,6.952304829610512e-05,0.004827016498893499,0.9262906312942505,0.0,0.0,1.0796772241592407,0.4867403209209442,0.017835209146142006,0.23540280759334564,0.014569352380931377,0.42241930961608887,0.28162577748298645,0.014017305336892605,0.0007379364687949419,0.5102256536483765,0.9964990019798279,0.0,0.8378820419311523,0.24672159552574158,0.0005234075360931456,0.01872069388628006,0.0,0.0,0.3478356897830963,0.053691357374191284,0.0001401283370796591,1.2423088550567627,0.0,0.0
32,4.137543678283691,0.9988178014755249,23.00643539428711,7.458635330200195,0.5864762663841248,66.72832489013672,1.116099238395691,1.1155853271484375,41.27,0.7011733055114746,0.029860831797122955,0.0693896934390068,27.436655044555664,0.0,0.0,0.38122251629829407,6.574099097633734e-05,0.0012462545419111848,0.5698002576828003,0.0,0.0,1.0426747798919678,0.3544333875179291,0.018712516874074936,0.3314690589904785,0.01732267439365387,0.6224188804626465,0.2864976227283478,0.017138056457042694,0.0007579104858450592,0.581777811050415,0.9858953356742859,0.0,0.8861103653907776,0.23152534663677216,0.0005820294609293342,0.020332423970103264,0.0,0.0,0.34359753131866455,0.05276338756084442,6.915863195899874e-05,1.2838541269302368,0.0,0.0
33,4.055197238922119,0.08563337475061417,28.987401962280273,3.482137441635132,0.6807209253311157,52.396419525146484,1.1551377773284912,1.151452898979187,277.04,0.9184246063232422,0.11521807312965393,0.016245251521468163,2.175677537918091,0.0,0.0,0.35020890831947327,0.00023168401094153523,0.003449242329224944,0.9687528610229492,0.0,0.0,1.0218555927276611,0.3434450626373291,0.01400498766452074,0.15900032222270966,0.009138943627476692,0.2706393003463745,0.3014375865459442,0.02527676522731781,0.0004424834332894534,0.7738118767738342,0.9857335686683655,0.0,0.8405881524085999,0.24872969090938568,0.0005662814946845174,0.019538514316082,0.0,0.0,0.3431504964828491,0.05496107414364815,6.161670171422884e-05,1.286529541015625,0.0,0.0
34,2.110348701477051,0.02247650735080242,13.298588752746582,4.076560974121094,0.5672643184661865,49.17300796508789,0.8993416428565979,0.898503839969635,103.68,0.7841998934745789,0.15351369976997375,0.020579636096954346,1.2825956344604492,0.0,0.0,0.39057862758636475,0.00031002290779724717,0.004135586321353912,1.011757493019104,0.0,0.0,1.0963016748428345,0.3589242994785309,0.015826715156435966,0.23323777318000793,0.012147159315645695,0.4067915678024292,0.2829563319683075,0.017203746363520622,0.0004915185272693634,0.650854766368866,0.9815426468849182,0.0,0.8393551707267761,0.2518598139286041,0.0005444724811241031,0.01957985758781433,0.0,0.0,0.34467020630836487,0.050527557730674744,8.364117093151435e-05,1.2821881771087646,0.0,0.0
35,3.2936763763427734,0.15032188594341278,15.505768775939941,3.6539411544799805,0.7919403314590454,46.66417694091797,0.9361250996589661,0.9376099705696106,169.17,0.868894636631012,0.08753916621208191,0.026853345334529877,4.146591663360596,0.0,0.0,0.3444625437259674,0.0002165581245208159,0.0028551132418215275,0.9421197772026062,0.0,0.0,1.0075641870498657,0.27596062421798706,0.010447208769619465,0.1268795281648636,0.005778993014246225,0.20402246713638306,0.3060377836227417,0.029438883066177368,0.00029152145725674927,0.9460397958755493,0.9757087230682373,0.0,0.8389497399330139,0.25752002000808716,0.0005598989664576948,0.019658921286463737,0.0,0.0,0.3416566252708435,0.05145774036645889,6.079786908230744e-05,1.291157603263855,0.0,0.0
36,2.0137813091278076,0.7614790797233582,26.11285400390625,6.274198055267334,0.482160747051239,43.250633239746094,1.116689920425415,1.1162430047988892,35.85,0.7878326177597046,0.008928476832807064,0.08042526990175247,17.617284774780273,0.0,0.0,0.33985477685928345,2.0909665181534365e-05,0.004394268151372671,0.6507090330123901,0.0,0.0,1.0919452905654907,0.41215625405311584,0.019765080884099007,0.33151009678840637,0.01842217519879341,0.6163448691368103,0.2786501944065094,0.013167313300073147,0.0008385932887904346,0.4868275225162506,0.9907394051551819,0.0,0.8671212792396545,0.2358006089925766,0.0005611493834294379,0.01997239515185356,0.0,0.0,0.3479703664779663,0.05353766679763794,8.488895400660113e-05,1.2758567333221436,0.0,0.0
37,4.433643817901611,0.9633401036262512,35.05421447753906,3.1159932613372803,0.7340253591537476,55.0174674987793,1.1789482831954956,1.1785134077072144,31.3,0.7423093914985657,0.024385180324316025,0.06862708926200867,32.016746520996094,0.0,0.0,0.35946086049079895,3.149351687170565e-05,0.0014185113832354546,0.5674508213996887,0.0,0.0,0.9656645655632019,0.3142765760421753,0.012160807847976685,0.13254263997077942,0.0072890277951955795,0.21773865818977356,0.30612263083457947,0.028611620888113976,0.0003564923827070743,0.8585837483406067,0.9843623042106628,0.0,0.8723177909851074,0.24584591388702393,0.0005786022520624101,0.019932927563786507,0.0,0.0,0.3404839336872101,0.05165090784430504,8.878182416083291e-05,1.27847158908844,0.0,0.0
38,4.94586706161499,0.6058526635169983,32.27801513671875,9.906147003173828,0.4214240312576294,58.61441421508789,1.1639808416366577,1.1639196872711182,4.51,0.9857012033462524,0.024050848558545113,0.035314373672008514,10.200159072875977,0.0,0.0,0.30232539772987366,1.0542339623498265e-06,0.005525120534002781,0.7044252753257751,0.0,0.0,1.127903938293457,0.4045558571815491,0.023706836625933647,0.4817730486392975,0.025954337790608406,0.9425663948059082,0.27060043811798096,0.008507359772920609,0.0011648123618215322,0.3833208978176117,1.0013682842254639,0.0,0.8955391645431519,0.21781426668167114,0.0005752817960456014,0.020470304414629936,0.0,0.0,0.3480475842952728,0.055252738296985626,6.731052417308092e-05,1.2806791067123413,0.0,0.0
39,4.221116542816162,0.8832539916038513,21.245370864868164,3.049060583114624,0.6842147707939148,79.43463134765625,0.9934310913085938,0.9920530915260315,139.82,0.7634595632553101,0.0060284677892923355,0.07194971293210983,28.064910888671875,0.0,0.0,0.3446604609489441,1.0635856597218663e-05,0.0008098529651761055,0.6141451001167297,0.0,0.0,0.9889342784881592,0.33845800161361694,0.012724489904940128,0.1494169980287552,0.008028330281376839,0.24397782981395721,0.29788410663604736,0.024423014372587204,0.0003764280991163105,0.8022794723510742,0.9784461855888367,0.0,0.8678054213523865,0.24976959824562073,0.0005647560465149581,0.019650308415293694,0.0,0.0,0.34213346242904663,0.0511050745844841,0.00011302100028842688,1.2638325691223145,0.0,0.0
40,1.9523680210113525,0.9700583815574646,28.03305435180664,2.876140832901001,0.6299344301223755,53.6873893737793,1.1006367206573486,1.101270079612732,52.25,0.64274662733078,0.023892242461442947,0.10973485559225082,31.189067840576172,0.0,0.0,0.37808117270469666,6.637657497776672e-05,0.001589638297446072,0.5693992972373962,0.0,0.0,1.0159446001052856,0.3503609597682953,0.014154188334941864,0.1554240733385086,0.00921409111469984,0.2591426968574524,0.29637831449508667,0.022848425433039665,0.00043727210140787065,0.7309516668319702,0.9861266016960144,0.0,0.8650242686271667,0.24196560680866241,0.0005853621987625957,0.020197974517941475,0.0,0.0,0.34451302886009216,0.053471896797418594,6.10950228292495e-05,1.2898014783859253,0.0,0.0
41,2.3139071464538574,0.9239326119422913,13.873597145080566,4.073880195617676,0.6033005118370056,58.22951889038086,0.8866651058197021,0.8892887830734253,332.74,0.6776971817016602,0.0141675416380167,0.0970226302742958,28.903358459472656,0.0,0.0,0.3634635806083679,2.9526816433644854e-05,0.0020526177249848843,0.6009990572929382,0.0,0.0,1.0589908361434937,0.3502959609031677,0.015012852847576141,0.22204193472862244,0.011334072798490524,0.3784880042076111,0.2852897047996521,0.018711727112531662,0.0004687085165642202,0.6896859407424927,0.9714439511299133,0.0,0.8658053874969482,0.24934090673923492,0.0005586162442341447,0.01983199268579483,0.0,0.0,0.3431055545806885,0.049778543412685394,0.00010378481238149107,1.2731263637542725,0.0,0.0
42,4.907784461975098,0.6133814454078674,39.061424255371094,7.420812606811523,0.448148638010025,57.59897232055664,1.187207579612732,1.191423773765564,298.08,0.9668791890144348,0.0162517037242651,0.038617007434368134,10.982084274291992,0.0,0.0,0.3030849099159241,1.0366213700763183e-06,0.004626098088920116,0.7119928598403931,0.0,0.0,1.0903680324554443,0.4526541233062744,0.021320445463061333,0.3662422001361847,0.02147541008889675,0.7000983357429504,0.2764414846897125,0.010821645148098469,0.0010394393466413021,0.41857439279556274,1.0003606081008911,0.0,0.8842155933380127,0.2261715978384018,0.0005593860987573862,0.019927162677049637,0.0,0.0,0.3477103114128113,0.05408000946044922,0.00010346663475502282,1.2618613243103027,0.0,0.0
43,1.9256147146224976,0.39376693964004517,20.750900268554688,2.8849661350250244,0.652158260345459,56.34088897705078,1.0230895280838013,1.0235011577606201,39.31,0.8415620923042297,0.03193051740527153,0.06209948658943176,9.869638442993164,0.0,0.0,0.3292255997657776,0.00013854022836312652,0.002634640084579587,0.8031008243560791,0.0,0.0,1.0388909578323364,0.3409440517425537,0.013645114377140999,0.15318778157234192,0.008560489863157272,0.25213125348091125,0.29594817757606506,0.023353615775704384,0.0003918725124094635,0.7656316161155701,0.9808139801025391,0.0,0.8496683835983276,0.2480887472629547,0.0005748963449150324,0.019839968532323837,0.0,0.0,0.34372225403785706,0.0545341819524765,5.559456258197315e-05,1.290989637374878,0.0,0.0
44,2.5615386962890625,0.39635923504829407,20.085128784179688,8.83367919921875,0.49923649430274963,59.77323913574219,1.0835318565368652,1.083967685699463,37.11,0.9362053275108337,0.043258845806121826,0.04349816218018532,6.671182632446289,0.0,0.0,0.31252384185791016,3.8855789171066135e-05,0.004605426453053951,0.8029001951217651,0.0,0.0,1.1079497337341309,0.369434118270874,0.02147199586033821,0.42974111437797546,0.02165094017982483,0.8275656700134277,0.2759033441543579,0.012176388874650002,0.0008970244089141488,0.48446425795555115,0.992987871170044,0.0,0.872186541557312,0.23121298849582672,0.0005663856863975525,0.020024091005325317,0.0,0.0,0.3451923429965973,0.05486593022942543,6.226064579095691e-05,1.285428762435913,0.0,0.0
45,3.6530356407165527,0.94936203956604,25.44106674194336,8.362738609313965,0.4458233714103699,59.37564468383789,1.0951132774353027,1.091780185699463,278.77,0.7444698810577393,0.027592403814196587,0.06561333686113358,22.217395782470703,0.0,0.0,0.37383541464805603,5.0859420298365876e-05,0.00299922120757401,0.5878273844718933,0.0,0.0,1.120967149734497,0.3863588273525238,0.021787220612168312,0.4308542311191559,0.022516664117574692,0.8315365314483643,0.2717955708503723,0.010152188129723072,0.0009794692741706967,0.4336788058280945,0.9960616230964661,0.0,0.8858224153518677,0.2233705073595047,0.0005797091871500015,0.0205279178917408,0.0,0.0,0.3474900424480438,0.05438027158379555,5.330446583684534e-05,1.2908202409744263,0.0,0.0
46,1.7504075765609741,0.6657754182815552,12.588615417480469,7.017032146453857,0.7607010006904602,43.257877349853516,0.9852315783500671,0.9853731989860535,14.59,0.771304190158844,0.0032471888698637486,0.085665762424469,18.285476684570312,0.0,0.0,0.3214258849620819,4.670726411859505e-05,0.002727366518229246,0.6905895471572876,0.0,0.0,1.0119861364364624,0.2914501130580902,0.013539358042180538,0.23487909138202667,0.010782456025481224,0.4163484573364258,0.2992684245109558,0.025535285472869873,0.0004767089558299631,0.8228132128715515,0.9708476066589355,0.0,0.8780757188796997,0.24336853623390198,0.0005724158836528659,0.020320899784564972,0.0,0.0,0.34107184410095215,0.04880234971642494,8.171323133865371e-05,1.2847427129745483,0.0,0.0
47,7.930085182189941,0.956335723400116,31.028255462646484,5.891568183898926,0.39109155535697937,75.7562026977539,1.0221387147903442,1.020917296409607,117.05,0.7480645775794983,0.02230430208146572,0.04486773535609245,22.194101333618164,0.0,0.0,0.3895006775856018,0.0001286433107452467,0.0025085697416216135,0.5979647636413574,0.0,0.0,1.15533447265625,0.4329829514026642,0.019750002771615982,0.3519588112831116,0.01885141059756279,0.6575176119804382,0.26796630024909973,0.009025027975440025,0.0008877874934114516,0.422767698764801,0.9938338994979858,0.0,0.8999645113945007,0.21535304188728333,0.000585549627430737,0.020867185667157173,0.0,0.0,0.3495202362537384,0.053381238132715225,6.5188629378099e-05,1.2848584651947021,0.0,0.0
48,5.419424533843994,0.12462449818849564,32.86513900756836,7.011176109313965,0.4871300458908081,46.27364730834961,1.171884298324585,1.1742631196975708,172.87,1.024634838104248,0.12006339430809021,0.015175975859165192,2.560432195663452,0.0,0.0,0.31888121366500854,8.667785732541233e-05,0.006485446821898222,0.9470775723457336,0.0,0.0,1.0844382047653198,0.4400201737880707,0.020709188655018806,0.3453770875930786,0.01956144906580448,0.652367889881134,0.2810209393501282,0.013238325715065002,0.0009189471020363271,0.4677155911922455,0.9951919317245483,0.0,0.8398662805557251,0.2445833832025528,0.0005281178746372461,0.018898673355579376,0.0,0.0,0.3469782769680023,0.05422423034906387,0.00011549688497325405,1.2550143003463745,0.0,0.0
49,2.2746667861938477,0.487532377243042,34.29941940307617,3.277864694595337,0.4119100570678711,43.09680938720703,1.042690396308899,1.0431164503097534,39.17,0.8767477869987488,0.020974956452846527,0.05942748486995697,9.76618766784668,0.0,0.0,0.32461175322532654,4.383356645121239e-05,0.004713932517915964,0.783785343170166,0.0,0.0,1.1100953817367554,0.5000485777854919,0.01719842106103897,0.21742701530456543,0.013493149541318417,0.3766328990459442,0.2760155200958252,0.012060713954269886,0.000685314298607409,0.4812197685241699,0.9941697120666504,0.0,0.8395179510116577,0.24553826451301575,0.0005313862347975373,0.01914910227060318,0.0,0.0,0.3518314063549042,0.053731419146060944,0.00013048313849139959,1.2507004737854004,0.0,0.0
50,4.290579319000244,0.0993199273943901,28.838211059570312,1.7454047203063965,0.5793733596801758,50.03700256347656,0.9673752188682556,0.9741072058677673,714.4,0.9328099489212036,0.1127215027809143,0.016461346298456192,2.7284464836120605,0.0,0.0,0.3458400368690491,0.00021298317005857825,0.00343495374545455,0.9645764827728271,0.0,0.0,1.0692780017852783,0.39105287194252014,0.014072132296860218,0.12613238394260406,0.007949340157210827,0.19298146665096283,0.2930065393447876,0.021100029349327087,0.00037906356737948954,0.7038628458976746,0.9840956330299377,0.0,0.8353210687637329,0.24847349524497986,0.0005613361718133092,0.01950870454311371,0.0,0.0,0.34655943512916565,0.055286020040512085,6.96590359439142e-05,1.28190016746521,0.0,0.0
51,2.297647714614868,0.683689534664154,18.272544860839844,5.914819240570068,0.5581292510032654,45.3188362121582,1.0341873168945312,1.0345313549041748,32.16,0.8258870244026184,0.006924753077328205,0.0725662112236023,16.36614990234375,0.0,0.0,0.3234928548336029,1.4604802345274948e-05,0.003890430321916938,0.6797873973846436,0.0,0.0,1.0819579362869263,0.36570799350738525,0.01789400912821293,0.3009481132030487,0.015691881999373436,0.5495107769966125,0.2828146815299988,0.01615040935575962,0.0006683609099127352,0.5877849459648132,0.9834156036376953,0.0,0.8700286746025085,0.23822475969791412,0.000569873140193522,0.020154468715190887,0.0,0.0,0.3452053368091583,0.0529070720076561,6.810931517975405e-05,1.2859981060028076,0.0,0.0
52,7.869769096374512,0.6283734440803528,27.988033294677734,8.183562278747559,0.30671611428260803,51.736148834228516,0.999954104423523,1.0016894340515137,173.25,0.9938222169876099,0.021617554128170013,0.03857429698109627,10.442256927490234,0.0,0.0,0.3120880722999573,3.137631210847758e-05,0.006612244062125683,0.7034156322479248,0.0,0.0,1.2253742218017578,0.4339745044708252,0.02214817889034748,0.4961290955543518,0.024567365646362305,0.9615698456764221,0.25527313351631165,0.0040995595045387745,0.0010723080486059189,0.3463065028190613,1.0043162107467651,0.0,0.8774842619895935,0.2184409648180008,0.0005567323532886803,0.020325077697634697,0.0,0.0,0.35221797227859497,0.055471550673246384,6.263073009904474e-05,1.2841264009475708,0.0,0.0
53,4.741096019744873,0.9378683567047119,18.735872268676758,3.6010725498199463,0.7769247889518738,43.04713439941406,0.9592717885971069,0.9598448872566223,62.24,0.7680123448371887,0.015463471412658691,0.06320282071828842,32.82189178466797,0.0,0.0,0.3512561321258545,2.4494922399753705e-05,0.0016682964051142335,0.5806522369384766,0.0,0.0,0.9956361055374146,0.2838132679462433,0.010629605501890182,0.13266794383525848,0.006120936945080757,0.21530862152576447,0.30427008867263794,0.028459791094064713,0.0003097371372859925,0.9222956299781799,0.9762110710144043,0.0,0.8596768975257874,0.2516080439090729,0.000570689735468477,0.019963543862104416,0.0,0.0,0.34160929918289185,0.051404885947704315,6.696151103824377e-05,1.288994550704956,0.0,0.0
54,3.4753224849700928,0.7914968729019165,14.940431594848633,3.868043899536133,0.7114044427871704,50.896541595458984,0.9014533758163452,0.9036786556243896,273.17,0.7944135069847107,0.004091283306479454,0.07088235765695572,24.504796981811523,0.0,0.0,0.32569485902786255,6.1498317336372565e-06,0.0023763065692037344,0.6366510391235352,0.0,0.0,1.0311956405639648,0.3050241768360138,0.012580535374581814,0.17142866551876068,0.008325624279677868,0.2819204330444336,0.29658713936805725,0.024475768208503723,0.00037059062742628157,0.8277930021286011,0.9671953916549683,0.0,0.8773078322410583,0.2453901767730713,0.0005776709294877946,0.02032758668065071,0.0,0.0,0.3421584367752075,0.05016108602285385,7.692842336837202e-05,1.284948468208313,0.0,0.0
55,4.5443267822265625,0.7259040474891663,38.14025115966797,2.4188590049743652,0.5350663065910339,61.8803825378418,1.0755176544189453,1.0744925737380981,88.7,0.8745566010475159,0.003921485505998135,0.055076584219932556,16.594057083129883,0.0,0.0,0.31839028000831604,1.047682872012956e-06,0.0019818430300801992,0.67454993724823,0.0,0.0,1.0696499347686768,0.41052383184432983,0.015192072838544846,0.16026535630226135,0.010031200014054775,0.26516079902648926,0.28862321376800537,0.01838603802025318,0.0004932732554152608,0.6299265027046204,0.9894696474075317,0.0,0.9042975902557373,0.22031940519809723,0.0006041665328666568,0.020992660894989967,0.0,0.0,0.34696710109710693,0.05339174345135689,7.437553722411394e-05,1.281821370124817,0.0,0.0
56,5.874814033508301,0.215861976146698,36.02659606933594,4.156723499298096,0.49902263283729553,42.599769592285156,1.11531400680542,1.1147265434265137,47.25,1.0219060182571411,0.08056874573230743,0.023296581581234932,3.964669704437256,0.0,0.0,0.3053393065929413,5.555562529480085e-05,0.0048975893296301365,0.9116722345352173,0.0,0.0,1.0525001287460327,0.4726302921772003,0.01752975769340992,0.23409587144851685,0.014221008867025375,0.41881850361824036,0.2845187783241272,0.015511838719248772,0.0007027416140772402,0.5360021591186523,0.9957258105278015,0.0,0.826944887638092,0.2574397027492523,0.0005087487515993416,0.01832573488354683,0.0,0.0,0.3472468852996826,0.05259999632835388,0.00016316237451974303,1.232869267463684,0.0,0.0
57,3.1765353679656982,0.3333373963832855,37.980812072753906,5.441645622253418,0.43653640151023865,55.893394470214844,1.1506571769714355,1.1481324434280396,191.11,0.9609153866767883,0.053017549216747284,0.03483698517084122,5.280407905578613,0.0,0.0,0.31692516803741455,5.0338006985839456e-05,0.0046770148910582066,0.8437648415565491,0.0,0.0,1.1145039796829224,0.46877092123031616,0.019591884687542915,0.29773667454719543,0.01773887872695923,0.5551978945732117,0.27680978178977966,0.011474049650132656,0.0008804966346360743,0.44727960228919983,0.9990197420120239,0.0,0.8584028482437134,0.2316310852766037,0.0005535347736440599,0.01965830661356449,0.0,0.0,0.34946250915527344,0.055412471294403076,9.149498509941623e-05,1.267701506614685,0.0,0.0
58,2.2764768600463867,0.3578784763813019,26.924884796142578,3.3783438205718994,0.4068944454193115,59.565940856933594,0.997136116027832,0.9995495080947876,242.14,0.8968044519424438,0.04528750106692314,0.04874567314982414,6.395064830780029,0.0,0.0,0.32946112751960754,8.034077472984791e-05,0.004154199734330177,0.8381235599517822,0.0,0.0,1.1650241613388062,0.4551343023777008,0.01736181043088436,0.23089919984340668,0.013507479801774025,0.40585657954216003,0.27327200770378113,0.011627448722720146,0.0006474136607721448,0.4856449067592621,0.9916408658027649,0.0,0.8647881746292114,0.22722138464450836,0.0005814677570015192,0.020413341000676155,0.0,0.0,0.35077419877052307,0.056601230055093765,4.779620940098539e-05,1.292749047279358,0.0,0.0
59,2.4656484127044678,0.2486482709646225,18.935876846313477,2.049755334854126,0.5793563723564148,52.32721710205078,0.8913885951042175,0.8925320506095886,143.72,0.8637132048606873,0.067527174949646,0.040813881903886795,5.938599586486816,0.0,0.0,0.33978399634361267,0.00017923463019542396,0.003354486543685198,0.8803389668464661,0.0,0.0,1.0866785049438477,0.3722425699234009,0.014043022878468037,0.14216402173042297,0.008343106135725975,0.2202482372522354,0.2887207865715027,0.01999915950000286,0.0003675250627566129,0.7065063118934631,0.9752259254455566,0.0,0.843840479850769,0.2493213415145874,0.0005659187445417047,0.019755640998482704,0.0,0.0,0.34564971923828125,0.05410679802298546,6.295531056821346e-05,1.2876219749450684,0.0,0.0
60,4.866710186004639,0.45588165521621704,21.61635971069336,2.8815109729766846,0.6644425988197327,54.45729446411133,0.9826546907424927,0.9818249344825745,86.0,0.9801054000854492,0.021898778155446053,0.03689517825841904,11.44225788116455,0.0,0.0,0.2940094470977783,1.9330513168824837e-05,0.003069272032007575,0.7744832634925842,0.0,0.0,1.0371038913726807,0.3395947217941284,0.013254591263830662,0.14841356873512268,0.008295399136841297,0.2450975477695465,0.2969663739204407,0.02335544303059578,0.00038468779530376196,0.7812681794166565,0.9842049479484558,0.0,0.8586726784706116,0.2433559000492096,0.0005780211067758501,0.019972924143075943,0.0,0.0,0.3437352478504181,0.05508127808570862,5.5455016990890726e-05,1.290163516998291,0.0,0.0
61,2.9150547981262207,0.09948555380105972,18.815872192382812,7.8715901374816895,0.5952426791191101,50.01390838623047,1.102051854133606,1.1013987064361572,53.81,0.9000200629234314,0.12438621371984482,0.019703587517142296,2.3766555786132812,0.0,0.0,0.35237178206443787,0.00019852760306093842,0.005056324880570173,0.9577848315238953,0.0,0.0,1.0743787288665771,0.3490651249885559,0.019160103052854538,0.3442138433456421,0.017475713044404984,0.646352231502533,0.2869424819946289,0.017386971041560173,0.0007403984782285988,0.5919313430786133,0.9852344989776611,0.0,0.849399745464325,0.24324361979961395,0.000556240149307996,0.019642019644379616,0.0,0.0,0.34389689564704895,0.05390975996851921,6.389657937688753e-05,1.2863754034042358,0.0,0.0
62,1.979818344116211,0.2613212466239929,21.021270751953125,7.399636745452881,0.7089723944664001,46.8699836730957,1.1997865438461304,1.1997307538986206,3.88,0.8521326184272766,0.06464466452598572,0.046228908002376556,5.483255863189697,0.0,0.0,0.33838555216789246,0.00017348933033645153,0.003722235094755888,0.8652679920196533,0.0,0.0,1.0088196992874146,0.33005189895629883,0.016193659976124763,0.2574756443500519,0.013617238961160183,0.4756465554237366,0.29976198077201843,0.024094602093100548,0.000631116156000644,0.7219923138618469,0.9830912947654724,0.0,0.8482272028923035,0.2495909333229065,0.000560964283067733,0.019542699679732323,0.0,0.0,0.3417026996612549,0.05331419035792351,7.015363371465355e-05,1.2840993404388428,0.0,0.0
63,2.2138185501098633,0.482358455657959,23.161718368530273,8.455509185791016,0.4753132164478302,45.504459381103516,1.114526629447937,1.1140601634979248,37.57,0.9071963429450989,0.030360139906406403,0.05259285122156143,8.678404808044434,0.0,0.0,0.3150940537452698,2.5216526410076767e-05,0.005540752783417702,0.7600342631340027,0.0,0.0,1.1177703142166138,0.38637804985046387,0.021825389936566353,0.42150023579597473,0.02199959009885788,0.805367648601532,0.27508968114852905,0.011484787799417973,0.0009467496420256793,0.45691177248954773,0.9919045567512512,0.0,0.8706478476524353,0.23129963874816895,0.0005631523672491312,0.02007482945919037,0.0,0.0,0.34713485836982727,0.054260581731796265,6.794132059440017e-05,1.28313148021698,0.0,0.0
64,1.662902593612671,0.3985775411128998,28.67530632019043,6.036749362945557,0.473019003868103,55.26649475097656,1.1377836465835571,1.1395447254180908,135.83,0.870851993560791,0.037604235112667084,0.058527275919914246,6.843060493469238,0.0,0.0,0.32994744181632996,8.048873132793233e-05,0.004126433283090591,0.8035842776298523,0.0,0.0,1.1114729642868042,0.4161528944969177,0.019843371585011482,0.31972000002861023,0.018093908205628395,0.601430356502533,0.27884677052497864,0.012995761819183826,0.0008434580522589386,0.47880420088768005,0.9953219890594482,0.0,0.8666709065437317,0.22870592772960663,0.0005752176512032747,0.020193997770547867,0.0,0.0,0.3480752110481262,0.055870190262794495,5.595274342340417e-05,1.288425326347351,0.0,0.0
65,6.9262566566467285,0.9507086277008057,39.659236907958984,3.4838008880615234,0.39648887515068054,66.97439575195312,1.0342285633087158,1.0323213338851929,178.64,0.7636159658432007,0.020004507154226303,0.04633386805653572,23.3052921295166,0.0,0.0,0.3802083730697632,7.738555723335594e-05,0.0021016306709498167,0.6162015199661255,0.0,0.0,1.1400425434112549,0.4736620783805847,0.01734849438071251,0.22926212847232819,0.013998490758240223,0.40507376194000244,0.2731145918369293,0.01100888941437006,0.0007308782660402358,0.4655010998249054,0.9955511093139648,0.0,0.8879050612449646,0.2195013463497162,0.0005857213982380927,0.02072785422205925,0.0,0.0,0.3512575924396515,0.05393755063414574,7.419645407935604e-05,1.2813148498535156,0.0,0.0
66,1.942613959312439,0.7597528696060181,11.672181129455566,6.752538681030273,0.5051206350326538,42.614105224609375,0.8584555387496948,0.8590291738510132,77.79,0.7720275521278381,0.006940705236047506,0.0799756646156311,17.865741729736328,0.0,0.0,0.33469778299331665,4.6592244871135335e-06,0.004195286892354488,0.6648346185684204,0.0,0.0,1.1350767612457275,0.34917184710502625,0.01876641809940338,0.37575531005859375,0.01788954809308052,0.6872162222862244,0.2712244391441345,0.011969422921538353,0.0006761825643479824,0.5458142757415771,0.9795994162559509,0.0,0.8943993449211121,0.22927701473236084,0.0005714685539714992,0.020760998129844666,0.0,0.0,0.3454352021217346,0.049478933215141296,7.423351053148508e-05,1.2870006561279297,0.0,0.0
67,7.464605331420898,0.6946606040000916,31.237558364868164,2.1726155281066895,0.5493198037147522,56.60054397583008,0.9754906892776489,0.9794338941574097,412.72,0.9145385026931763,0.00101931719109416,0.043993525207042694,17.081817626953125,0.0,0.0,0.3115961253643036,2.723694933592924e-06,0.0023901103995740414,0.6815463304519653,0.0,0.0,1.0684077739715576,0.4003959894180298,0.01461026817560196,0.15018491446971893,0.009391470812261105,0.24093137681484222,0.2886929512023926,0.018723392859101295,0.00045660039177164435,0.6548551917076111,0.9855936169624329,0.0,0.8884382247924805,0.22936375439167023,0.0005934052751399577,0.020658455789089203,0.0,0.0,0.3468339443206787,0.053869493305683136,7.045773236313835e-05,1.2836641073226929,0.0,0.0
68,6.491487503051758,0.8476846218109131,34.37953567504883,2.980381727218628,0.4909595251083374,64.51268005371094,1.040482997894287,1.0407335758209229,23.14,0.8379777073860168,0.008860783651471138,0.046681903302669525,21.495271682739258,0.0,0.0,0.3437402546405792,2.3396734832203947e-05,0.002246252493932843,0.6312143206596375,0.0,0.0,1.096742868423462,0.4238516390323639,0.016234034672379494,0.1925732046365738,0.011835096403956413,0.33029624819755554,0.2829568386077881,0.015628766268491745,0.0005869609885849059,0.5675359964370728,0.989990770816803,0.0,0.8909473419189453,0.2230604588985443,0.0005969516932964325,0.020799074321985245,0.0,0.0,0.34814387559890747,0.05420258268713951,6.26267574261874e-05,1.2872408628463745,0.0,0.0
69,2.6306562423706055,0.3101564943790436,20.222562789916992,2.6456048488616943,0.7054125070571899,42.53407669067383,0.9945093393325806,0.9936853051185608,83.38,0.8788332343101501,0.048033107072114944,0.04574427381157875,8.039682388305664,0.0,0.0,0.3267521262168884,0.00014965285663492978,0.0029775300063192844,0.8448691368103027,0.0,0.0,1.014168620109558,0.3200348913669586,0.012120798230171204,0.12770624458789825,0.006906433962285519,0.20339162647724152,0.3008694648742676,0.02608652412891388,0.0003282816905993968,0.8449558019638062,0.9833793640136719,0.0,0.8336912393569946,0.2582889795303345,0.0005563697777688503,0.0193866565823555,0.0,0.0,0.34310415387153625,0.053518276661634445,7.074407039908692e-05,1.2843574285507202,0.0,0.0
70,4.6266770362854,0.9528111219406128,21.689109802246094,2.471590995788574,0.6551952958106995,70.00353240966797,0.9411537647247314,0.9419628977775574,91.27,0.740013599395752,0.017612671479582787,0.06788480281829834,31.23731231689453,0.0,0.0,0.36232101917266846,2.8098707844037563e-05,0.0012900828151032329,0.5831603407859802,0.0,0.0,1.0172953605651855,0.341135710477829,0.012831145897507668,0.13722990453243256,0.007765674963593483,0.2192704975605011,0.29539763927459717,0.023059755563735962,0.0003595566377043724,0.783336877822876,0.9816296100616455,0.0,0.8677138686180115,0.24461625516414642,0.0005776813486590981,0.020006239414215088,0.0,0.0,0.34324270486831665,0.05244265869259834,7.858460594434291e-05,1.2804036140441895,0.0,0.0
71,5.132141590118408,0.06406427174806595,27.20244598388672,4.384096622467041,0.6151831746101379,46.31694412231445,1.1382625102996826,1.1379191875457764,26.51,0.9700027704238892,0.12823805212974548,0.013607294298708439,1.7364883422851562,0.0,0.0,0.33884403109550476,0.00017277455481234938,0.004354351200163364,0.9844005107879639,0.0,0.0,1.0445655584335327,0.37787115573883057,0.016105426475405693,0.2108006775379181,0.01207084022462368,0.3755185306072235,0.2945275604724884,0.020929018035531044,0.0005698923487216234,0.6683327555656433,0.988472580909729,0.0,0.8319270014762878,0.25169095396995544,0.0005472298944368958,0.019163111224770546,0.0,0.0,0.34466859698295593,0.05496414750814438,8.045796857913956e-05,1.275872826576233,0.0,0.0
72,5.5616841316223145,0.004224769771099091,18.706396102905273,1.9585084915161133,0.4482971727848053,52.18492126464844,0.8094989061355591,0.8069860935211182,384.66,0.9701249003410339,0.16422492265701294,0.007288995664566755,1.453973650932312,0.0,0.0,0.349293053150177,0.00019287109898868948,0.004951391834765673,1.0139020681381226,0.0,0.0,1.1610499620437622,0.4437920153141022,0.01512991078197956,0.1646130084991455,0.009795181453227997,0.2619273066520691,0.27542099356651306,0.01343599334359169,0.000423610006691888,0.5743408799171448,0.9836545586585999,0.0,0.8256325125694275,0.2496519833803177,0.0005435043713077903,0.019343378022313118,0.0,0.0,0.34907472133636475,0.05555179715156555,6.506553472718224e-05,1.2842453718185425,0.0,0.0
73,3.223982095718384,0.6715271472930908,18.163536071777344,3.8533546924591064,0.7708198428153992,44.8271598815918,1.0124047994613647,1.0123435258865356,5.98,0.8448625206947327,0.002632798859849572,0.06655855476856232,20.2206974029541,0.0,0.0,0.31035932898521423,1.7897844372782856e-05,0.002594358054921031,0.6785686016082764,0.0,0.0,0.9970752596855164,0.28926095366477966,0.011222969740629196,0.14173248410224915,0.00680295517668128,0.232120081782341,0.3044809103012085,0.028477495536208153,0.00033814189373515546,0.9035817980766296,0.9746409058570862,0.0,0.8655039668083191,0.2493959218263626,0.0005763351800851524,0.020094886422157288,0.0,0.0,0.34147581458091736,0.05151303485035896,6.731920439051464e-05,1.2881337404251099,0.0,0.0
74,2.248525381088257,0.7653771042823792,25.711009979248047,1.808447003364563,0.6503108143806458,51.8736686706543,0.9748483896255493,0.9744998812675476,36.69,0.7684086561203003,0.004907432943582535,0.09005106985569,23.47988510131836,0.0,0.0,0.33526650071144104,4.5745462557533756e-05,0.002143614925444126,0.6396524906158447,0.0,0.0,1.025089979171753,0.33935531973838806,0.012647137977182865,0.11462067812681198,0.006790641695261002,0.17134234309196472,0.29810258746147156,0.02446136064827442,0.0003180559433531016,0.7940992712974548,0.9808186888694763,0.0,0.8615100383758545,0.24358053505420685,0.0005855735507793725,0.020145241171121597,0.0,0.0,0.34432536363601685,0.05382995307445526,5.985285315546207e-05,1.2899788618087769,0.0,0.0
75,4.668120384216309,0.11832334846258163,34.801204681396484,1.8272342681884766,0.6406800150871277,40.7773323059082,1.0286266803741455,1.0268981456756592,163.64,0.9384013414382935,0.10070009529590607,0.019682403653860092,3.337585687637329,0.0,0.0,0.33656999468803406,0.00017869274597615004,0.002899837214499712,0.9620423316955566,0.0,0.0,0.9941439032554626,0.39032527804374695,0.013021311722695827,0.1183251440525055,0.007120007649064064,0.1794707179069519,0.2994464933872223,0.024627311155200005,0.0003475413250271231,0.7733597159385681,0.9858933687210083,0.0,0.8100894093513489,0.27420854568481445,0.0005104051087982953,0.018066253513097763,0.0,0.0,0.3436700105667114,0.05193569138646126,0.0001602158008608967,1.2387522459030151,0.0,0.0
76,3.1017346382141113,0.2836167514324188,14.880498886108398,2.571599006652832,0.7842294573783875,47.2485466003418,0.8324836492538452,0.8310530781745911,206.78,0.8782552480697632,0.05073706433176994,0.039565302431583405,7.955778121948242,0.0,0.0,0.3236304223537445,0.00015130758401937783,0.002618529135361314,0.8662769198417664,0.0,0.0,1.014026165008545,0.27207863330841064,0.009681828320026398,0.10042036324739456,0.00448309350758791,0.1474028080701828,0.3050534427165985,0.02939850278198719,0.00022573764726985246,0.9701255559921265,0.9735988974571228,0.0,0.8464694619178772,0.2554377019405365,0.000564575893804431,0.019832385703921318,0.0,0.0,0.3418068587779999,0.05081675201654434,6.419534474844113e-05,1.2902504205703735,0.0,0.0
77,1.2191237211227417,0.6238755583763123,15.363938331604004,7.403262615203857,0.5128998160362244,44.805057525634766,0.9998887181282043,1.0007941722869873,90.48,0.7963041663169861,0.010111023671925068,0.08142401278018951,13.281081199645996,0.0,0.0,0.3285314738750458,2.905055953306146e-05,0.00445922277867794,0.7115593552589417,0.0,0.0,1.1140865087509155,0.3579500913619995,0.01979394629597664,0.3838787376880646,0.01910586655139923,0.7149556279182434,0.2752721607685089,0.012934574857354164,0.0007681148708797991,0.527385413646698,0.9845131039619446,0.0,0.8773402571678162,0.23320992290973663,0.0005682554328814149,0.020373180508613586,0.0,0.0,0.34565120935440063,0.051702819764614105,6.613496952923015e-05,1.288373351097107,0.0,0.0
78,1.565284013748169,0.171600803732872,33.2757682800293,2.5855627059936523,0.6233593821525574,41.122772216796875,1.1243058443069458,1.1250041723251343,55.21,0.7884222865104675,0.08674027770757675,0.046396516263484955,4.366734981536865,0.0,0.0,0.3710373342037201,0.0002780056674964726,0.002972886199131608,0.9167222380638123,0.0,0.0,0.9967212080955505,0.3902422785758972,0.014051738195121288,0.14721305668354034,0.008874082937836647,0.24184395372867584,0.2969520688056946,0.023150822147727013,0.00043185922550037503,0.7272135019302368,0.9907212853431702,0.0,0.8095119595527649,0.27181747555732727,0.0005168977077119052,0.01826217956840992,0.0,0.0,0.3444141149520874,0.05258376896381378,0.00014124874724075198,1.2487614154815674,0.0,0.0
79,3.766266345977783,0.8762291669845581,13.115154266357422,8.249492645263672,0.6887561678886414,58.20313262939453,0.9207391142845154,0.9194868803024292,147.91,0.7728020548820496,0.011699940077960491,0.067049041390419,25.199073791503906,0.0,0.0,0.34348589181900024,2.3724232960375957e-05,0.0018217387842014432,0.6171872615814209,0.0,0.0,1.0250459909439087,0.3145524263381958,0.016017239540815353,0.31486305594444275,0.014553215354681015,0.5794950723648071,0.29072806239128113,0.020426826551556587,0.0005832334281876683,0.7143180966377258,0.9786728620529175,0.0,0.8637863993644714,0.2497672140598297,0.0005519894766621292,0.019668517634272575,0.0,0.0,0.3413044512271881,0.04960689693689346,0.00010317578562535346,1.2736796140670776,0.0,0.0
80,3.8155267238616943,0.9425837993621826,17.92082977294922,1.8340866565704346,0.7404345273971558,49.12507247924805,0.8070041537284851,0.8071873784065247,28.13,0.7423229813575745,0.01784651353955269,0.07557754963636398,33.87518310546875,0.0,0.0,0.3554495573043823,3.091578037128784e-05,0.0018775162752717733,0.5767582058906555,0.0,0.0,1.0056155920028687,0.2893708348274231,0.010060109198093414,0.09145564585924149,0.00458855926990509,0.12835270166397095,0.30174720287323,0.027378421276807785,0.00022050453117117286,0.9271380305290222,0.9814904928207397,0.0,0.8514853715896606,0.25327005982398987,0.0005723049980588257,0.019892320036888123,0.0,0.0,0.34239527583122253,0.05195663124322891,6.182708602864295e-05,1.2907408475875854,0.0,0.0
81,3.294008493423462,0.48692527413368225,16.87598991394043,3.2870779037475586,0.5032370686531067,48.9653205871582,0.8790695071220398,0.8886933922767639,1231.9,0.9187189936637878,0.022556522861123085,0.04770565405488014,10.813040733337402,0.0,0.0,0.30737513303756714,1.7990130800171755e-05,0.00417311443015933,0.767306387424469,0.0,0.0,1.1262669563293457,0.4008934497833252,0.015948140993714333,0.2177661508321762,0.0118718845769763,0.3702933192253113,0.27802610397338867,0.014779554679989815,0.0005002593970857561,0.5955176949501038,0.979310154914856,0.0,0.8608668446540833,0.24094559252262115,0.0005642403266392648,0.01999981887638569,0.0,0.0,0.34673285484313965,0.05357040837407112,7.081807416398078e-05,1.2838362455368042,0.0,0.0
82,4.75435733795166,0.6233410239219666,27.160268783569336,2.3041059970855713,0.6625502705574036,54.949913024902344,1.0187807083129883,1.0176907777786255,105.12,0.9214436411857605,0.0056916577741503716,0.0482950396835804,16.734893798828125,0.0,0.0,0.30151355266571045,1.0237281458103098e-06,0.002531885402277112,0.6989609599113464,0.0,0.0,1.0222910642623901,0.3398926258087158,0.012914811260998249,0.1285209208726883,0.007513660471886396,0.20305681228637695,0.29899170994758606,0.024412522092461586,0.0003583087236620486,0.7908313274383545,0.9837523102760315,0.0,0.8793785572052002,0.2371714562177658,0.0005955399828962982,0.020462432876229286,0.0,0.0,0.343780517578125,0.0543154813349247,5.733709622290917e-05,1.2899678945541382,0.0,0.0
83,4.160745620727539,0.8865929245948792,43.155494689941406,9.142163276672363,0.31821903586387634,60.18571090698242,1.1647512912750244,1.1646398305892944,8.22,0.8180913329124451,0.025093354284763336,0.05119664594531059,16.988853454589844,0.0,0.0,0.36070650815963745,1.65720430231886e-05,0.004199601244181395,0.6257061958312988,0.0,0.0,1.153396487236023,0.4820397198200226,0.02369053103029728,0.47795599699020386,0.02736385352909565,0.9337717294692993,0.2604220509529114,0.0036569712683558464,0.0013474252773448825,0.3005945384502411,1.0091506242752075,0.0,0.8763450980186462,0.22212189435958862,0.0005399971269071102,0.019828815013170242,0.0,0.0,0.35248517990112305,0.053497590124607086,0.00010866343654925004,1.2594622373580933,0.0,0.0
84,4.0595927238464355,0.8146510124206543,18.41860580444336,2.202559232711792,0.6828988194465637,53.95133972167969,0.8656642436981201,0.8657308220863342,8.88,0.8148757815361023,0.005733268801122904,0.06544826924800873,26.12895393371582,0.0,0.0,0.3292025625705719,6.5337658270436805e-06,0.0022115097381174564,0.6239715218544006,0.0,0.0,1.0267369747161865,0.3218933045864105,0.011854558251798153,0.12132532894611359,0.006618730258196592,0.18480275571346283,0.29677337408065796,0.02429492212831974,0.00030127272475510836,0.8330318331718445,0.9777742624282837,0.0,0.86308354139328,0.24893419444561005,0.0005776501493528485,0.0200734194368124,0.0,0.0,0.3431817293167114,0.05266285687685013,6.518199370475486e-05,1.2879226207733154,0.0,0.0
85,3.020371675491333,0.8511520624160767,15.233574867248535,3.4613687992095947,0.5505403876304626,47.54441833496094,0.8628603219985962,0.8576822280883789,699.69,0.7633886933326721,0.009223802015185356,0.07667941600084305,24.597749710083008,0.0,0.0,0.345344603061676,1.3009597751079127e-05,0.0030901203863322735,0.6222585439682007,0.0,0.0,1.095676064491272,0.3708534836769104,0.0152413509786129,0.21312589943408966,0.011383656412363052,0.3630583584308624,0.2810125946998596,0.01644885167479515,0.00047068766434676945,0.6446563601493835,0.9786101579666138,0.0,0.8693186640739441,0.24138668179512024,0.000568571500480175,0.020189529284834862,0.0,0.0,0.3454303443431854,0.05174994841217995,7.471453136531636e-05,1.2843939065933228,0.0,0.0
86,4.250247955322266,0.7568365931510925,24.494041442871094,2.02482533454895,0.3812197148799896,59.42720413208008,0.8425266742706299,0.8360262513160706,922.86,0.8473392724990845,0.005799027159810066,0.0573870949447155,17.7382755279541,0.0,0.0,0.332389771938324,1.0332274769098149e-06,0.003603997640311718,0.669808030128479,0.0,0.0,1.175115942955017,0.4741060733795166,0.015414594672620296,0.17279458045959473,0.010647512972354889,0.2763773500919342,0.26978397369384766,0.011091332882642746,0.0005134951206855476,0.5044357180595398,0.9848403334617615,0.0,0.8882981538772583,0.2244509756565094,0.0005917342496104538,0.02085769735276699,0.0,0.0,0.35128211975097656,0.05499682575464249,5.994649472995661e-05,1.2869840860366821,0.0,0.0
87,7.9792633056640625,0.22107553482055664,28.60367774963379,9.121993064880371,0.4388214349746704,59.54063034057617,1.105291724205017,1.103602409362793,138.49,1.1005427837371826,0.09617367386817932,0.031108662486076355,4.074392318725586,0.0,0.0,0.28942885994911194,2.4901231881813146e-05,0.007497772574424744,0.8893947601318359,0.0,0.0,1.1399203538894653,0.3955134153366089,0.022543923929333687,0.4566333591938019,0.023868294432759285,0.8987585306167603,0.2723303437232971,0.009449008852243423,0.0010391755495220423,0.4208846092224121,1.006014347076416,0.0,0.8725386261940002,0.2228647917509079,0.0005638096481561661,0.02010010927915573,0.0,0.0,0.3478905260562897,0.05670257285237312,5.732122008339502e-05,1.2856875658035278,0.0,0.0
88,2.483184814453125,0.13393859565258026,21.577028274536133,3.1601598262786865,0.5808234214782715,50.86166000366211,1.0228692293167114,1.022592306137085,26.48,0.8566491007804871,0.10423590242862701,0.029414739459753036,3.075838327407837,0.0,0.0,0.36054009199142456,0.0002454556233715266,0.0037422077730298042,0.9405906796455383,0.0,0.0,1.0761067867279053,0.37494319677352905,0.015343915671110153,0.18333420157432556,0.010486206039786339,0.3113323748111725,0.28960850834846497,0.01967945322394371,0.0004745955520775169,0.670540452003479,0.9834487438201904,0.0,0.8379315733909607,0.24814122915267944,0.0005626108613796532,0.019621532410383224,0.0,0.0,0.3456810414791107,0.05509820580482483,5.7795841712504625e-05,1.2890053987503052,0.0,0.0
89,2.6956372261047363,0.566680371761322,16.151592254638672,7.63450813293457,0.6581384539604187,44.51258087158203,1.0529991388320923,1.0503942966461182,235.51,0.8792417645454407,0.013061153702437878,0.059120241552591324,13.091954231262207,0.0,0.0,0.3084392249584198,2.3243144823936746e-05,0.0036599154118448496,0.7262835502624512,0.0,0.0,1.0420293807983398,0.32860711216926575,0.01701674796640873,0.30658796429634094,0.015240296721458435,0.5695165395736694,0.29106616973876953,0.019976142793893814,0.0006435068789869547,0.6734618544578552,0.9835940599441528,0.0,0.866938591003418,0.24230216443538666,0.0005653650150634348,0.019983675330877304,0.0,0.0,0.342681348323822,0.05202246829867363,7.234143413370475e-05,1.2848892211914062,0.0,0.0
90,6.368606090545654,0.957360029220581,25.947383880615234,6.220752716064453,0.3994452953338623,75.87680053710938,0.994530200958252,1.0015009641647339,699.86,0.7581722736358643,0.02217235416173935,0.047400716692209244,22.625669479370117,0.0,0.0,0.3801363706588745,7.553517207270488e-05,0.0023458232171833515,0.5958353281021118,0.0,0.0,1.1453886032104492,0.42644649744033813,0.01983555033802986,0.37259095907211304,0.019194260239601135,0.6951112747192383,0.2671240270137787,0.009011471644043922,0.0008610798395238817,0.4319360554218292,0.990771472454071,0.0,0.8942684531211853,0.22145460546016693,0.0005725777591578662,0.020469021052122116,0.0,0.0,0.34820103645324707,0.05288369581103325,8.131589856930077e-05,1.2758772373199463,0.0,0.0
91,5.823463439941406,0.3442898392677307,29.408191680908203,8.605525970458984,0.3286029100418091,50.17583465576172,1.0681371688842773,1.065969705581665,190.36,1.0824016332626343,0.06819181144237518,0.021160487085580826,5.116384029388428,0.0,0.0,0.29131051898002625,1.0417746807434014e-06,0.008165346458554268,0.8296480178833008,0.0,0.0,1.2016762495040894,0.44063395261764526,0.023065537214279175,0.4938095211982727,0.025267058983445168,0.9558191895484924,0.25987085700035095,0.005055284593254328,0.0011249611852690578,0.3431571125984192,1.0023183822631836,0.0,0.8753924369812012,0.22129927575588226,0.000554701080545783,0.020123085007071495,0.0,0.0,0.35165923833847046,0.05617016181349754,6.992400449234992e-05,1.277624249458313,0.0,0.0
92,4.732000350952148,0.8690363764762878,17.30311393737793,5.348963260650635,0.44317373633384705,57.89093017578125,0.8812525272369385,0.8803627490997314,114.69,0.8177936673164368,0.013286266475915909,0.05303770303726196,21.550128936767578,0.0,0.0,0.34921056032180786,1.0891890269704163e-05,0.0034747677855193615,0.6176892518997192,0.0,0.0,1.1442017555236816,0.4085233211517334,0.018163733184337616,0.3319859504699707,0.016737857833504677,0.6087875366210938,0.2683476209640503,0.010371733456850052,0.000685024366248399,0.5003236532211304,0.9888857007026672,0.0,0.8709675073623657,0.23537296056747437,0.0005590145592577755,0.02001086436212063,0.0,0.0,0.3468182384967804,0.053251851350069046,7.635642396053299e-05,1.2803972959518433,0.0,0.0
93,3.699699878692627,0.5819276571273804,20.5085391998291,9.364544868469238,0.5964704751968384,57.82072067260742,1.1208726167678833,1.119556188583374,104.9,0.9336190223693848,0.016375036910176277,0.0477774553000927,11.838220596313477,0.0,0.0,0.3027783930301666,1.043064912664704e-06,0.0037163463421165943,0.7161039113998413,0.0,0.0,1.0507713556289673,0.34785062074661255,0.019856784492731094,0.38434818387031555,0.01962093636393547,0.7386029362678528,0.28614526987075806,0.01655869372189045,0.0008221085299737751,0.5711910724639893,0.9919964075088501,0.0,0.8865047693252563,0.2304774969816208,0.000579540734179318,0.020265845581889153,0.0,0.0,0.3432260751724243,0.05466024577617645,6.280532397795469e-05,1.28511381149292,0.0,0.0
94,1.5962568521499634,0.8011512160301208,24.817459106445312,1.6069905757904053,0.5633847713470459,40.710514068603516,0.9242543578147888,0.9242531657218933,0.14,0.7236222624778748,0.0056585343554615974,0.10145702213048935,24.017555236816406,0.0,0.0,0.349669486284256,5.7813856983557343e-05,0.0030703404918313026,0.6381831169128418,0.0,0.0,1.0507005453109741,0.392559289932251,0.013758795335888863,0.12306039780378342,0.007893224246799946,0.18424580991268158,0.29006505012512207,0.020178712904453278,0.0003704407426994294,0.6946618556976318,0.9841380715370178,0.0,0.8461622595787048,0.2500104308128357,0.0005604888428933918,0.019652029499411583,0.0,0.0,0.34725457429885864,0.05364963412284851,8.920578693505377e-05,1.275377631187439,0.0,0.0
95,3.5086169242858887,0.40616896748542786,21.62224578857422,9.903515815734863,0.5438665151596069,55.13442611694336,1.1278424263000488,1.1282812356948853,34.48,0.9785012602806091,0.04426516219973564,0.035655394196510315,7.207005977630615,0.0,0.0,0.3016221821308136,2.2862112018628977e-05,0.005008263513445854,0.7918795943260193,0.0,0.0,1.0857517719268799,0.35522058606147766,0.021604813635349274,0.43165886402130127,0.021949725225567818,0.8352049589157104,0.2810208797454834,0.013944201171398163,0.0009139710455201566,0.511147141456604,0.9927250146865845,0.0,0.8759199380874634,0.2303411066532135,0.0005707569071091712,0.020089082419872284,0.0,0.0,0.34443399310112,0.055037207901477814,5.9811092796735466e-05,1.2864285707473755,0.0,0.0
96,1.4151114225387573,0.00534356152638793,19.71394920349121,6.411557674407959,0.66168612241745,50.257755279541016,1.1612398624420166,1.1611603498458862,5.9,0.720188558101654,0.1566479504108429,0.029050134122371674,1.018239140510559,0.0,0.0,0.4105921685695648,0.00038479772047139704,0.003575866110622883,1.0122578144073486,0.0,0.0,1.0401835441589355,0.32692480087280273,0.016662990674376488,0.25996068120002747,0.013783322647213936,0.47750934958457947,0.29515624046325684,0.021932249888777733,0.0006151763373054564,0.687174916267395,0.9847253561019897,0.0,0.8452099561691284,0.24981726706027985,0.0005594196845777333,0.019824828952550888,0.0,0.0,0.3429432809352875,0.050383828580379486,6.746437429683283e-05,1.2893258333206177,0.0,0.0
97,7.378809928894043,0.5454298853874207,31.772430419921875,7.097252368927002,0.5659950375556946,79.69691467285156,1.1763396263122559,1.1754682064056396,63.02,1.0116760730743408,0.014302320778369904,0.03524472191929817,10.469503402709961,0.0,0.0,0.28910601139068604,1.0698994401536766e-06,0.003686839248985052,0.7486523389816284,0.0,0.0,1.0638381242752075,0.3789190351963043,0.019181830808520317,0.31586524844169617,0.017721768468618393,0.5992032885551453,0.28787961602211,0.016670208424329758,0.00082512351218611,0.5514105558395386,0.9947453141212463,0.0,0.9085186123847961,0.21723103523254395,0.0006014708778820932,0.020898733288049698,0.0,0.0,0.34477606415748596,0.054990045726299286,5.696916559827514e-05,1.2874040603637695,0.0,0.0
98,2.365593433380127,0.642797589302063,13.226825714111328,6.941108226776123,0.4941868484020233,47.352027893066406,0.897834837436676,0.8969684839248657,107.58,0.8452474474906921,0.009911598637700081,0.0647265836596489,13.577168464660645,0.0,0.0,0.31786927580833435,1.0103619842993794e-06,0.0044578188098967075,0.705950140953064,0.0,0.0,1.1327893733978271,0.36002272367477417,0.019229646772146225,0.3852264881134033,0.018487049266695976,0.7090963125228882,0.2712666988372803,0.011659517884254456,0.0007128909346647561,0.5279247164726257,0.9815922379493713,0.0,0.8903791904449463,0.23062042891979218,0.0005698096938431263,0.02055971510708332,0.0,0.0,0.34541502594947815,0.05101499706506729,7.384506898233667e-05,1.2849737405776978,0.0,0.0
99,5.664271831512451,0.7713399529457092,32.28680419921875,3.2249653339385986,0.5673023462295532,53.98051452636719,1.0903550386428833,1.0864921808242798,326.07,0.8772609829902649,0.005261085461825132,0.04835180938243866,19.764816284179688,0.0,0.0,0.3226977288722992,1.028023007165757e-06,0.002588764065876603,0.6478545665740967,0.0,0.0,1.0446350574493408,0.39634034037590027,0.015530265867710114,0.18473753333091736,0.011165287345647812,0.3173195421695709,0.2903652489185333,0.019180724397301674,0.0005399943329393864,0.6412910223007202,0.9891547560691833,0.0,0.8824498653411865,0.23366516828536987,0.0005834059556946158,0.020309200510382652,0.0,0.0,0.3457043766975403,0.0537545271217823,8.219121809815988e-05,1.2774407863616943,0.0,0.0
