epoch,v1_0deltak,v1_baseline,v1_no_deltak_input,v2_kreg,v2_kreg_noskip,v2_noheads,v3_gradclip_cosine,v3_moreclip
1,0.0301177512109279,0.0294629564881324,0.0273728993535041,0.0563268028199672,0.048814877718687,0.0577097029983997,0.0510368624329566,0.0560002046823501
2,0.0133479161560535,0.0103966549038887,0.0134009325504302,0.0263667213916778,0.0186575266718864,0.0229990607500076,0.026078508645296,0.0185756763815879
3,0.0104674358665943,0.0044482445716857,0.0102149875462055,0.0162912258505821,0.0126148980855941,0.0108053718507289,0.0209980735182762,0.0210920971632003
4,0.0091234248876571,0.0027751687169075,0.009227927327156,0.0122634299099445,0.0114896637201309,0.0049464532732963,0.0132642309367656,0.023998068422079
5,0.0089879730343818,0.002348978370428,0.0089589437842369,0.0105768197774887,0.0101447817683219,0.0027258774638175,0.0119843386113643,0.0231727553904056
6,0.0094432146847248,0.0019823226332664,0.0090722854435443,0.0102385386824607,0.0086956948041915,0.0024834325909614,0.0106758345663547,0.0211128449440002
7,0.0127596345543861,0.0017959907650947,0.0132424014806747,0.0112134009599685,0.0097935338318347,0.0019896882772445,0.0134259243309497,0.0142103490233421
8,0.0242960205674171,0.0015278062224388,0.0209462043642997,0.0110745085775852,0.0093974347412586,0.0018425786495208,0.0205855546891689,0.0095329903066158
9,0.017752796113491,0.0015626192092895,0.0319538722932338,0.0341381156444549,0.0132417196035385,0.0016359975934028,0.033777987062931,0.0099061922729015
10,0.0152821105718612,0.0015162035822868,0.0186611934006214,0.0311113321781158,0.0147479765117168,0.0016028569638729,0.1260606727749109,0.0152687874436378
11,0.0122901451587677,0.0014406697452068,0.0108968068659305,0.0121559704840183,0.0125373011827468,0.0016928458213806,0.088120480030775,0.0098352912068367
12,0.0087873888015747,0.0012704354524612,0.0108656319975852,0.0131099468469619,0.0260259470343589,0.0014040990173816,0.0346074849367141,0.0090857560932636
13,0.010678756982088,0.0012795336544513,0.0113431490957736,0.0111622551083564,0.0286091342568397,0.0013524241745471,0.0326795819401741,0.0100367048382759
14,0.0144904862344264,0.0012129229307174,0.0342504951357841,0.0170741853117942,0.0608692921698093,0.0014276885986328,0.0486018028855323,0.0128119006752967
15,0.044156794399023,0.0011714215576648,0.0478754444420337,0.0125426292419433,0.0470762020349502,0.0015269364416599,0.0343293793499469,0.0087548196315765
16,0.0244319912791252,0.0011177614331245,0.0303160332143306,0.0136679735779762,0.0269241325557231,0.0013384129106998,0.0202250696718692,0.0077280107140541
17,0.0157291376590728,0.000971518009901,0.0182110022008419,0.023139833509922,0.0205973453819751,0.0013328358530998,0.0969632533192634,0.0079850395023822
18,0.0112613336741924,0.0009253086149692,0.015042365193367,0.0123800547420978,0.0128161971271038,0.0012167778611183,0.2724630031734705,0.0089402037858963
19,0.0087732820212841,0.0009326070547103,0.0113446594774723,0.023136034309864,0.0100303374230861,0.001282483190298,0.3671759802103043,0.0075542363524436
20,0.0085726033151149,0.0010494358837604,0.0113532829284667,0.1200829640775918,0.0124036179482936,0.0011254352331161,0.1779270279407501,0.0084506247937679
21,0.0090754377841949,0.0009169387817382,0.0146945612132549,0.0380377718806266,0.0105747407674789,0.0011167986690998,0.199137066155672,0.0080777551233768
22,0.0117003723978996,0.0008740212023258,0.0135003447532653,0.0170818202197551,0.0133930133283138,0.0011413294076919,0.2813105592876673,0.0070764154195785
23,0.0113386850059032,0.0008946949243545,0.0105927765369415,0.0106717297434806,0.009901634901762,0.0010001875460147,0.2048214983940124,0.0062063412368297
24,0.0128252270817756,0.000904811322689,0.010228764116764,0.0101692117750644,0.0099167127907276,0.0010083040595054,0.1665698626637458,0.0076093326508998
25,0.0593702591955661,0.0009402653574943,0.0093654532730579,0.0117768947780132,0.0108137688040733,0.0009774966537952,0.1448011735081672,0.0069124242663383
26,0.0605197425186634,0.0008754238486289,0.0097188304364681,0.0117176361382007,0.0091114079952239,0.0012380455434322,0.3656732419133186,0.0072386392951011
27,0.0327711614966392,0.0008989119529724,0.0110852290689945,0.0131432278454303,0.0092548190057277,0.0012844099104404,0.1402130062878132,0.0078335580229759
28,0.0203844125568866,0.0008370593190193,0.0094968399405479,0.0125035168230533,0.0123262874782085,0.001223749667406,0.0887429049611091,0.0075487950444221
29,0.0138667923212051,0.0008106471598148,0.0111172208189964,0.0119211702048778,0.0099239164590835,0.0009145382046699,0.1117612431943416,0.0092538337409496
30,0.0103541365265846,0.0007633846998214,0.012902430742979,0.0135873226821422,0.0089229448139667,0.0008539575338363,0.0395645362138748,0.0082337795197963
31,0.0100148920714855,0.0007404913008213,0.0170108769834041,0.0109150084853172,0.0096346880495548,0.0009327843785285,0.0236317944526672,0.0056394065916538
32,0.010706792473793,0.0007798653841018,0.0140856149792671,0.0097556352615356,0.0086598534882068,0.0008372780680656,0.0684247858822345,0.0053700046241283
33,0.0095018702745437,0.0007378202676773,0.0120168901979923,0.0095694735646247,0.0096860708296298,0.0008495108783245,0.1433319254219532,0.0059637185931205
34,0.0091522392630577,0.0007169142365455,0.0140871562063694,0.0189522172510623,0.0092402347922325,0.0011054627597332,0.1465228413045406,0.0055252702534198
35,0.009133565723896,0.0006932106614112,0.020244243890047,0.0147780326008796,0.0106959740817546,0.0008832108974456,0.0315174224972724,0.0058332954347133
36,0.0092504288256168,0.0006944984197616,0.0199693049490451,0.0125584031641483,0.0086736680567264,0.0010426834225654,0.0761789645254611,0.0076096281409263
37,0.0100597044825553,0.0006387302279472,0.0236169710755348,0.0123455721139907,0.0120249110460281,0.0008595277369022,0.1516423736512661,0.0075376197695732
38,0.0121320161223411,0.0007707120478153,0.0232339246571064,0.0143605495989322,0.0108324682712554,0.0007901091873645,0.1018093773722648,0.0057615162432193
39,0.0102137790620327,0.0008140569925308,0.0389450201392173,0.010331542044878,0.0112724240124225,0.0007255655527114,0.0791256517171859,0.0091218212246894
40,0.0130435642600059,0.0006607297062873,0.1538533428311348,0.010326113551855,0.0086902908980846,0.0007872907817363,0.0190031577646732,0.0060366401076316
41,0.0129168544709682,0.0006975530087947,0.0557898174226284,0.0091190576553344,0.0088579101860523,0.0009769934415817,0.0529367671906948,0.0051555536687374
42,0.0145233492553234,0.0009308056533336,0.0363528600335121,0.0095420528948307,0.0114686413109302,0.0009259575605392,0.0989886876940727,0.0062716181576251
43,0.0111537536978721,0.0007539772987365,0.0180007371306419,0.0108464704453945,0.0092940638959407,0.0009028159081935,0.0311116257309913,0.0066337540745735
44,0.0098972752690315,0.0009766702353954,0.0123713479936122,0.0107500328123569,0.0095254704356193,0.0012307634949684,0.0275099578499794,0.0043023680150508
45,0.0122909127175807,0.0009517462551593,0.0101015743613243,0.0239069600403308,0.0109702628850936,0.0009805418550968,0.0124019208550453,0.0055890935659408
46,0.0149957689642906,0.0009667447209358,0.0102881518006324,0.0110855212807655,0.0106871564686298,0.0007609112560749,0.0324151465296745,0.0084578484296798
47,0.0111526064574718,0.0008062335848808,0.0110789892077445,0.0086045299470424,0.0087448535859584,0.0008998176455497,0.033886826634407,0.0056907644867897
48,0.0111798155307769,0.0009495776891708,0.0086845611035823,0.0076918236911296,0.0115788146853446,0.0008945727348327,0.0876547795534133,0.0047751361131668
49,0.0112926436960697,0.0008438302576541,0.0091513954102993,0.008008334338665,0.0132251711189746,0.0007266996800899,0.1846693508327007,0.0047582171857357
50,0.0120322780311107,0.000671347528696,0.0085125449299812,0.0087220340967178,0.0158260966837406,0.0008368152379989,0.1471588125824928,0.0054401950538158
51,0.0117274378240108,0.0007444155216217,0.0107046598196029,0.0090365494787693,0.0119019672274589,0.0009168951213359,0.1093162550032138,0.0049117739498615
52,0.0111338551342487,0.0006688518822193,0.0131942488253116,0.008531195372343,0.0110327437520027,0.0010465291142463,0.1396703877300024,0.0047366595268249
53,0.0149433140456676,0.0009817212820053,0.0135234184563159,0.0094455029070377,0.0100479464232921,0.0012143944203853,0.2106983587145805,0.0039657360315322
54,0.0160275496542453,0.0011232848465442,0.0105507685244083,0.0116045020520687,0.0129908694326877,0.000793433189392,0.1625099368393421,0.0046961762011051
55,0.0141378954052925,0.0012079049646854,0.0098428080976009,0.0099795471131801,0.0176312492787838,0.0007684478163719,0.122861420661211,0.0055550207197666
56,0.0128946383297443,0.0011498002707958,0.0085376848280429,0.0102040776610374,0.0116339109838008,0.0007301267981529,0.1320420628786087,0.0048124226927757
57,0.0177009156346321,0.0025138337910175,0.0085303264856338,0.0093469803035259,0.0112027290463447,0.0009445013105869,0.0924224641919136,0.0051999045908451
58,0.0210334022343158,0.0032892046868801,0.0098140953481197,0.0127537178993225,0.0099705167114734,0.000795816630125,0.0635867351293563,0.0036264741420745
59,0.0222784106433391,0.0062710958719253,0.0100725753605365,0.0115033957362174,0.0104197180271148,0.001179624646902,0.017755471765995,0.0039382438361644
60,0.0193335664272308,0.0042640182375907,0.0122483143210411,0.0090164718031883,0.012426620721817,0.0013039441406726,0.0421843528747558,0.0037931664288043
61,0.1913036724925041,0.0056351250410079,0.010870199650526,0.0091754353046417,0.0133140489459037,0.0009463523328304,0.0190469171106815,0.0037457430362701
62,0.1095740161836147,0.0054576478898525,0.0140009336173534,0.0106489667296409,0.0132338942587375,0.000807496458292,0.0788133798539638,0.0033844523131847
63,0.045499218404293,0.0021443440020084,0.0109234176576137,0.0098620326817035,0.0148497907817363,0.0011702018976211,0.0969728018343448,0.0043330650031566
64,0.0212232030928134,0.0020899827778339,0.010729341506958,0.0093368035554885,0.0106236812472343,0.0013526806235313,0.0615427364408969,0.0045722684264183
65,0.0128942777216434,0.0026915648579597,0.0123828175663948,0.0142706871032714,0.0092229901254177,0.0014092190563678,0.016212435811758,0.0040268269181251
66,0.0095353578031063,0.0053093367815017,0.0126930758357048,0.0187710054218769,0.0136095288395881,0.0014036567509174,0.0286597514152526,0.003402791917324
67,0.0098512950539588,0.0042090241611003,0.0104955874383449,0.0147558763623237,0.011784905642271,0.0011760857701301,0.0316451993584632,0.003316820859909
68,0.0099721102416515,0.001869665980339,0.0152684354782104,0.0129329673945903,0.0110152547061443,0.0020131550729274,0.0228146938979625,0.0035187253355979
69,0.0114463028311729,0.0028575879335403,0.0793447782099247,0.0201181207597255,0.0092152942717075,0.0032623746991157,0.0831392922997474,0.0033711643517017
70,0.0106841839849948,0.0021980077028274,0.0679337930679321,0.013440732806921,0.009416607171297,0.0048819415271282,0.0530270224809646,0.0033675593137741
71,0.0090418781340122,0.0017425307631492,0.0316818793118,0.0171019208431243,0.0095024901628494,0.0142754884064197,0.0760203747451305,0.0030980141460895
72,0.0089541608095169,0.0010243132710456,0.0823478791117668,0.01043267339468,0.0141087305545806,0.0101787845790386,0.0210526196658611,0.003259730041027
73,0.0097281743586063,0.0010338175296783,0.112817874699831,0.0094604207575321,0.0135617531836032,0.0037068393826484,0.0254090330004692,0.0036719959974288
74,0.008714265525341,0.0011620119214057,0.0745683580636978,0.014440181851387,0.0116457976400852,0.0027130384743213,0.0100599248707294,0.003274513632059
75,0.0086018802225589,0.0006669794023036,0.0669783753156662,0.0238713011145591,0.0091350950300693,0.0017991898953914,0.0189893461763858,0.0032777032256126
76,0.0095889012515544,0.0007119159400463,0.3208183367922902,0.0311146138608455,0.0092548592388629,0.0009579791128635,0.0195418544113636,0.0029997479915618
77,0.0085615846514701,0.0007761676609516,0.2624776172637939,0.0295902712643146,0.0111424723267555,0.0012780329585075,0.0131540490686893,0.0029654389619827
78,0.0086143270134925,0.000781483054161,0.1484975631535053,0.024208266288042,0.0113331311941146,0.0010885256528854,0.0170496244728565,0.0028835687041282
79,0.0086236716806888,0.0007509759068489,0.0808843326568603,0.0140860563516616,0.0097167825698852,0.0008544838428497,0.0256489464640617,0.0029695533215999
80,0.0085067975521087,0.0007701589167118,0.041601673066616,0.0158471108973026,0.009518808722496,0.0010358943045139,0.0123348872363567,0.002917501181364
81,0.0081097610294818,0.0008060158789157,0.0289139932394027,0.0140809018909931,0.0130630984902381,0.0013747996091842,0.0103280669450759,0.0030442324280738
82,0.0096588246524333,0.0012524202466011,0.0308939030766487,0.0315479978919029,0.0132470497488975,0.0016965800523757,0.0132915462553501,0.0029589283466339
83,0.010553977638483,0.0011912605166435,0.0332684622704982,0.24829140804708,0.0148950351774692,0.0020479317009449,0.015643867701292,0.0029144155979156
84,0.0103401863574981,0.0022495153546333,0.0292109107971191,0.8555992051609792,0.0128393612802028,0.0292813122272491,0.032786681652069,0.0027678720653057
85,0.0082334533333778,0.0020673406124114,0.0286979822814464,0.7786190549912863,0.0087505462765693,0.0366600693762302,0.0542794869840145,0.002975380718708
86,0.0082169629633426,0.0012982422113418,0.0245595313608646,0.6902958497123473,0.0096575757861137,0.0237201495468616,0.0142022830247879,0.0028616555035114
87,0.0089164872467517,0.0010180602967739,0.0288959266245365,0.388340243846178,0.0126547056436538,0.0140051688253879,0.008510857373476,0.0028341999650001
88,0.0085545268654823,0.0018520298600196,0.0418724451959133,0.2600104422587901,0.0111883620917797,0.0066110941767692,0.0085598115622997,0.0027699333429336
89,0.0083019979298114,0.0011627764999866,0.0307154691219329,0.1294785015657544,0.0110766591131687,0.0046097889542579,0.0083201259374618,0.0026740734279155
90,0.0085442174971103,0.0014302785694599,0.0315049110352993,0.0688067491352558,0.0095943945646286,0.003172952979803,0.0086114785075187,0.0027054889500141
91,0.0084250731766223,0.0031863434612751,0.0315080553293228,0.0590129143744707,0.0109621238708496,0.0028829798102378,0.0094304323196411,0.0027525401115417
92,0.0081254255771636,0.0073421090841293,0.0278273236751556,0.0550056220591068,0.0116382099688053,0.0018748998641967,0.0089473456144332,0.0026315379142761
93,0.0096682488918304,0.0032567138969898,0.0320762832462787,0.0497654040157794,0.016330929249525,0.0019907735288143,0.0082996474206447,0.0026414856314659
94,0.0099588775634765,0.0022529226541519,0.0242962493002414,0.0463611022382974,0.0160510094463825,0.0020959645509719,0.0082972382009029,0.0026249881088733
95,0.0102210573852062,0.0018395374715328,0.0247633209824562,0.0463995562493801,0.0124011519551277,0.0023272396624088,0.0087201043963432,0.0026245944201946
96,0.0089372414350509,0.0014816828072071,0.0277979061007499,0.046340624988079,0.009751921147108,0.0020191313326358,0.008590535223484,0.0026419219374656
97,0.0111490781605243,0.0012580421566963,0.0235981775820255,0.0430445896089076,0.0100239308178424,0.0016844913363456,0.0084486247599124,0.002600859105587
98,0.0107875232398509,0.0025878483057022,0.0222010664641857,0.040090719088912,0.0105093877017498,0.0018379817903041,0.0085648737847805,0.0026104967296123
99,0.0122097028791904,0.0016518756747245,0.0234190225601196,0.041389549896121,0.0123849517107009,0.0065493038296699,0.0084692518413066,0.0026128458976745
100,0.0087102198600769,0.0020678913593292,0.022119905501604,0.0421398308128118,0.009656386077404,0.0076824198663234,0.0084236872196197,0.0026193988323211
