epoch,v1_0deltak,v1_baseline,v1_no_deltak_input,v2_kreg,v2_kreg_noskip,v2_noheads,v3_gradclip_cosine,v3_moreclip,v4_phi_2layers,v4_phi_3layers,v4_phi_adamw,v4_phi_corr,v4_phi_dropout,v4_phifeat,v5_biggestDS,v5_newdata
1,0.0301177512109279,0.0294629564881324,0.0273728993535041,0.0563268028199672,0.048814877718687,0.0577097029983997,0.0510368624329566,0.0560002046823501,0.0497337473928928,0.0485434603691101,0.0517687317728996,0.053448180258274,0.0502499964833259,0.0531846165657043,0.0400774792581796,0.0489950037002563
2,0.0133479161560535,0.0103966549038887,0.0134009325504302,0.0263667213916778,0.0186575266718864,0.0229990607500076,0.026078508645296,0.0185756763815879,0.0292850770056247,0.020913032144308,0.0172654823958873,0.0196741686761379,0.0137430876493453,0.0243072272837162,0.0241709270328283,0.017489265948534
3,0.0104674358665943,0.0044482445716857,0.0102149875462055,0.0162912258505821,0.0126148980855941,0.0108053718507289,0.0209980735182762,0.0210920971632003,0.0280804128944873,0.0127254669368267,0.0121521987020969,0.0118074814975261,0.0122960795462131,0.0132313345372676,0.0130231767147779,0.0146108537912368
4,0.0091234248876571,0.0027751687169075,0.009227927327156,0.0122634299099445,0.0114896637201309,0.0049464532732963,0.0132642309367656,0.023998068422079,0.0195912685990333,0.0130871671438217,0.0151150549948215,0.0163237266242504,0.0148831242322921,0.0114020688831806,0.0128667831048369,0.0111619029939174
5,0.0089879730343818,0.002348978370428,0.0089589437842369,0.0105768197774887,0.0101447817683219,0.0027258774638175,0.0119843386113643,0.0231727553904056,0.0199336269497871,0.0135242289304733,0.0101727370917797,0.0116156096756458,0.0105709682404994,0.0092318581044673,0.0165196326375007,0.0101120413839817
6,0.0094432146847248,0.0019823226332664,0.0090722854435443,0.0102385386824607,0.0086956948041915,0.0024834325909614,0.0106758345663547,0.0211128449440002,0.0109486180543899,0.0118113853037357,0.0094878807663917,0.0134918648004531,0.0192996889352798,0.0114299643039703,0.0155463322252035,0.0103910405933856
7,0.0127596345543861,0.0017959907650947,0.0132424014806747,0.0112134009599685,0.0097935338318347,0.0019896882772445,0.0134259243309497,0.0142103490233421,0.0163695040345191,0.0103717082738876,0.0084443072974681,0.0131124113500118,0.0261393415927886,0.0088701200485229,0.0121381011605262,0.0124140985310077
8,0.0242960205674171,0.0015278062224388,0.0209462043642997,0.0110745085775852,0.0093974347412586,0.0018425786495208,0.0205855546891689,0.0095329903066158,0.0144166879355907,0.0170697896182537,0.0120690213143825,0.0093140025436878,0.0142850720882415,0.0097984248399734,0.011087976694107,0.0122962595522403
9,0.017752796113491,0.0015626192092895,0.0319538722932338,0.0341381156444549,0.0132417196035385,0.0016359975934028,0.033777987062931,0.0099061922729015,0.0103304366767406,0.0150489352643489,0.018329269438982,0.0136970727145671,0.011338997632265,0.008142569810152,0.0103239905834198,0.0076916679739952
10,0.0152821105718612,0.0015162035822868,0.0186611934006214,0.0311113321781158,0.0147479765117168,0.0016028569638729,0.1260606727749109,0.0152687874436378,0.0128598870337009,0.0092754316329956,0.0126685325801372,0.009617091268301,0.0103681033849716,0.0140750271081924,0.0086612447723746,0.0081835174560546
11,0.0122901451587677,0.0014406697452068,0.0108968068659305,0.0121559704840183,0.0125373011827468,0.0016928458213806,0.088120480030775,0.0098352912068367,0.0113398465514183,0.0094362877309322,0.0094682562351226,0.0101262517273426,0.0090547713637352,0.016436534076929,0.0111807387322187,0.0133827148377895
12,0.0087873888015747,0.0012704354524612,0.0108656319975852,0.0131099468469619,0.0260259470343589,0.0014040990173816,0.0346074849367141,0.0090857560932636,0.0090904384851455,0.0108322696387767,0.0066831462085247,0.011816070228815,0.0117645934224128,0.0100144626200199,0.0116603648290038,0.0118948481976985
13,0.010678756982088,0.0012795336544513,0.0113431490957736,0.0111622551083564,0.0286091342568397,0.0013524241745471,0.0326795819401741,0.0100367048382759,0.0090512646734714,0.0114306622743606,0.0085517747700214,0.0072287517786026,0.0125056292116641,0.0082529255747795,0.0138098913431167,0.0154205052554607
14,0.0144904862344264,0.0012129229307174,0.0342504951357841,0.0170741853117942,0.0608692921698093,0.0014276885986328,0.0486018028855323,0.0128119006752967,0.0091440562903881,0.0121656094491481,0.0068143431842327,0.0091984377801418,0.0159273217618465,0.0067442500591278,0.0096325178071856,0.0162870335578918
15,0.044156794399023,0.0011714215576648,0.0478754444420337,0.0125426292419433,0.0470762020349502,0.0015269364416599,0.0343293793499469,0.0087548196315765,0.0093545538187026,0.0110830833017826,0.0062452790141105,0.0086666007339954,0.0153521670401096,0.0072522580623626,0.0119775160402059,0.0080745992064476
16,0.0244319912791252,0.0011177614331245,0.0303160332143306,0.0136679735779762,0.0269241325557231,0.0013384129106998,0.0202250696718692,0.0077280107140541,0.0073288533091545,0.0113552348315715,0.0069278484582901,0.0083868536353111,0.0096248215436935,0.0101075859367847,0.013547578305006,0.0072494812309741
17,0.0157291376590728,0.000971518009901,0.0182110022008419,0.023139833509922,0.0205973453819751,0.0013328358530998,0.0969632533192634,0.0079850395023822,0.0085882876813411,0.0100873701274394,0.0065177455544471,0.0074447913467884,0.0122557827830314,0.0076018925011157,0.0155575931817293,0.0079696743190288
18,0.0112613336741924,0.0009253086149692,0.015042365193367,0.0123800547420978,0.0128161971271038,0.0012167778611183,0.2724630031734705,0.0089402037858963,0.007461412847042,0.0107894228398799,0.0068305823206901,0.0065402993559837,0.0097931560873985,0.0095786547660827,0.0128705545887351,0.0071052415668964
19,0.0087732820212841,0.0009326070547103,0.0113446594774723,0.023136034309864,0.0100303374230861,0.001282483190298,0.3671759802103043,0.0075542363524436,0.0076665933430194,0.0161277805268764,0.0071460869908332,0.0104799191653728,0.0130862890183925,0.0069074682891368,0.0093792521581053,0.0095148186385631
20,0.0085726033151149,0.0010494358837604,0.0113532829284667,0.1200829640775918,0.0124036179482936,0.0011254352331161,0.1779270279407501,0.0084506247937679,0.009601906388998,0.0108409033715724,0.0097353003919124,0.0089150093495845,0.0106192582845687,0.0080785182118415,0.0092320785298943,0.009174015969038
21,0.0090754377841949,0.0009169387817382,0.0146945612132549,0.0380377718806266,0.0105747407674789,0.0011167986690998,0.199137066155672,0.0080777551233768,0.0099620392918586,0.0091304376721382,0.0132610012590885,0.008405914157629,0.01034877166152,0.0063138934969902,0.0133954571932554,0.0136929714679718
22,0.0117003723978996,0.0008740212023258,0.0135003447532653,0.0170818202197551,0.0133930133283138,0.0011413294076919,0.2813105592876673,0.0070764154195785,0.0096106231212615,0.0082881142199039,0.0086360657215118,0.0056238734722137,0.0162746189534664,0.006126792281866,0.0104220650717616,0.0105623021721839
23,0.0113386850059032,0.0008946949243545,0.0105927765369415,0.0106717297434806,0.009901634901762,0.0010001875460147,0.2048214983940124,0.0062063412368297,0.0094442871212959,0.0085516402125358,0.0158444446325302,0.0080379654467105,0.015033842921257,0.0060940442979335,0.0087742786109447,0.0087390786409378
24,0.0128252270817756,0.000904811322689,0.010228764116764,0.0101692117750644,0.0099167127907276,0.0010083040595054,0.1665698626637458,0.0076093326508998,0.0090860818326473,0.0080103795230388,0.0136443209648132,0.0072940179705619,0.0150141032040119,0.0080782067775726,0.0098386587575078,0.0080249904096126
25,0.0593702591955661,0.0009402653574943,0.0093654532730579,0.0117768947780132,0.0108137688040733,0.0009774966537952,0.1448011735081672,0.0069124242663383,0.0133227987587451,0.0068401120603084,0.0076954393088817,0.0125390304625034,0.0104341326653957,0.0125821344554424,0.0078405368700623,0.0086711506545543
26,0.0605197425186634,0.0008754238486289,0.0097188304364681,0.0117176361382007,0.0091114079952239,0.0012380455434322,0.3656732419133186,0.0072386392951011,0.0140811708569526,0.007007365822792,0.0073844520747661,0.0086154921352863,0.0095254789292812,0.0164219044148921,0.0081394951418042,0.0054919722676277
27,0.0327711614966392,0.0008989119529724,0.0110852290689945,0.0131432278454303,0.0092548190057277,0.0012844099104404,0.1402130062878132,0.0078335580229759,0.0147615206241607,0.0101079350709915,0.0080282570421695,0.0080048331618309,0.011420971006155,0.0085427701473236,0.0082427339628338,0.0073204120993614
28,0.0203844125568866,0.0008370593190193,0.0094968399405479,0.0125035168230533,0.0123262874782085,0.001223749667406,0.0887429049611091,0.0075487950444221,0.014644961208105,0.0071126617491245,0.0062981338798999,0.0066489450633525,0.020967678874731,0.0081885880231857,0.0075312696769833,0.0067884586751461
29,0.0138667923212051,0.0008106471598148,0.0111172208189964,0.0119211702048778,0.0099239164590835,0.0009145382046699,0.1117612431943416,0.0092538337409496,0.0079059633612632,0.0090829150378704,0.0068989945948123,0.006816951483488,0.0227028648555278,0.0051522970199584,0.0103169362992048,0.0053200736641883
30,0.0103541365265846,0.0007633846998214,0.012902430742979,0.0135873226821422,0.0089229448139667,0.0008539575338363,0.0395645362138748,0.0082337795197963,0.0091787785291671,0.0080719719827175,0.0082300566136837,0.009157822728157,0.0208649802207946,0.0049780885875225,0.0116529354080557,0.0132757832109928
31,0.0100148920714855,0.0007404913008213,0.0170108769834041,0.0109150084853172,0.0096346880495548,0.0009327843785285,0.0236317944526672,0.0056394065916538,0.0077824452519416,0.0090491496026515,0.007272408157587,0.0069022999703884,0.0207317394018173,0.0043732610344886,0.0076011274382472,0.0071950979530811
32,0.010706792473793,0.0007798653841018,0.0140856149792671,0.0097556352615356,0.0086598534882068,0.0008372780680656,0.0684247858822345,0.0053700046241283,0.00717807918787,0.0115015797317028,0.009689427614212,0.0132887154817581,0.0228400188684463,0.0048536622524261,0.0103060476481914,0.0067045655846595
33,0.0095018702745437,0.0007378202676773,0.0120168901979923,0.0095694735646247,0.0096860708296298,0.0008495108783245,0.1433319254219532,0.0059637185931205,0.0075520165264606,0.0070215219259262,0.0061979587376117,0.0121251145005226,0.0219027797877788,0.0059249699115753,0.0110714469105005,0.0075623926520347
34,0.0091522392630577,0.0007169142365455,0.0140871562063694,0.0189522172510623,0.0092402347922325,0.0011054627597332,0.1465228413045406,0.0055252702534198,0.0068756334483623,0.0072756057977676,0.0053398941457271,0.012068512737751,0.0140513518452644,0.0050856919586658,0.0081003646552562,0.0058164432644844
35,0.009133565723896,0.0006932106614112,0.020244243890047,0.0147780326008796,0.0106959740817546,0.0008832108974456,0.0315174224972724,0.0058332954347133,0.0065990084409713,0.0092450584471225,0.0064557601511478,0.0111755329370498,0.009362441599369,0.0052101889252662,0.0118153958022594,0.0072478321194648
36,0.0092504288256168,0.0006944984197616,0.0199693049490451,0.0125584031641483,0.0086736680567264,0.0010426834225654,0.0761789645254611,0.0076096281409263,0.0074568191170692,0.0088680805265903,0.006369811296463,0.0069734781980514,0.009051547050476,0.0060867083072662,0.0090654989704489,0.0063027618825435
37,0.0100597044825553,0.0006387302279472,0.0236169710755348,0.0123455721139907,0.0120249110460281,0.0008595277369022,0.1516423736512661,0.0075376197695732,0.0070647178590297,0.0065815551578998,0.006083256304264,0.005702673792839,0.009143499135971,0.0063676296174526,0.0062111485376954,0.0136143562197685
38,0.0121320161223411,0.0007707120478153,0.0232339246571064,0.0143605495989322,0.0108324682712554,0.0007901091873645,0.1018093773722648,0.0057615162432193,0.0067167848348617,0.0075227542221546,0.0047500354051589,0.0047786171734333,0.0088343822956085,0.0045440617203712,0.006505166478455,0.0216673192381858
39,0.0102137790620327,0.0008140569925308,0.0389450201392173,0.010331542044878,0.0112724240124225,0.0007255655527114,0.0791256517171859,0.0091218212246894,0.0062998068332672,0.0068420849740505,0.0050982093811035,0.004427128881216,0.0116460151970386,0.0036892479658126,0.0051417692005634,0.0132334811985492
40,0.0130435642600059,0.0006607297062873,0.1538533428311348,0.010326113551855,0.0086902908980846,0.0007872907817363,0.0190031577646732,0.0060366401076316,0.0091243748366832,0.0076361979544162,0.0049175158143043,0.0050047205388545,0.0086195826530456,0.0039498974382877,0.0052706580236554,0.0061785672605037
41,0.0129168544709682,0.0006975530087947,0.0557898174226284,0.0091190576553344,0.0088579101860523,0.0009769934415817,0.0529367671906948,0.0051555536687374,0.0074054652452468,0.0057934632897377,0.0044869835674762,0.0058289048075675,0.0088640813529491,0.0042691138386726,0.0065480714663863,0.0074333381652832
42,0.0145233492553234,0.0009308056533336,0.0363528600335121,0.0095420528948307,0.0114686413109302,0.0009259575605392,0.0989886876940727,0.0062716181576251,0.0075792676210403,0.0069579055905342,0.004443290233612,0.0041233743727207,0.007929631024599,0.0041274359822273,0.0052277905866503,0.0058749528229236
43,0.0111537536978721,0.0007539772987365,0.0180007371306419,0.0108464704453945,0.0092940638959407,0.0009028159081935,0.0311116257309913,0.0066337540745735,0.007423685491085,0.0061061426997184,0.0052805325388908,0.0037567557394504,0.0093771511316299,0.0038696798682212,0.0056183294579386,0.005307663232088
44,0.0098972752690315,0.0009766702353954,0.0123713479936122,0.0107500328123569,0.0095254704356193,0.0012307634949684,0.0275099578499794,0.0043023680150508,0.0086612138152122,0.0069368234276771,0.003838098347187,0.0039784748852252,0.0088414651155471,0.0035977807641029,0.006890185251832,0.0064806146919727
45,0.0122909127175807,0.0009517462551593,0.0101015743613243,0.0239069600403308,0.0109702628850936,0.0009805418550968,0.0124019208550453,0.0055890935659408,0.0060756684839725,0.0076069556176662,0.0039529111981391,0.0040120002627372,0.0084126345813274,0.0045543894171714,0.0059546546265482,0.004688156992197
46,0.0149957689642906,0.0009667447209358,0.0102881518006324,0.0110855212807655,0.0106871564686298,0.0007609112560749,0.0324151465296745,0.0084578484296798,0.0058311048150062,0.0067726695537567,0.0038090842962265,0.0042232471704483,0.0075491251051425,0.0038596323132514,0.0045502410829067,0.0053434740006923
47,0.0111526064574718,0.0008062335848808,0.0110789892077445,0.0086045299470424,0.0087448535859584,0.0008998176455497,0.033886826634407,0.0056907644867897,0.0058941468596458,0.005149583518505,0.004064762443304,0.0043011523783206,0.0078487509489059,0.0032733753323554,0.0049415728077292,0.0072701635956764
48,0.0111798155307769,0.0009495776891708,0.0086845611035823,0.0076918236911296,0.0115788146853446,0.0008945727348327,0.0876547795534133,0.0047751361131668,0.0054205419123172,0.0067322035133838,0.0035917769372463,0.0047176258265972,0.0092491209506988,0.0029533022642135,0.0053843074664473,0.006026077568531
49,0.0112926436960697,0.0008438302576541,0.0091513954102993,0.008008334338665,0.0132251711189746,0.0007266996800899,0.1846693508327007,0.0047582171857357,0.0061836120486259,0.0064056235551834,0.0046362815797328,0.0044810843467712,0.0091494764387607,0.0029289200901985,0.0048687746748328,0.0062397268414497
50,0.0120322780311107,0.000671347528696,0.0085125449299812,0.0087220340967178,0.0158260966837406,0.0008368152379989,0.1471588125824928,0.0054401950538158,0.0058999486267566,0.0055564492940902,0.0036354474723339,0.0047330601513385,0.0083196406066417,0.0033440186083316,0.0055995425581932,0.0046929869055747
51,0.0117274378240108,0.0007444155216217,0.0107046598196029,0.0090365494787693,0.0119019672274589,0.0009168951213359,0.1093162550032138,0.0049117739498615,0.0079225240647792,0.0052341695129871,0.0032072609663009,0.0036170729994773,0.0086311358213424,0.0028885920345783,0.0043520418927073,0.0040095849335193
52,0.0111338551342487,0.0006688518822193,0.0131942488253116,0.008531195372343,0.0110327437520027,0.0010465291142463,0.1396703877300024,0.0047366595268249,0.0074276381731033,0.0052344696223735,0.0037228660285472,0.0033330656588077,0.0089485837519168,0.0036130613088607,0.0047642204537987,0.0046724227070808
53,0.0149433140456676,0.0009817212820053,0.0135234184563159,0.0094455029070377,0.0100479464232921,0.0012143944203853,0.2106983587145805,0.0039657360315322,0.0067641082406044,0.0049957719445228,0.0029745654761791,0.0032208155095577,0.0069966103136539,0.0033815301954746,0.0041894015669822,0.0040308848023414
54,0.0160275496542453,0.0011232848465442,0.0105507685244083,0.0116045020520687,0.0129908694326877,0.000793433189392,0.1625099368393421,0.0046961762011051,0.0058792759478092,0.0051221379637718,0.0027518546581268,0.0033944813907146,0.0064326491951942,0.0036456470191478,0.0048989940807223,0.0038994793593883
55,0.0141378954052925,0.0012079049646854,0.0098428080976009,0.0099795471131801,0.0176312492787838,0.0007684478163719,0.122861420661211,0.0055550207197666,0.0055979385972023,0.0060597458481788,0.0026034881174564,0.0028711384534835,0.0072060933709144,0.0033649276196956,0.0047158326208591,0.0042767950892448
56,0.0128946383297443,0.0011498002707958,0.0085376848280429,0.0102040776610374,0.0116339109838008,0.0007301267981529,0.1320420628786087,0.0048124226927757,0.0051894469559192,0.0057945966720581,0.0033998753130435,0.0028750020265579,0.0075496563315391,0.0034515497088432,0.0043109369277954,0.0039342220127582
57,0.0177009156346321,0.0025138337910175,0.0085303264856338,0.0093469803035259,0.0112027290463447,0.0009445013105869,0.0924224641919136,0.0051999045908451,0.004873474985361,0.0056326964497566,0.0033498913049697,0.0031549401581287,0.0067146018147468,0.0026184649765491,0.0053292013332247,0.0034667000174522
58,0.0210334022343158,0.0032892046868801,0.0098140953481197,0.0127537178993225,0.0099705167114734,0.000795816630125,0.0635867351293563,0.0036264741420745,0.0046981933712959,0.0051748237013816,0.0029546263813972,0.0027733051776885,0.0064687076210975,0.0030588045716285,0.0043926599621772,0.0043960171937942
59,0.0222784106433391,0.0062710958719253,0.0100725753605365,0.0115033957362174,0.0104197180271148,0.001179624646902,0.017755471765995,0.0039382438361644,0.004808991253376,0.0051271632313728,0.003138592839241,0.0027778385579586,0.0062617374956607,0.0026450762152671,0.0036297828704118,0.0041188229620456
60,0.0193335664272308,0.0042640182375907,0.0122483143210411,0.0090164718031883,0.012426620721817,0.0013039441406726,0.0421843528747558,0.0037931664288043,0.0050166353583335,0.0046651276946067,0.0028935895860195,0.0040255941450595,0.0057701297104358,0.0023807649314403,0.0036055427789688,0.0036264599859714
61,0.1913036724925041,0.0056351250410079,0.010870199650526,0.0091754353046417,0.0133140489459037,0.0009463523328304,0.0190469171106815,0.0037457430362701,0.0053028641641139,0.0046667951345443,0.0025619119405746,0.0037023063004016,0.0060380563139915,0.0024937836825847,0.0037736097350716,0.0036676481366157
62,0.1095740161836147,0.0054576478898525,0.0140009336173534,0.0106489667296409,0.0132338942587375,0.000807496458292,0.0788133798539638,0.0033844523131847,0.0047533389925956,0.0046825289726257,0.0028485834598541,0.0036747421324253,0.0064102767407894,0.0024555160105228,0.0041689263284206,0.0038791444897651
63,0.045499218404293,0.0021443440020084,0.0109234176576137,0.0098620326817035,0.0148497907817363,0.0011702018976211,0.0969728018343448,0.0043330650031566,0.0049968144297599,0.0051537109911441,0.003344280719757,0.0027997957170009,0.0062321382761001,0.0021093654632568,0.0039727162197232,0.003353029936552
64,0.0212232030928134,0.0020899827778339,0.010729341506958,0.0093368035554885,0.0106236812472343,0.0013526806235313,0.0615427364408969,0.0045722684264183,0.0042511968314647,0.0049241097271442,0.0031228417158126,0.0024572278559207,0.0068017743527889,0.0023258383572101,0.0034831945970654,0.0031139305233955
65,0.0128942777216434,0.0026915648579597,0.0123828175663948,0.0142706871032714,0.0092229901254177,0.0014092190563678,0.016212435811758,0.0040268269181251,0.0047090822458267,0.0047912010550498,0.0028637909889221,0.0024777206778526,0.0064516551792621,0.0026198650896549,0.004628200083971,0.0026992727816104
66,0.0095353578031063,0.0053093367815017,0.0126930758357048,0.0187710054218769,0.0136095288395881,0.0014036567509174,0.0286597514152526,0.003402791917324,0.0055027994513511,0.0045215763151645,0.0022487761080265,0.0024219711124897,0.0062399645149707,0.0022818036377429,0.0050635332986712,0.0025821869075298
67,0.0098512950539588,0.0042090241611003,0.0104955874383449,0.0147558763623237,0.011784905642271,0.0011760857701301,0.0316451993584632,0.003316820859909,0.0052584911882877,0.0043593487143516,0.0024361568689346,0.0025699818134307,0.0058091461658477,0.0021929389238357,0.0045604880526661,0.0026323822140693
68,0.0099721102416515,0.001869665980339,0.0152684354782104,0.0129329673945903,0.0110152547061443,0.0020131550729274,0.0228146938979625,0.0035187253355979,0.0042535722255706,0.0044388838112354,0.0021809627115726,0.0028880354762077,0.0058062934875488,0.0022123490273952,0.0042383626103401,0.0031792792677879
69,0.0114463028311729,0.0028575879335403,0.0793447782099247,0.0201181207597255,0.0092152942717075,0.0032623746991157,0.0831392922997474,0.0033711643517017,0.0044708573818206,0.004406971335411,0.0021663582324981,0.0025131767988204,0.0064663375914096,0.0022069649398326,0.003759324029088,0.0026210336387157
70,0.0106841839849948,0.0021980077028274,0.0679337930679321,0.013440732806921,0.009416607171297,0.0048819415271282,0.0530270224809646,0.0033675593137741,0.0043684799969196,0.0043839415907859,0.0020185106992721,0.0023912173509597,0.0067871597409248,0.0022276918590068,0.0031200454011559,0.0026675669848918
71,0.0090418781340122,0.0017425307631492,0.0316818793118,0.0171019208431243,0.0095024901628494,0.0142754884064197,0.0760203747451305,0.0030980141460895,0.0041207300126552,0.0041355471312999,0.0021254411339759,0.0026746134459972,0.0058540591597557,0.0020425720512866,0.0033394101262092,0.0024069054424762
72,0.0089541608095169,0.0010243132710456,0.0823478791117668,0.01043267339468,0.0141087305545806,0.0101787845790386,0.0210526196658611,0.003259730041027,0.0044455985724926,0.0044874952733516,0.0022002610564231,0.0021545301377773,0.0053634662926197,0.0019065088033676,0.0032703920826315,0.002443009763956
73,0.0097281743586063,0.0010338175296783,0.112817874699831,0.0094604207575321,0.0135617531836032,0.0037068393826484,0.0254090330004692,0.0036719959974288,0.0044801440834999,0.0042989684641361,0.0022918520867824,0.0022000271081924,0.0054909311234951,0.0020791947841644,0.0030257588252425,0.0023590551316738
74,0.008714265525341,0.0011620119214057,0.0745683580636978,0.014440181851387,0.0116457976400852,0.0027130384743213,0.0100599248707294,0.003274513632059,0.0040164886415004,0.0043305769562721,0.0021275752782821,0.002128944247961,0.0052260716259479,0.0018711391091346,0.0033054473996162,0.0026186352968215
75,0.0086018802225589,0.0006669794023036,0.0669783753156662,0.0238713011145591,0.0091350950300693,0.0017991898953914,0.0189893461763858,0.0032777032256126,0.0040359623730182,0.0041756351292133,0.0020307202637195,0.0020846129953861,0.0060078744590282,0.0021583460271358,0.003199042007327,0.0022991344332695
76,0.0095889012515544,0.0007119159400463,0.3208183367922902,0.0311146138608455,0.0092548592388629,0.0009579791128635,0.0195418544113636,0.0029997479915618,0.0039643241465091,0.0040906670689582,0.0019234369695186,0.0020953072607517,0.0061442221701145,0.0018093612790107,0.0028029733151197,0.0022760866582393
77,0.0085615846514701,0.0007761676609516,0.2624776172637939,0.0295902712643146,0.0111424723267555,0.0012780329585075,0.0131540490686893,0.0029654389619827,0.0040924374759197,0.0043194070458412,0.0020477929711341,0.0020960962772369,0.005232188552618,0.0018620412051677,0.0027957634627819,0.0025465013086795
78,0.0086143270134925,0.000781483054161,0.1484975631535053,0.024208266288042,0.0113331311941146,0.0010885256528854,0.0170496244728565,0.0028835687041282,0.0039524039626121,0.0044381076097488,0.0021392408013343,0.0021388813853263,0.0052838850021362,0.001920568794012,0.0031707240268588,0.0023386967182159
79,0.0086236716806888,0.0007509759068489,0.0808843326568603,0.0140860563516616,0.0097167825698852,0.0008544838428497,0.0256489464640617,0.0029695533215999,0.0038532838225364,0.0041240522265434,0.0019327209889888,0.0020209588110446,0.0054521331191062,0.0019703981280326,0.002406489290297,0.0024748748540878
80,0.0085067975521087,0.0007701589167118,0.041601673066616,0.0158471108973026,0.009518808722496,0.0010358943045139,0.0123348872363567,0.002917501181364,0.0040936686098575,0.0042192213237285,0.001840541511774,0.0020364308357238,0.0051936107873916,0.0017963069677352,0.0024677872657775,0.0023383264243602
81,0.0081097610294818,0.0008060158789157,0.0289139932394027,0.0140809018909931,0.0130630984902381,0.0013747996091842,0.0103280669450759,0.0030442324280738,0.0039583118259906,0.004162176400423,0.0018285238742828,0.0021858409047126,0.0051056136190891,0.0017815214395523,0.0025583845749497,0.0022246623039245
82,0.0096588246524333,0.0012524202466011,0.0308939030766487,0.0315479978919029,0.0132470497488975,0.0016965800523757,0.0132915462553501,0.0029589283466339,0.0039942228794097,0.0041897390782833,0.0018137304484844,0.0021568885445594,0.0052467799186706,0.0017194291949272,0.002792761363089,0.0021757596731185
83,0.010553977638483,0.0011912605166435,0.0332684622704982,0.24829140804708,0.0148950351774692,0.0020479317009449,0.015643867701292,0.0029144155979156,0.0038724009692668,0.0041633263230323,0.0019094991683959,0.0021338810026645,0.0051101547479629,0.0016599263250827,0.0027669908106327,0.0024144265055656
84,0.0103401863574981,0.0022495153546333,0.0292109107971191,0.8555992051609792,0.0128393612802028,0.0292813122272491,0.032786681652069,0.0027678720653057,0.0038928917050361,0.0040733425319194,0.0017550554871559,0.0019352088868618,0.0050833012163639,0.0016168250143527,0.0029595405235886,0.0020122541487216
85,0.0082334533333778,0.0020673406124114,0.0286979822814464,0.7786190549912863,0.0087505462765693,0.0366600693762302,0.0542794869840145,0.002975380718708,0.003955176025629,0.0040575884282588,0.0017849224805831,0.0020491248369216,0.0052160075306892,0.0016128779947757,0.0024321211874485,0.002215142995119
86,0.0082169629633426,0.0012982422113418,0.0245595313608646,0.6902958497123473,0.0096575757861137,0.0237201495468616,0.0142022830247879,0.0028616555035114,0.0039255057275295,0.0039650519192218,0.0017829981446266,0.0020257523655891,0.0052812218666076,0.0016675145924091,0.0028536223247647,0.002356758415699
87,0.0089164872467517,0.0010180602967739,0.0288959266245365,0.388340243846178,0.0126547056436538,0.0140051688253879,0.008510857373476,0.0028341999650001,0.0038798025250434,0.003928745239973,0.0017328657209873,0.0019061581790447,0.0051727752387523,0.0018601876497268,0.0024639188125729,0.0022777152061462
88,0.0085545268654823,0.0018520298600196,0.0418724451959133,0.2600104422587901,0.0111883620917797,0.0066110941767692,0.0085598115622997,0.0027699333429336,0.0037983120977878,0.0038972136378288,0.001703350841999,0.0019064700603485,0.0049716438353061,0.0016855145990848,0.0022244299948215,0.0023366641998291
89,0.0083019979298114,0.0011627764999866,0.0307154691219329,0.1294785015657544,0.0110766591131687,0.0046097889542579,0.0083201259374618,0.0026740734279155,0.0040305118262767,0.0039227247238159,0.0017698062956333,0.001903038918972,0.0049745313823223,0.0015862902998924,0.0021561311930418,0.0019844064116477
90,0.0085442174971103,0.0014302785694599,0.0315049110352993,0.0688067491352558,0.0095943945646286,0.003172952979803,0.0086114785075187,0.0027054889500141,0.003814737945795,0.0039628230035305,0.0017363932728767,0.0019213724136352,0.0050150406360626,0.0015781430900096,0.0022936567291617,0.001989504545927
91,0.0084250731766223,0.0031863434612751,0.0315080553293228,0.0590129143744707,0.0109621238708496,0.0028829798102378,0.0094304323196411,0.0027525401115417,0.0037571507692337,0.0038689744472503,0.0017889353632926,0.0018755003809928,0.0049249279499053,0.0015566650032997,0.0022582411766052,0.0020023830235004
92,0.0081254255771636,0.0073421090841293,0.0278273236751556,0.0550056220591068,0.0116382099688053,0.0018748998641967,0.0089473456144332,0.0026315379142761,0.0038320885598659,0.0039083583652973,0.0016775695979595,0.0018672578036785,0.0049840402603149,0.0015880760550498,0.0022156095877289,0.0018398427963256
93,0.0096682488918304,0.0032567138969898,0.0320762832462787,0.0497654040157794,0.016330929249525,0.0019907735288143,0.0082996474206447,0.0026414856314659,0.0038180710375308,0.0039434839785099,0.0016883441805839,0.0019189271330833,0.0050506210327148,0.0015352767705917,0.0020311185717582,0.0019434377551078
94,0.0099588775634765,0.0022529226541519,0.0242962493002414,0.0463611022382974,0.0160510094463825,0.0020959645509719,0.0082972382009029,0.0026249881088733,0.0037479239702224,0.0038576810061931,0.0016809104382991,0.0018385288119316,0.0049254295229911,0.0015264393389225,0.0020905550196766,0.0017274388670921
95,0.0102210573852062,0.0018395374715328,0.0247633209824562,0.0463995562493801,0.0124011519551277,0.0023272396624088,0.0087201043963432,0.0026245944201946,0.0036930447816848,0.0038659688830375,0.001640188395977,0.0018168234825134,0.0049676302075386,0.0015198615193367,0.0021248989924788,0.0017506255209445
96,0.0089372414350509,0.0014816828072071,0.0277979061007499,0.046340624988079,0.009751921147108,0.0020191313326358,0.008590535223484,0.0026419219374656,0.0037485706806182,0.0038539043068885,0.0016987682878971,0.0018449820578098,0.0049008350074291,0.0015288525819778,0.0021571131050586,0.0017479488253593
97,0.0111490781605243,0.0012580421566963,0.0235981775820255,0.0430445896089076,0.0100239308178424,0.0016844913363456,0.0084486247599124,0.002600859105587,0.0037356580793857,0.0038469491899013,0.0016432000696659,0.0018348486721515,0.0049266968667507,0.0015306234359741,0.0020441505312919,0.0018674585223197
98,0.0107875232398509,0.0025878483057022,0.0222010664641857,0.040090719088912,0.0105093877017498,0.0018379817903041,0.0085648737847805,0.0026104967296123,0.0037872168421745,0.003857015222311,0.0016540993750095,0.0018234737217426,0.0049251808226108,0.0015257230401039,0.0020339461416006,0.0017712754011154
99,0.0122097028791904,0.0016518756747245,0.0234190225601196,0.041389549896121,0.0123849517107009,0.0065493038296699,0.0084692518413066,0.0026128458976745,0.0037313263118267,0.0038442413508892,0.0016415999829769,0.0018219615519046,0.0048826482892036,0.0015349315106868,0.002049818187952,0.0017926543951034
100,0.0087102198600769,0.0020678913593292,0.022119905501604,0.0421398308128118,0.009656386077404,0.0076824198663234,0.0084236872196197,0.0026193988323211,0.0037355622649192,0.003842287659645,0.0016373024880886,0.0018227094411849,0.004909534305334,0.0015333722531795,0.0019192741811275,0.0017758107185363
101,,,,,,,,2775.473965898193,,,,,,,0.0020246979966759,0.0016754871606826
102,,,,,,,,,,,,,,,0.0019484206289052,0.0016393746435642
103,,,,,,,,,,,,,,,0.0019480118155479,0.0016545386612415
104,,,,,,,,,,,,,,,0.0019510016962885,0.0016172593832015
105,,,,,,,,,,,,,,,0.0020552653446793,0.0016653880476951
106,,,,,,,,,,,,,,,0.001899068467319,0.0016212877631187
107,,,,,,,,,,,,,,,0.0019100281223654,0.0015812867879867
108,,,,,,,,,,,,,,,0.0019412924721837,0.0016186438500881
109,,,,,,,,,,,,,,,0.0018553474545478,0.0016803839802742
110,,,,,,,,,,,,,,,0.0018972810730338,0.0017049439251422
111,,,,,,,,,,,,,,,0.0019234839826822,0.0015743170678615
112,,,,,,,,,,,,,,,0.0018382439017295,0.0015584948658943
113,,,,,,,,,,,,,,,0.0018374675139784,0.0015925574302673
114,,,,,,,,,,,,,,,0.0018550583347678,0.001555982530117
115,,,,,,,,,,,,,,,0.0018220933899283,0.0015523336827754
116,,,,,,,,,,,,,,,0.0018298453465104,0.0015680934488773
117,,,,,,,,,,,,,,,0.0018174406513571,0.0015545636415481
118,,,,,,,,,,,,,,,0.0018345331400632,0.0015422557294368
119,,,,,,,,,,,,,,,0.0018027119711041,0.0015521499514579
120,,,,,,,,,,,,,,,0.0018078973144292,0.0015394523739814
