,1,r0_b4c_rod_outer_radius,r0_b4c_rod_cr_fraction,r1_fuel_annulus_outer_radius,r1_fuel_annulus_enrichment,r1_fuel_annulus_f_mod,r2_water_outer_radius,r0_b4c_rod_outer_radius^2,r0_b4c_rod_outer_radius r0_b4c_rod_cr_fraction,r0_b4c_rod_outer_radius r1_fuel_annulus_outer_radius,r0_b4c_rod_outer_radius r1_fuel_annulus_enrichment,r0_b4c_rod_outer_radius r1_fuel_annulus_f_mod,r0_b4c_rod_outer_radius r2_water_outer_radius,r0_b4c_rod_cr_fraction^2,r0_b4c_rod_cr_fraction r1_fuel_annulus_outer_radius,r0_b4c_rod_cr_fraction r1_fuel_annulus_enrichment,r0_b4c_rod_cr_fraction r1_fuel_annulus_f_mod,r0_b4c_rod_cr_fraction r2_water_outer_radius,r1_fuel_annulus_outer_radius^2,r1_fuel_annulus_outer_radius r1_fuel_annulus_enrichment,r1_fuel_annulus_outer_radius r1_fuel_annulus_f_mod,r1_fuel_annulus_outer_radius r2_water_outer_radius,r1_fuel_annulus_enrichment^2,r1_fuel_annulus_enrichment r1_fuel_annulus_f_mod,r1_fuel_annulus_enrichment r2_water_outer_radius,r1_fuel_annulus_f_mod^2,r1_fuel_annulus_f_mod r2_water_outer_radius,r2_water_outer_radius^2
b4c_rod_diffusion-coefficient_g1,0.9548645010498463,0.06065072470537062,-0.05796873898105508,-0.004883900050727506,0.008973638511664314,-0.0008436310504274183,-0.0009335444962147594,-0.014311162118750581,-0.010274945939778044,0.0006085242884825363,-0.00194779260321378,0.0026303319411054844,0.001800389933100064,-0.05440442533031598,0.0010576438295789232,-0.0031299444771314324,0.0063159091289087185,-0.0014291263510834943,0.001917462159881819,-0.00041105647458304173,0.0014460888728389386,0.0008547719495082888,-0.0009032385495555006,-0.003134401192635478,0.00023173254658847008,0.00023067025192612703,-0.00049150031997292,-0.00019396497275106508
b4c_rod_diffusion-coefficient_g2,0.017365630635257253,0.00027060354421096005,-0.03408420513953918,0.0003843398542628256,0.0023065761520936244,-0.002768297353198625,-6.786529806275963e-05,-0.0009420934330656548,-0.0003318848584265451,0.00021631181453015842,0.00036745611452365196,-0.0008411520244554938,0.000820102630574312,0.02680963143609271,0.0009670903536049887,-7.66766779037575e-05,0.001932268481831385,-0.0003650410778262261,-0.000476838797628397,0.0004180911703236018,0.0005209206531443859,0.0001551091389307979,0.0005842674283378872,-0.0005674755151010065,-0.00033378690421225176,8.795746460086831e-05,0.00021194439376496195,-0.0006128752198262155
b4c_rod_absorption_g1,0.04496785231978503,-0.013668431374483175,0.018200890434149224,0.0008805018523092162,-0.0019717494025203977,0.0023071666255931452,0.00011192468697602608,0.0047221562149114245,-0.0047483075258228724,-0.00034300410881026803,0.0008160665801451332,-0.0006596108941086528,-0.0009837949251369502,-0.0013120639362118667,0.0001182584321957959,-0.0006836877681621576,-9.156701647650795e-06,0.0007370540171023457,-0.00028411226145044283,2.7796955995663582e-05,-0.00020105466823395796,-0.0003190014403184262,0.00011764987817789977,0.0007031614618726022,0.00010416056329228346,-0.0002861445030459658,-9.432371878761767e-05,0.00028571878744487153
b4c_rod_absorption_g2,12.08252071890475,-0.1285305101558908,9.672725306037869,0.014948507799498984,-1.2487915644623282,1.3182646176650088,0.0008416193668424224,0.050139301176224615,-0.08959807758954791,-0.007399043449322387,0.05835291377637265,-0.009374191403693041,0.015543574119029076,1.868733067678929,0.03001738740232831,-0.7449148030576894,0.8410651033817957,0.0729856980720008,0.006318558510363608,-0.02078605946629869,-0.021952313130476107,-0.03941253681984092,0.26544386996361025,-0.0847058488904908,-0.03593757085932641,0.09150498687230522,0.03054131073731947,0.01325494667216527
b4c_rod_scatter matrix_g1,0.3022496868130256,-0.012631679527164225,0.008091651399431708,0.0011784000747641322,-0.001844937358845979,-0.002153054629456546,0.0002306276724081896,0.0030786241400704985,0.006585152600968007,-0.0002453889616617006,0.0006459071250578802,-0.0004411195455043183,-0.00028823997670927664,0.026567565428611713,-0.00044298770807125863,0.001555497286188298,-0.002912914881783316,-0.000194579942362662,-0.0006275039732246421,-6.223988609020648e-05,-0.0005335251553730306,-0.00011862235658914035,0.00030784756260782495,0.0006375406023606827,-8.239718230006807e-05,0.00028131992275411084,0.00039925498581349386,2.0759233755378517e-05
b4c_rod_scatter matrix_g2,8.223138079484062e-06,-3.07066209672116e-05,-4.764192039363504e-05,4.551213784771838e-06,-9.219108207143452e-06,1.3050950457747683e-05,-5.226274760710538e-07,8.96574570095585e-06,2.20019997471408e-05,-1.0910023392196858e-06,3.6896965125637187e-06,-9.073077261593701e-06,-5.754945446160852e-08,5.100644742772651e-05,-4.753659763004201e-07,1.0700874469237411e-05,-9.764549825695191e-06,-4.0510249544687315e-06,-3.41128007646751e-06,-1.0932418262674433e-06,-1.6199896580146606e-06,-5.475035671170486e-07,3.3895925527237695e-06,3.235556209546286e-07,-5.87836631118134e-08,-1.6287951084748814e-06,2.257867468753952e-06,2.646690306559929e-07
b4c_rod_scatter matrix_g3,0.003965715181911652,0.00020520840721428277,-0.0008263583507340174,-8.481414950649737e-05,0.0005280606777259998,-0.0008424351165578214,-0.00035186306806054836,-0.0001505447049567219,-0.00015359642982171708,0.00014558108441567726,9.144707083969539e-05,8.200359536304243e-06,0.00028335951980917206,-0.0001322161618114778,-6.572200056920207e-06,-0.00021773354768803946,0.00013545879544109746,-8.365796545314972e-05,-5.8029674534292533e-05,8.618473187699756e-05,3.987586692567144e-05,-0.00011251648055282555,-5.5337741088684955e-05,-0.0001292905314058839,-0.00011403611179663925,0.00016210671861345292,8.82016539221624e-05,-7.486006436438315e-05
b4c_rod_scatter matrix_g4,0.7398181345103195,0.0009791717105118371,-0.1324996343447982,-0.00299076395455117,-0.00262475537212483,-0.004711283663618713,0.0005055729124754232,0.0004965185331030918,-0.0009073198580002486,0.002908512343842329,0.0011541158418618435,0.0038800848233063318,-0.0006870186406097741,0.013511675893024268,-0.000667657229158574,0.00010311953081140597,-0.003382875569438066,0.0008826117582334993,0.0020064237473691863,-0.0027313444708878926,-0.0028312027621469962,-0.0001774800279117996,-0.00036471230091816934,0.0019300983099501158,0.0006700606442987747,0.0024822596829887624,0.0007305577601790925,0.0010540403910500673
fuel_annulus_diffusion-coefficient_g1,1.030912085544557,0.0024850659569377537,0.002342994212229645,-0.0163310305299432,0.0024624849326989793,-0.054257252354426015,3.6022376094065005e-05,0.00022444814424422619,0.0010591485518311493,-0.0013287196051974257,7.553969169868455e-05,-0.0004614212546331151,-0.00029237186989260764,-0.00024511331517419375,-0.0011586262756097733,8.026946513691501e-05,-0.00022927445652119895,-6.539396439250378e-05,0.004738659188162457,-0.0004521838849840439,0.0019766472048205644,0.00035992991936863725,-0.0002216638551959696,-0.0014079218971680752,-6.563472271542333e-05,0.004737036816088274,-7.81899889188913e-05,5.987553758367192e-05
fuel_annulus_diffusion-coefficient_g2,0.3848573533240429,-0.0014642416051530887,-0.0005113591460510483,0.011346167923100114,-0.013136163649842665,-0.037024988876074326,-0.00028952748130524905,-0.0004050573108604711,-0.00024920547601346455,0.0008754468824117054,-0.00114151581492482,0.0005772886997549403,0.0003513880336988097,-0.00028783646900742667,-0.00012346545688411573,5.7897568249127953e-05,-0.0001421210870036093,-0.00013290853139598534,-0.0016971102421285123,0.003669929906826881,-0.0032612712244820493,-0.0005525466660429235,-0.0008615660585320108,0.013211835134161971,-0.0003534236882713345,-5.717978745231964e-05,0.00025975531714059685,-6.204180300701719e-05
fuel_annulus_absorption_g1,0.01670530520644141,-0.00010910675467804612,-7.055946965253418e-05,0.0005061560173296639,0.002028337685818794,-0.0019689026660385423,3.770911775265774e-06,-8.186393496172157e-06,-3.115742913989039e-05,5.96487936315517e-05,-3.3484698355453964e-05,1.421759403593074e-05,2.4411884476186533e-05,4.6236868869208726e-06,3.079649175859931e-05,8.999061668809873e-07,4.567144082072317e-06,-4.996702722719922e-07,-0.00013534638831867653,7.271679107205502e-05,-2.5028683540570494e-05,-1.5528719943551736e-05,-0.00012954617540359215,-0.00021439729328137552,-1.0878351884409835e-05,-0.0004933249998146099,9.035042718246914e-06,-1.1722774269039802e-05
fuel_annulus_absorption_g2,0.2479849943176804,0.0013594656653603907,0.0004861075693486814,-0.009663380059251271,0.08086200274670306,-0.04818962180474497,0.0002785964112897545,0.00011512896081745064,0.000369935720650965,-0.0004830003890985457,0.0007451356100948619,-0.0007703182433520684,-0.00032742650334629397,-0.00012935975703737558,-0.00011398202879351139,0.00034744241944259746,5.20749293341292e-05,-0.00020423098321200933,0.001181173908612242,-0.005819140396456648,0.003030736368178577,0.00021931966010896938,-0.004425165437637885,-0.017581889707259903,6.396064072510294e-05,-0.0032954188772547416,-8.618032378032984e-05,9.58935093634908e-05
fuel_annulus_nu-fission_g1,0.014130975414682473,-7.976250497542072e-05,-3.3143111622640694e-05,0.00030859687869063757,0.0040588013994412465,-0.002813105698469523,4.699868398815596e-06,-6.693415142291367e-06,-1.718316058969559e-05,4.717540367348579e-05,-5.4353009405703036e-05,1.4030822359940976e-05,3.29096553976862e-05,-7.724399810708284e-06,4.535501598877394e-06,4.1592348091872847e-07,-1.224706774260886e-05,-3.0878711208430447e-06,-6.528804056496616e-05,0.00013334792633244884,4.713302249793692e-05,-1.0232708912221522e-05,-0.00023425303360685826,-0.0006069806033137791,-2.1205654401614516e-05,-0.00039006863782835625,1.4496939590370538e-05,-1.8892765225125583e-05
fuel_annulus_nu-fission_g2,0.4601033803937139,0.0026845900495591087,0.000948358025378649,-0.01877282439036634,0.1720960475248211,-0.09597932885589221,0.0005637021743089333,0.00019772664959703744,0.0007405861335279021,-0.0008752376911384232,0.0014525331815592286,-0.0015297723452180442,-0.0006284449080283743,-0.0003037361865315652,-0.00023960443782844356,0.0007463598714341159,0.00010657756639442459,-0.0004401978123627251,0.002220970084603913,-0.011872290183687248,0.005937867490660429,0.0003772950774380128,-0.010190224937817823,-0.03665841140642935,8.025466889321978e-05,-0.006715870550261249,-0.00017036513654659086,0.000193047449096148
fuel_annulus_scatter matrix_g1,0.28860512160154816,-0.00037046050345949607,-0.0005206334418347993,0.00348696079968676,-0.0014310975747142396,0.012444651639662366,-1.1420005283591377e-05,-4.4848681919502184e-05,-0.00024811475242846845,0.00019391935757441135,-1.2581462381439007e-05,8.434109542318492e-05,4.751662387178529e-05,3.3216400721060746e-05,0.00024651529130454596,-2.540639739724517e-05,2.0919572726543973e-05,1.2653267281311207e-05,-0.000991981889916833,0.00010758643194325893,-0.00039177492549833537,-7.764191487234165e-05,8.131507999119039e-05,0.0004972619186869625,1.8357455258188438e-05,-0.00045977537651405246,6.199114676570676e-06,-4.515618205646294e-06
fuel_annulus_scatter matrix_g2,0.01802956499299549,-0.00028137299114794036,-0.00011308403633388278,0.0009762286968328952,-0.001357408651176717,0.006182555284739099,-1.1486709560994982e-06,-1.0842000839526759e-05,-2.42416849165969e-05,0.00012726825987236786,2.449655134551623e-05,-5.739272525286285e-05,-7.839549080625672e-06,5.6977107306790705e-05,6.323466262635893e-05,-3.141692900239193e-07,-1.4386355103620639e-05,6.8148555781526e-06,-0.0003006735899930789,-7.002746578674305e-05,0.0001786747737295595,-9.993692809827329e-06,0.00012080514331544971,5.3795706249416245e-05,1.6891813017629512e-05,0.00033909277689658215,-3.1721179355433384e-07,1.0435280743034124e-05
fuel_annulus_scatter matrix_g3,0.0006448685008727665,-6.552642447399012e-06,-2.4197895593977667e-06,5.691358857712671e-05,0.0001740559876046998,-0.00011261054800800904,-1.9591560441303067e-06,-6.201289215094592e-07,-1.0045319726862816e-06,4.4203667537711245e-06,-5.217578051320995e-06,2.41474793637429e-06,2.4727667835745634e-06,-8.493973244000604e-07,4.7047295181755627e-07,-8.399902799577006e-07,-5.035974844763618e-07,-7.798982242257139e-08,-9.912340188674123e-06,2.011168149374682e-05,-1.3993287703111766e-05,-3.508575506442235e-06,-1.6624032838204953e-05,-1.6021167621400068e-05,-1.614637664670043e-06,-1.0633935616621745e-05,-1.3606334452788016e-06,2.525630492031435e-08
fuel_annulus_scatter matrix_g4,0.6180207566805314,0.0019290708206542507,0.0006651899995827822,-0.01633861621799162,-0.054400197962125404,0.1331491685435149,0.0002065762331326512,0.0003806113897926527,0.00023234638241337213,-0.0010196963099307198,0.0015026756244035872,1.5408739746572963e-05,-0.00025711819990619953,0.0003242461399973063,-8.891614461945041e-05,2.986878437031804e-05,-3.661297465682021e-05,0.00023364935458467057,0.0031735133684254197,-0.004904507490980137,0.0019149540587109631,0.0010131313973876367,0.007847361458261553,-0.0070935987115526705,7.542791655073709e-05,0.01331639155632745,-0.00017678264390263987,-9.096827308886133e-05
water_diffusion-coefficient_g1,0.8282325743271319,0.0004134013271151761,0.0003031534950849597,-0.00028655904610503427,0.0030638473006495003,0.005875663058021303,-0.0006816113988236791,-0.0003036963401883421,0.00015355185167596237,0.000408007184175764,-0.00016541986648711097,-0.0005285271716482199,2.6945321391789352e-05,-0.00034581771735502206,5.468557791650199e-05,-0.00013894484275899885,0.0002960398575855492,0.00019384005226665455,0.002882934519120062,0.0009330624628112953,0.0021853836136029622,-0.0031610287451636085,-0.00020884722663781034,-0.00015536338853778414,-3.760997776769547e-05,-0.0005899754456536434,-0.0008901389336628243,0.0007546004777880317
water_diffusion-coefficient_g2,0.2553981759729341,0.00022922699341059767,-2.1077805263243807e-05,0.0009411860919698399,0.00025072531625877306,-0.00017030934863215326,-0.001315116643998481,-0.00016196609156358756,-5.7756613526548005e-06,0.00023008967134079686,-4.433536179003158e-05,-0.00018376298576504386,7.485444086582454e-05,-0.00016359254532063636,-4.758968054640128e-06,-8.380438914335503e-05,0.00011531718886361066,0.00017076486197693867,0.001579950941401001,0.0004209030858089769,0.0001389861926680256,-0.0023728026185900284,-1.2942238779232935e-05,0.0003242582010416122,1.4648828730588981e-05,-0.0002438119271419604,-0.00028463106147845615,0.0007160997193158923
water_absorption_g1,0.0005513684661386449,-1.9683907192385897e-06,-3.238395403552437e-07,6.143698914848694e-07,-3.5187971518076138e-06,8.86262673389431e-06,5.726133152487415e-06,1.2674133233523176e-07,-2.4029874395583825e-08,1.7262035102222548e-07,1.14019242029365e-07,2.9364502754946254e-07,-2.8811263648700883e-07,3.5221050597507085e-07,-2.0776063854256046e-07,1.7326874800331433e-07,-3.317445805769248e-07,-2.30055573476192e-07,-5.821711340883787e-06,-1.1151401224615146e-06,-4.483891924873586e-08,6.956742102777618e-06,3.2405745464805435e-07,-1.7440104052206607e-07,-1.8238734441946147e-08,-1.8851466753681129e-07,7.286194553642046e-07,-2.379225309299781e-06
water_absorption_g2,0.01917195977391303,-1.3886697623693682e-05,5.940797883803741e-07,-6.31281329466535e-05,-1.579249747127686e-05,1.1167422341662565e-05,8.508560203859107e-05,8.85126200395102e-06,-1.1709623507484393e-07,-1.2546615758906573e-05,2.920107993326413e-06,1.0919067989825883e-05,-5.393472265907439e-06,9.394765420294814e-06,-1.695536297268741e-06,4.804411730100478e-06,-7.3658599604800895e-06,-8.93917740890828e-06,-9.922201370474741e-05,-2.5725993277882394e-05,-7.927828795869796e-06,0.00014929020985455274,7.663955319109853e-07,-2.018477212651412e-05,-6.695789536458922e-07,1.5256254900835315e-05,1.710952825978131e-05,-4.5522310426175015e-05
water_scatter matrix_g1,0.3449459491939058,5.2384024953270275e-06,-8.803016827459766e-05,0.00024592976717397613,-0.0007060740722584777,-0.003014726232016845,-0.00024322895135167944,7.096154670990269e-05,-5.0837607792845114e-05,-0.00011937772268372191,2.314302780891518e-05,0.00014201830207659239,2.4502220643108117e-05,6.575240177268424e-05,6.761935029422102e-06,3.139252032810306e-05,-5.5961565488456546e-05,-3.29323989421347e-05,-0.00042578005961702123,-0.00016046030988694203,-0.000708805578835364,0.00033438680536483444,7.075707890786028e-05,9.325779458113782e-05,1.5026091107679658e-05,0.0002556207279839189,0.00021377306949098868,-2.3222994871975402e-05
water_scatter matrix_g2,0.056896537251550076,-0.0001681796765406069,-5.906800991183831e-05,-8.698907997112486e-05,-0.0007696980331326218,0.000174049509817337,0.0005071527754293261,5.637403792082983e-05,-3.161203868493194e-05,-5.727388730960138e-05,3.646892949783698e-05,0.00011458567961342135,-2.871927194527808e-05,7.777966276841798e-05,-2.4177181371508326e-05,3.317831602092054e-05,-6.494560071068325e-05,-4.40701057455757e-05,-0.0008505270365605706,-0.00023244393962183182,-0.00024903451160113404,0.001058107957425115,5.0832263832807635e-05,3.589817259664554e-05,8.311668688289687e-06,5.388066446709346e-05,0.00015900809842690492,-0.0003091731798893704
water_scatter matrix_g3,6.151323971968001e-05,1.941924801426173e-06,1.5293686048725177e-07,8.27521954203451e-06,2.1382188732943506e-06,-1.740670779890854e-06,-1.1050865085121169e-05,-1.0138942210382258e-06,1.6505052043679146e-07,1.6193783309601655e-06,-2.677412017555197e-07,-1.2691438657615049e-06,6.187445147051244e-07,-1.1902945749252713e-06,6.328611134199137e-07,-6.854439282386214e-07,9.645283482682195e-07,8.781771971770671e-07,1.3290703264004365e-05,3.2893680039025867e-06,1.2239780720564462e-06,-1.948208365325725e-05,-7.180394933378883e-08,2.487364569731705e-06,4.1937930453789225e-08,-1.9977344612959236e-06,-2.355444313493024e-06,5.856391209770547e-06
water_scatter matrix_g4,1.2856473419509702,-0.000985719649968289,5.0395398760905875e-05,-0.004445021658298382,-0.0011714466016176214,0.0008711047454716115,0.006032703623414576,0.0006349554073679721,-2.3427910835434277e-06,-0.0008933141949001479,0.00020772942081168446,0.0007757544081559185,-0.00036686695641226165,0.0006717694281485532,-7.752840410310094e-05,0.00034620868261784883,-0.0005053435069221593,-0.0006474598438221244,-0.007001938811926862,-0.0018415619341704168,-0.0004918437093470476,0.010581444362923019,6.358630886784024e-05,-0.001411538641720723,-4.827694873626792e-05,0.0010841610918688382,0.0011932307350008076,-0.003229970796350323
