epoch,sample_idx,b4c_r,cr_frac,fuel_r,enrichment,f_mod,water_r,CR_D1,CR_D2,CR_Sa1,CR_Sa2,CR_nSf1,CR_nSf2,CR_Ss11,CR_Ss22,CR_Ss12,CR_Ss21,CR_chi1,CR_chi2,Core_D1,Core_D2,Core_Sa1,Core_Sa2,Core_nSf1,Core_nSf2,Core_Ss11,Core_Ss22,Core_Ss12,Core_Ss21,Core_chi1,Core_chi2,Mod_D1,Mod_D2,Mod_Sa1,Mod_Sa2,Mod_nSf1,Mod_nSf2,Mod_Ss11,Mod_Ss22,Mod_Ss12,Mod_Ss21,Mod_chi1,Mod_chi2
0,0,4.494010925292969,0.9442070126533508,38.30604934692383,4.763775825500488,0.4776526093482971,47.684574127197266,0.7762176394462585,0.022525383159518242,0.05928092822432518,27.474321365356445,0.0,0.0,0.369698166847229,4.62500611320138e-05,0.0030862342100590467,0.5972045063972473,0.0,0.0,1.0633002519607544,0.43746820092201233,0.018227020278573036,0.2583574652671814,0.015901222825050354,0.4798078238964081,0.2814596891403198,0.013851502910256386,0.0007993635954335332,0.4996631145477295,1.0,0.0,0.8315542340278625,0.2648901045322418,0.0005153689999133348,0.018557313829660416,0.0,0.0,0.3477226495742798,0.05291824787855148,0.00014459471276495606,1.2421908378601074,0.0,0.0
0,1,2.969292640686035,0.181959331035614,15.030915260314941,5.029155254364014,0.6943737268447876,40.95610427856445,0.9088702201843262,0.08701181411743164,0.029029136523604393,3.9046061038970947,0.0,0.0,0.3378087878227234,0.00017171249783132225,0.003887280821800232,0.9210113883018494,0.0,0.0,1.00200355052948,0.3386152386665344,0.013849051669239998,0.20775482058525085,0.010714571923017502,0.37909042835235596,0.29596057534217834,0.02295166254043579,0.00047455192543566227,0.7746151089668274,1.0,0.0,0.8330503702163696,0.2556283473968506,0.0005506947636604309,0.019158730283379555,0.0,0.0,0.3428531289100647,0.0566832609474659,6.292592297540978e-05,1.2847628593444824,0.0,0.0
0,2,5.132141590118408,0.06406427174806595,27.20244598388672,4.384096622467041,0.6151831746101379,46.31694412231445,0.9578816890716553,0.13101021945476532,0.013583540916442871,1.7058131694793701,0.0,0.0,0.33884403109550476,0.00016725451860111207,0.004613290075212717,0.9844005107879639,0.0,0.0,1.006325364112854,0.3802793025970459,0.015783388167619705,0.20881666243076324,0.01229401957243681,0.3791319727897644,0.2945275604724884,0.02070952206850052,0.0005829127039760351,0.6683327555656433,1.0,0.0,0.8300075531005859,0.25759053230285645,0.0005476350779645145,0.019033953547477722,0.0,0.0,0.34466859698295593,0.05643390864133835,7.86873497418128e-05,1.275872826576233,0.0,0.0
0,3,2.6789424419403076,0.34011030197143555,22.484493255615234,9.66893196105957,0.42981329560279846,49.4163932800293,0.9547703266143799,0.06126880273222923,0.03298993408679962,5.638826370239258,0.0,0.0,0.3141229748725891,3.481386011117138e-05,0.00708050886169076,0.826046884059906,0.0,0.0,1.1125807762145996,0.36758267879486084,0.022503772750496864,0.49048978090286255,0.02573997713625431,0.9634492993354797,0.26863476634025574,0.008617433719336987,0.0010843364289030433,0.41539499163627625,1.0,0.0,0.8253980278968811,0.2547244429588318,0.000535020895767957,0.019211234524846077,0.0,0.0,0.3477840721607208,0.05542818829417229,5.73301877011545e-05,1.288249135017395,0.0,0.0
0,4,2.836472272872925,0.10726100951433182,16.558063507080078,3.9918270111083984,0.4373120069503784,48.91459274291992,0.8930208086967468,0.12417226284742355,0.018754152581095695,2.283315420150757,0.0,0.0,0.35495665669441223,0.00017776608001440763,0.0058707729913294315,0.9625798463821411,0.0,0.0,1.1137789487838745,0.42747339606285095,0.016924086958169937,0.26286381483078003,0.01454895082861185,0.4826301336288452,0.2709923982620239,0.011385304853320122,0.0006091203540563583,0.5192369222640991,1.0,0.0,0.8226819038391113,0.2555500566959381,0.0005380403599701822,0.0191621296107769,0.0,0.0,0.3482246696949005,0.056526899337768555,6.372156349243596e-05,1.2850496768951416,0.0,0.0
1,0,4.494010925292969,0.9442070126533508,38.30604934692383,4.763775825500488,0.4776526093482971,47.684574127197266,0.763373851776123,0.021452272310853004,0.06104916334152222,29.000463485717773,0.0,0.0,0.369698166847229,4.848505341215059e-05,0.002900688676163554,0.5972045063972473,0.0,0.0,1.083712100982666,0.42136743664741516,0.01832658424973488,0.26311102509498596,0.01588546857237816,0.4710705280303955,0.2814596891403198,0.014024700038135052,0.0007989004370756447,0.4996631145477295,0.9841976761817932,0.0,0.879140317440033,0.24276064336299896,0.0005439936649054289,0.019644426181912422,0.0,0.0,0.3477226495742798,0.051217541098594666,0.00014750982518307865,1.2421908378601074,0.0,0.0
1,1,2.969292640686035,0.181959331035614,15.030915260314941,5.029155254364014,0.6943737268447876,40.95610427856445,0.8957377672195435,0.09476255625486374,0.029841387644410133,3.6577138900756836,0.0,0.0,0.3378087878227234,0.00016206481086555868,0.0037163703236728907,0.9210113883018494,0.0,0.0,1.0121989250183105,0.32745590806007385,0.014180226251482964,0.21023721992969513,0.010490452870726585,0.37523671984672546,0.29596057534217834,0.02326558344066143,0.00045977873378433287,0.7746151089668274,0.9881742596626282,0.0,0.858386754989624,0.24090273678302765,0.000564118439797312,0.01980787143111229,0.0,0.0,0.3428531289100647,0.05389095097780228,6.797080277465284e-05,1.2847628593444824,0.0,0.0
1,2,5.132141590118408,0.06406427174806595,27.20244598388672,4.384096622467041,0.6151831746101379,46.31694412231445,0.9633110165596008,0.13263803720474243,0.013662490993738174,1.6784695386886597,0.0,0.0,0.33884403109550476,0.0001683555165072903,0.0045011695474386215,0.9844005107879639,0.0,0.0,1.019968867301941,0.37398675084114075,0.015910401940345764,0.2099861353635788,0.01220722310245037,0.37712812423706055,0.2945275604724884,0.02086189202964306,0.000577006081584841,0.6683327555656433,0.9943645000457764,0.0,0.8448264002799988,0.24921783804893494,0.000556115759536624,0.019389554858207703,0.0,0.0,0.34466859698295593,0.055180925875902176,8.115578384604305e-05,1.275872826576233,0.0,0.0
1,3,2.6789424419403076,0.34011030197143555,22.484493255615234,9.66893196105957,0.42981329560279846,49.4163932800293,0.9412445425987244,0.05698010325431824,0.03382306918501854,6.048140048980713,0.0,0.0,0.3141229748725891,3.652767190942541e-05,0.00641222856938839,0.826046884059906,0.0,0.0,1.1460604667663574,0.3521086573600769,0.022784991189837456,0.49895766377449036,0.02536708675324917,0.9467841386795044,0.26863476634025574,0.008722729980945587,0.0010624341666698456,0.41539499163627625,0.9854222536087036,0.0,0.8549323081970215,0.24218519032001495,0.0005524185835383832,0.019930996000766754,0.0,0.0,0.3477840721607208,0.05257269740104675,6.006818875903264e-05,1.288249135017395,0.0,0.0
1,4,2.836472272872925,0.10726100951433182,16.558063507080078,3.9918270111083984,0.4373120069503784,48.91459274291992,0.8911042213439941,0.12089167535305023,0.018928982317447662,2.336188316345215,0.0,0.0,0.35495665669441223,0.00018473004456609488,0.0054634371772408485,0.9625798463821411,0.0,0.0,1.142034888267517,0.415530264377594,0.01724521815776825,0.26617342233657837,0.014299296773970127,0.4767571985721588,0.2709923982620239,0.011566665023565292,0.0005955297383479774,0.5192369222640991,0.9862484931945801,0.0,0.8374924659729004,0.24561327695846558,0.0005460659158416092,0.0195381548255682,0.0,0.0,0.3482246696949005,0.05459487810730934,6.63566097500734e-05,1.2850496768951416,0.0,0.0
2,0,4.494010925292969,0.9442070126533508,38.30604934692383,4.763775825500488,0.4776526093482971,47.684574127197266,0.7683588266372681,0.021171681582927704,0.06026202440261841,30.256088256835938,0.0,0.0,0.369698166847229,4.868827818427235e-05,0.0028257800731807947,0.5972045063972473,0.0,0.0,1.0685648918151855,0.42225170135498047,0.018064824864268303,0.2600524425506592,0.016085077077150345,0.4764179289340973,0.2814596891403198,0.013812839984893799,0.0008080302504822612,0.4996631145477295,0.9955111742019653,0.0,0.8681479692459106,0.24668705463409424,0.0005386208649724722,0.0194510817527771,0.0,0.0,0.3477226495742798,0.05103712156414986,0.00015170771803241223,1.2421908378601074,0.0,0.0
2,1,2.969292640686035,0.181959331035614,15.030915260314941,5.029155254364014,0.6943737268447876,40.95610427856445,0.8984270095825195,0.09319242089986801,0.029804520308971405,3.723025321960449,0.0,0.0,0.3378087878227234,0.00016375693667214364,0.003750810632482171,0.9210113883018494,0.0,0.0,1.024061918258667,0.3293612599372864,0.014274219051003456,0.21137568354606628,0.01046006754040718,0.3733167350292206,0.29596057534217834,0.02350449003279209,0.0004583834670484066,0.7746151089668274,0.9835728406906128,0.0,0.8611609935760498,0.23987630009651184,0.0005661324830725789,0.019868062809109688,0.0,0.0,0.3428531289100647,0.053626228123903275,6.923355249455199e-05,1.2847628593444824,0.0,0.0
2,2,5.132141590118408,0.06406427174806595,27.20244598388672,4.384096622467041,0.6151831746101379,46.31694412231445,0.9697191715240479,0.13102665543556213,0.013629002496600151,1.6818403005599976,0.0,0.0,0.33884403109550476,0.00017016487254295498,0.004470812622457743,0.9844005107879639,0.0,0.0,1.0301190614700317,0.37467801570892334,0.01598600298166275,0.21091453731060028,0.012176238000392914,0.37554067373275757,0.2945275604724884,0.02102269046008587,0.0005753764999099076,0.6683327555656433,0.9905799627304077,0.0,0.8466718792915344,0.24839957058429718,0.0005573976086452603,0.019428309053182602,0.0,0.0,0.34466859698295593,0.05490567535161972,8.22887450340204e-05,1.275872826576233,0.0,0.0
2,3,2.6789424419403076,0.34011030197143555,22.484493255615234,9.66893196105957,0.42981329560279846,49.4163932800293,0.9522327780723572,0.055621176958084106,0.03380381315946579,6.143002510070801,0.0,0.0,0.3141229748725891,3.7185811379458755e-05,0.006153876893222332,0.826046884059906,0.0,0.0,1.1615992784500122,0.35683077573776245,0.022984400391578674,0.49717235565185547,0.025123214349150658,0.9503211975097656,0.26863476634025574,0.00871680211275816,0.0010469243861734867,0.41539499163627625,0.985598087310791,0.0,0.8461640477180481,0.24440748989582062,0.0005470979958772659,0.01971432752907276,0.0,0.0,0.3477840721607208,0.052377454936504364,6.128894165158272e-05,1.288249135017395,0.0,0.0
2,4,2.836472272872925,0.10726100951433182,16.558063507080078,3.9918270111083984,0.4373120069503784,48.91459274291992,0.8935071229934692,0.11880756169557571,0.018997373059391975,2.3445637226104736,0.0,0.0,0.35495665669441223,0.00018798946985043585,0.005384985823184252,0.9625798463821411,0.0,0.0,1.162365436553955,0.41295987367630005,0.017448611557483673,0.26758214831352234,0.014131249859929085,0.4742348790168762,0.2709923982620239,0.011652075685560703,0.000587472110055387,0.5192369222640991,0.979257345199585,0.0,0.8401616215705872,0.244818776845932,0.00054792664013803,0.019599635154008865,0.0,0.0,0.3482246696949005,0.05390878766775131,6.79481090628542e-05,1.2850496768951416,0.0,0.0
3,0,4.494010925292969,0.9442070126533508,38.30604934692383,4.763775825500488,0.4776526093482971,47.684574127197266,0.7652038931846619,0.020919784903526306,0.06027022749185562,30.986797332763672,0.0,0.0,0.369698166847229,4.89674239361193e-05,0.002736232941970229,0.5972045063972473,0.0,0.0,1.073608636856079,0.42207035422325134,0.018230747431516647,0.26138588786125183,0.01596863381564617,0.4740024507045746,0.2814596891403198,0.013898846693336964,0.0007993794861249626,0.4996631145477295,0.9898565411567688,0.0,0.8508260846138,0.25625813007354736,0.000527484284248203,0.019091807305812836,0.0,0.0,0.3477226495742798,0.050949934870004654,0.00015866110334172845,1.2421908378601074,0.0,0.0
3,1,2.969292640686035,0.181959331035614,15.030915260314941,5.029155254364014,0.6943737268447876,40.95610427856445,0.9002753496170044,0.09274013340473175,0.029912086203694344,3.7623636722564697,0.0,0.0,0.3378087878227234,0.00016195238276850432,0.0038149021565914154,0.9210113883018494,0.0,0.0,1.0359935760498047,0.33362144231796265,0.014346894808113575,0.2126607596874237,0.01044097263365984,0.3713032603263855,0.29596057534217834,0.02374369464814663,0.00045715970918536186,0.7746151089668274,0.9790357947349548,0.0,0.8667392730712891,0.23695042729377747,0.0005701914778910577,0.019974542781710625,0.0,0.0,0.3428531289100647,0.053491782397031784,7.018821634119377e-05,1.2847628593444824,0.0,0.0
3,2,5.132141590118408,0.06406427174806595,27.20244598388672,4.384096622467041,0.6151831746101379,46.31694412231445,0.9744881987571716,0.13093480467796326,0.01362589467316866,1.6802289485931396,0.0,0.0,0.33884403109550476,0.00016881118062883615,0.004458002746105194,0.9844005107879639,0.0,0.0,1.037618637084961,0.37664714455604553,0.016039228066802025,0.2113431841135025,0.012146461755037308,0.37488946318626404,0.2945275604724884,0.021107375621795654,0.0005733890575356781,0.6683327555656433,0.988654613494873,0.0,0.8451323509216309,0.2491847574710846,0.0005564387538470328,0.019383998587727547,0.0,0.0,0.34466859698295593,0.0548572912812233,8.353078010259196e-05,1.275872826576233,0.0,0.0
3,3,2.6789424419403076,0.34011030197143555,22.484493255615234,9.66893196105957,0.42981329560279846,49.4163932800293,0.9718520641326904,0.05493006110191345,0.033355679363012314,6.145618438720703,0.0,0.0,0.3141229748725891,3.746537186088972e-05,0.0059708789922297,0.826046884059906,0.0,0.0,1.1702111959457397,0.362169474363327,0.02294112928211689,0.49464085698127747,0.025234729051589966,0.9552186131477356,0.26863476634025574,0.008705264888703823,0.0010480330092832446,0.41539499163627625,0.9909095168113708,0.0,0.8296146392822266,0.24962469935417175,0.0005367454723455012,0.01936293952167034,0.0,0.0,0.3477840721607208,0.052263326942920685,6.38888159301132e-05,1.288249135017395,0.0,0.0
3,4,2.836472272872925,0.10726100951433182,16.558063507080078,3.9918270111083984,0.4373120069503784,48.91459274291992,0.9035761952400208,0.11842931061983109,0.018858255818486214,2.3294677734375,0.0,0.0,0.35495665669441223,0.00018706904666032642,0.0053626601584255695,0.9625798463821411,0.0,0.0,1.169091820716858,0.415055513381958,0.01744859851896763,0.2672254145145416,0.014150239527225494,0.4748912751674652,0.2709923982620239,0.011662209406495094,0.0005876289214938879,0.5192369222640991,0.9807756543159485,0.0,0.8319545388221741,0.24746231734752655,0.0005428089061751962,0.019424911588430405,0.0,0.0,0.3482246696949005,0.05375564470887184,6.999737524893135e-05,1.2850496768951416,0.0,0.0
4,0,4.494010925292969,0.9442070126533508,38.30604934692383,4.763775825500488,0.4776526093482971,47.684574127197266,0.7694217562675476,0.020764561370015144,0.06036517024040222,32.26701354980469,0.0,0.0,0.369698166847229,4.9176433094544336e-05,0.0025968016125261784,0.5972045063972473,0.0,0.0,1.0789793729782104,0.4191135764122009,0.01828685961663723,0.26071763038635254,0.015917712822556496,0.47524163126945496,0.2814596891403198,0.013852891512215137,0.00079459318658337,0.4996631145477295,0.9907565712928772,0.0,0.8487367630004883,0.259183406829834,0.0005259799654595554,0.019060572609305382,0.0,0.0,0.3477226495742798,0.050544168800115585,0.00016264093574136496,1.2421908378601074,0.0,0.0
4,1,2.969292640686035,0.181959331035614,15.030915260314941,5.029155254364014,0.6943737268447876,40.95610427856445,0.9018837213516235,0.09404910355806351,0.029969947412610054,3.905176877975464,0.0,0.0,0.3378087878227234,0.00016047594544943422,0.0038105740677565336,0.9210113883018494,0.0,0.0,1.0376192331314087,0.3386668264865875,0.014399426989257336,0.21256159245967865,0.010420529171824455,0.37179282307624817,0.29596057534217834,0.0238230861723423,0.00045555250835604966,0.7746151089668274,0.9795101881027222,0.0,0.8695712685585022,0.23327581584453583,0.0005721576744690537,0.020021548494696617,0.0,0.0,0.3428531289100647,0.0537673644721508,6.960768951103091e-05,1.2847628593444824,0.0,0.0
4,2,5.132141590118408,0.06406427174806595,27.20244598388672,4.384096622467041,0.6151831746101379,46.31694412231445,0.9794596433639526,0.13257668912410736,0.013626722618937492,1.676159381866455,0.0,0.0,0.33884403109550476,0.00016658757522236556,0.004440465476363897,0.9844005107879639,0.0,0.0,1.0383094549179077,0.38046181201934814,0.016074417158961296,0.2109941989183426,0.012128992937505245,0.37571626901626587,0.2945275604724884,0.021131718531250954,0.0005714842118322849,0.6683327555656433,0.9898913502693176,0.0,0.8422490954399109,0.24908146262168884,0.000554545025806874,0.019304966554045677,0.0,0.0,0.34466859698295593,0.055082399398088455,8.365869871340692e-05,1.275872826576233,0.0,0.0
4,3,2.6789424419403076,0.34011030197143555,22.484493255615234,9.66893196105957,0.42981329560279846,49.4163932800293,0.9821789264678955,0.05543471500277519,0.03335614129900932,6.387851238250732,0.0,0.0,0.3141229748725891,3.7361562135629356e-05,0.0057479701936244965,0.826046884059906,0.0,0.0,1.1815191507339478,0.36914435029029846,0.023112419992685318,0.49292421340942383,0.025077834725379944,0.9590396285057068,0.26863476634025574,0.008712362498044968,0.0010361018357798457,0.41539499163627625,0.992002546787262,0.0,0.8205798268318176,0.2522388994693756,0.0005310296546667814,0.019142523407936096,0.0,0.0,0.3477840721607208,0.0522187314927578,6.577703607035801e-05,1.288249135017395,0.0,0.0
4,4,2.836472272872925,0.10726100951433182,16.558063507080078,3.9918270111083984,0.4373120069503784,48.91459274291992,0.907069206237793,0.1198224276304245,0.018896978348493576,2.4002082347869873,0.0,0.0,0.35495665669441223,0.0001854531146818772,0.0052926307544112206,0.9625798463821411,0.0,0.0,1.1720361709594727,0.41874197125434875,0.017487868666648865,0.26650792360305786,0.014116652309894562,0.47631675004959106,0.2709923982620239,0.011656716465950012,0.000584961089771241,0.5192369222640991,0.9823439717292786,0.0,0.8283729553222656,0.24787627160549164,0.0005405210540629923,0.019335875287652016,0.0,0.0,0.3482246696949005,0.05371800437569618,7.095986802596599e-05,1.2850496768951416,0.0,0.0
5,0,4.494010925292969,0.9442070126533508,38.30604934692383,4.763775825500488,0.4776526093482971,47.684574127197266,0.7674084901809692,0.020666616037487984,0.06044383347034454,31.83879280090332,0.0,0.0,0.369698166847229,4.9310056056128815e-05,0.002507307566702366,0.5972045063972473,0.0,0.0,1.0817341804504395,0.41807839274406433,0.018380451947450638,0.26046013832092285,0.015819380059838295,0.4758334159851074,0.2814596891403198,0.013851919211447239,0.0007892913417890668,0.4996631145477295,0.9898988008499146,0.0,0.8486907482147217,0.25849056243896484,0.0005256155855022371,0.019034504890441895,0.0,0.0,0.3477226495742798,0.05079467222094536,0.00015718564100097865,1.2421908378601074,0.0,0.0
5,1,2.969292640686035,0.181959331035614,15.030915260314941,5.029155254364014,0.6943737268447876,40.95610427856445,0.9009602069854736,0.0945616140961647,0.029985789209604263,3.8948161602020264,0.0,0.0,0.3378087878227234,0.00015994260320439935,0.0037987169343978167,0.9210113883018494,0.0,0.0,1.0417143106460571,0.34112492203712463,0.014403642155230045,0.21262095868587494,0.010416438803076744,0.3717809319496155,0.29596057534217834,0.02387072704732418,0.00045486853923648596,0.7746151089668274,0.9794034361839294,0.0,0.8763659596443176,0.23017136752605438,0.0005770800053142011,0.020157407969236374,0.0,0.0,0.3428531289100647,0.0538269579410553,6.91531240590848e-05,1.2847628593444824,0.0,0.0
5,2,5.132141590118408,0.06406427174806595,27.20244598388672,4.384096622467041,0.6151831746101379,46.31694412231445,0.9761537909507751,0.1334484964609146,0.013703913427889347,1.694993257522583,0.0,0.0,0.33884403109550476,0.0001658585388213396,0.004374726675450802,0.9844005107879639,0.0,0.0,1.0443817377090454,0.3798432946205139,0.016120990738272667,0.21138814091682434,0.012085852213203907,0.37508025765419006,0.2945275604724884,0.02119012363255024,0.0005690428079105914,0.6683327555656433,0.9876300096511841,0.0,0.846614420413971,0.24761764705181122,0.0005574910319410264,0.019388243556022644,0.0,0.0,0.34466859698295593,0.05500401183962822,8.326170791406184e-05,1.275872826576233,0.0,0.0
5,3,2.6789424419403076,0.34011030197143555,22.484493255615234,9.66893196105957,0.42981329560279846,49.4163932800293,0.9738142490386963,0.055547431111335754,0.03368906304240227,6.460602760314941,0.0,0.0,0.3141229748725891,3.7676265492336825e-05,0.005360187962651253,0.826046884059906,0.0,0.0,1.1984750032424927,0.3717205822467804,0.023339882493019104,0.49515289068222046,0.024847237393260002,0.9552345275878906,0.26863476634025574,0.008783080615103245,0.0010247034952044487,0.41539499163627625,0.9863736629486084,0.0,0.8271377682685852,0.24778348207473755,0.0005354136228561401,0.019249731674790382,0.0,0.0,0.3477840721607208,0.05227697268128395,6.432335067074746e-05,1.288249135017395,0.0,0.0
5,4,2.836472272872925,0.10726100951433182,16.558063507080078,3.9918270111083984,0.4373120069503784,48.91459274291992,0.901491105556488,0.121426060795784,0.019026856869459152,2.417969226837158,0.0,0.0,0.35495665669441223,0.00018452676886226982,0.005179934669286013,0.9625798463821411,0.0,0.0,1.1779005527496338,0.42003148794174194,0.01755206286907196,0.26739445328712463,0.014072098769247532,0.4748850166797638,0.2709923982620239,0.011721507646143436,0.0005828316789120436,0.5192369222640991,0.979302167892456,0.0,0.8306818604469299,0.24648268520832062,0.0005421932437457144,0.019366251304745674,0.0,0.0,0.3482246696949005,0.05372215434908867,7.055119203869253e-05,1.2850496768951416,0.0,0.0
6,0,4.494010925292969,0.9442070126533508,38.30604934692383,4.763775825500488,0.4776526093482971,47.684574127197266,0.7671785354614258,0.02029428817331791,0.06028993800282478,31.65883445739746,0.0,0.0,0.369698166847229,5.031326145399362e-05,0.002487997291609645,0.5972045063972473,0.0,0.0,1.0807521343231201,0.4075135290622711,0.018264885991811752,0.2603636384010315,0.015921466052532196,0.4756859242916107,0.2814596891403198,0.013818205334246159,0.0007964654942043126,0.4996631145477295,0.9914426803588867,0.0,0.851324737071991,0.26075372099876404,0.0005274785216897726,0.01912863366305828,0.0,0.0,0.3477226495742798,0.05021575465798378,0.00015845420421101153,1.2421908378601074,0.0,0.0
6,1,2.969292640686035,0.181959331035614,15.030915260314941,5.029155254364014,0.6943737268447876,40.95610427856445,0.9085418581962585,0.09532912820577621,0.029815025627613068,3.871039628982544,0.0,0.0,0.3378087878227234,0.00015651505964342505,0.0038304405752569437,0.9210113883018494,0.0,0.0,1.0385249853134155,0.3492733836174011,0.014344008639454842,0.2120959609746933,0.010465762577950954,0.37292903661727905,0.29596057534217834,0.023868493735790253,0.0004568520816974342,0.7746151089668274,0.982882559299469,0.0,0.8687657713890076,0.23150376975536346,0.0005721959169022739,0.019934004172682762,0.0,0.0,0.3428531289100647,0.05488482117652893,6.770144682377577e-05,1.2847628593444824,0.0,0.0
6,2,5.132141590118408,0.06406427174806595,27.20244598388672,4.384096622467041,0.6151831746101379,46.31694412231445,0.9828404188156128,0.13457798957824707,0.013645566068589687,1.692351222038269,0.0,0.0,0.33884403109550476,0.00016295938985422254,0.004405536223202944,0.9844005107879639,0.0,0.0,1.039991021156311,0.3838123679161072,0.016074862331151962,0.21070633828639984,0.012120657600462437,0.3764433264732361,0.2945275604724884,0.02115705795586109,0.0005704729701392353,0.6683327555656433,0.9911128282546997,0.0,0.8388038277626038,0.24991467595100403,0.0005522770225070417,0.019184738397598267,0.0,0.0,0.34466859698295593,0.055719271302223206,8.211118256440386e-05,1.275872826576233,0.0,0.0
6,3,2.6789424419403076,0.34011030197143555,22.484493255615234,9.66893196105957,0.42981329560279846,49.4163932800293,0.9819549322128296,0.05537209287285805,0.03352363407611847,6.509331226348877,0.0,0.0,0.3141229748725891,3.76337775378488e-05,0.00532013364136219,0.826046884059906,0.0,0.0,1.202698826789856,0.37028583884239197,0.023295484483242035,0.4928898811340332,0.024885887280106544,0.9593518376350403,0.26863476634025574,0.008754098787903786,0.0010246951133012772,0.41539499163627625,0.98985755443573,0.0,0.8181149959564209,0.2529265880584717,0.0005294629372656345,0.019040342420339584,0.0,0.0,0.3477840721607208,0.052366625517606735,6.45921754767187e-05,1.288249135017395,0.0,0.0
6,4,2.836472272872925,0.10726100951433182,16.558063507080078,3.9918270111083984,0.4373120069503784,48.91459274291992,0.908842146396637,0.1225881576538086,0.018935998901724815,2.4383742809295654,0.0,0.0,0.35495665669441223,0.00018171635747421533,0.005203593987971544,0.9625798463821411,0.0,0.0,1.175981044769287,0.4214659035205841,0.017530273646116257,0.2662937641143799,0.014085818082094193,0.47690093517303467,0.2709923982620239,0.011691979132592678,0.0005826340056955814,0.5192369222640991,0.9826644062995911,0.0,0.8206163048744202,0.25035205483436584,0.0005354083841666579,0.01911761611700058,0.0,0.0,0.3482246696949005,0.05416354909539223,7.055982860038057e-05,1.2850496768951416,0.0,0.0
