epoch,lr,train_mse_k,val_mse_k,train_mae_k,val_mae_k,train_mean_delta_k_pcm,val_mean_delta_k_pcm,train_mean_delta_rho_pcm,val_mean_delta_rho_pcm,train_mean_frac_error,val_mean_frac_error,epoch_loss_mean
1,3.2857133192010224e-05,10.484786987304688,7.525191783905029,3.038501501083374,2.5827276706695557,303850.15625,258272.765625,3.0298324521608806e+17,2.560840062300324e+17,3.0169901847839355,2.557112693786621,10.38288389146328
2,6.071427196729928e-05,4.189737796783447,1.273187518119812,1.8022605180740356,0.9350821375846863,180226.046875,93508.2265625,1.6727832466030592e+17,6.159449106415616e+16,1.7777708768844604,0.9105769991874695,4.126831592991948
3,8.857143257046118e-05,0.6009036302566528,0.2937987148761749,0.6081473231315613,0.43213707208633423,60814.734375,43213.7109375,1.372548604362752e+16,4372049610932224.0,0.5995954871177673,0.43371662497520447,0.5925213564187288
4,0.00011642857134575024,0.19052837789058685,0.14877353608608246,0.35244375467300415,0.31136655807495117,35244.375,31136.65625,1392769444610048.0,216982720872448.0,0.34895384311676025,0.31042400002479553,0.18998025311157107
5,0.00014428571739699692,0.10678478330373764,0.10403800755739212,0.2639980614185333,0.2548559010028839,26399.8046875,25485.587890625,101725780312064.0,452959397740544.0,0.2610664367675781,0.2536623179912567,0.10540316684637219
6,0.00017214285617228597,0.06913600116968155,0.07323653995990753,0.21016645431518555,0.21620959043502808,21016.64453125,21620.962890625,25583.966796875,265498788888576.0,0.20827072858810425,0.21446268260478973,0.06860771425999701
7,0.00019999999494757503,0.047184064984321594,0.06323225796222687,0.16956128180027008,0.19673529267311096,16956.12890625,19673.529296875,30292.919921875,29689.384765625,0.16797946393489838,0.19592055678367615,0.04667336662532762
8,0.00019987879204563797,0.04134475067257881,0.05459117144346237,0.14981956779956818,0.17964623868465424,14981.9560546875,17964.623046875,16871.755859375,606321808244736.0,0.14936184883117676,0.1802717000246048,0.04216857755091041
9,0.00019951548893004656,0.028228092938661575,0.042277757078409195,0.12920807301998138,0.15920566022396088,12920.8076171875,15920.5673828125,15505.6318359375,220041542893568.0,0.1287493109703064,0.1585397571325302,0.02846902218880132
10,0.00019891098781954497,0.02892190031707287,0.038746003061532974,0.13075396418571472,0.15267027914524078,13075.3974609375,15267.0283203125,103779445768192.0,199320892604416.0,0.12975497543811798,0.15217702090740204,0.028752608224749565
11,0.00019806681666523218,0.01901060715317726,0.03751751035451889,0.1070171594619751,0.15217255055904388,10701.7158203125,15217.2548828125,11758.318359375,188513815363584.0,0.10679924488067627,0.1512536257505417,0.018717620507231914
12,0.00019698504183907062,0.01685492694377899,0.03251008689403534,0.10287617146968842,0.13923077285289764,10287.6181640625,13923.078125,10585.7978515625,17240.931640625,0.10191566497087479,0.1396128088235855,0.01713079260662198
13,0.0001956683408934623,0.014039607718586922,0.03878959268331528,0.09406912326812744,0.14695186913013458,9406.912109375,14695.1865234375,9814.4853515625,445909141815296.0,0.09338214993476868,0.14720842242240906,0.013862220104783773
14,0.00019412001711316407,0.014702677726745605,0.031278450042009354,0.08842650800943375,0.13428287208080292,8842.6513671875,13428.287109375,131413936439296.0,373340535521280.0,0.08834502846002579,0.13390912115573883,0.01446708952425979
15,0.00019234392675571144,0.011570608243346214,0.03622113913297653,0.08299270272254944,0.146729975938797,8299.271484375,14672.998046875,8840.9111328125,392620073287680.0,0.08281572163105011,0.14631326496601105,0.011475721941678785
16,0.00019034444994758815,0.012575818225741386,0.03232232481241226,0.0809970572590828,0.12963563203811646,8099.705078125,12963.564453125,117878128902144.0,684808107720704.0,0.08030086755752563,0.1294642686843872,0.01263764820760116
17,0.00018812659254763275,0.010519172996282578,0.03210802003741264,0.07321774214506149,0.13402195274829865,7321.77392578125,13402.1962890625,8401.9951171875,411550141644800.0,0.0730426013469696,0.13362537324428558,0.010385854257037863
18,0.00018569584062788635,0.012001898139715195,0.03249021992087364,0.074274443089962,0.13871115446090698,7427.44384765625,13871.1142578125,177343528173568.0,14109.5361328125,0.07411982119083405,0.13881433010101318,0.011939901116420515
19,0.00018305826233699918,0.00992292445152998,0.02644895575940609,0.07255345582962036,0.12303774803876877,7255.34619140625,12303.775390625,7431.28759765625,33536.58203125,0.07238545268774033,0.12294913828372955,0.009837411344051361
20,0.000180220406036824,0.007883836515247822,0.026238378137350082,0.06860759854316711,0.12284070253372192,6860.75927734375,12284.0712890625,7153.8857421875,193062135398400.0,0.06821844726800919,0.1225549653172493,0.0077443044901883695
21,0.00017718931485433131,0.005803596694022417,0.026031512767076492,0.05724359303712845,0.12244202941656113,5724.35888671875,12244.2041015625,6014.77197265625,14847.8681640625,0.056933458894491196,0.12217182666063309,0.00601180488592945
22,0.0001739725557854399,0.004597920924425125,0.028055831789970398,0.05190843343734741,0.12634634971618652,5190.8427734375,12634.6357421875,5254.25390625,15362.0615234375,0.051390402019023895,0.1263418346643448,0.004617437982233241
23,0.0001705780887277797,0.005270231980830431,0.024820910766720772,0.052913520485162735,0.11797549575567245,5291.35205078125,11797.548828125,5765.87353515625,214212953505792.0,0.05244319885969162,0.11781501024961472,0.0053837813102290966
24,0.0001670143537921831,0.00514189712703228,0.025815840810537338,0.05285264551639557,0.11998689919710159,5285.2646484375,11998.6904296875,5262.1142578125,224175616688128.0,0.05229451134800911,0.11983241140842438,0.00508817267473205
25,0.0001632902567507699,0.004011231474578381,0.025561602786183357,0.046418819576501846,0.12068071216344833,4641.8818359375,12068.072265625,5127.6484375,202284705251328.0,0.04594920948147774,0.12066251784563065,0.003980988876719493
26,0.00015941499441396445,0.0053810421377420425,0.023517999798059464,0.05485418066382408,0.1140720546245575,5485.41796875,11407.205078125,5601.51708984375,126108.78125,0.054945748299360275,0.114255890250206,0.005348876195057528
27,0.0001553982583573088,0.0034172614105045795,0.023809432983398438,0.043997906148433685,0.11624259501695633,4399.791015625,11624.259765625,4503.56103515625,209540616290304.0,0.043669793754816055,0.11620402336120605,0.0033862968630273826
28,0.00015125000209081918,0.006062565837055445,0.02501198649406433,0.044575285166502,0.11943012475967407,4457.52880859375,11943.0126953125,170403112681472.0,234504677490688.0,0.04442179203033447,0.11923635751008987,0.005961447659501573
29,0.00014698052837047726,0.003057077992707491,0.02288166992366314,0.04038533195853233,0.1126069501042366,4038.532958984375,11260.6943359375,4309.48876953125,25688.32421875,0.0401228629052639,0.11275699734687805,0.0030068133728491375
30,0.00014260050375014544,0.0035229192581027746,0.023418448865413666,0.037557415664196014,0.1134539470076561,3755.74169921875,11345.39453125,110049544372224.0,199684891082752.0,0.03729350492358208,0.11360368132591248,0.0034690673783188686
31,0.00013812074030283839,0.002401471370831132,0.023213597014546394,0.03647507354617119,0.11507882922887802,3647.507568359375,11507.8828125,3616.590087890625,15787.6904296875,0.03605222329497337,0.11504760384559631,0.00322180583680165
32,0.00013355244300328195,0.0026730068493634462,0.024323254823684692,0.03592115640640259,0.11738874018192291,3592.115478515625,11738.8740234375,3699.68701171875,189801298919424.0,0.03573659434914589,0.11775237321853638,0.002631316174301901
33,0.0001289069332415238,0.0020201802253723145,0.022531554102897644,0.03393840044736862,0.11304759234189987,3393.840087890625,11304.7587890625,3355.927001953125,188876740100096.0,0.03350352495908737,0.11298605799674988,0.0020056517587363487
34,0.0001241957797901705,0.002254173392429948,0.02228148840367794,0.032536592334508896,0.11216747760772705,3253.65869140625,11216.748046875,3335.3759765625,14521.2041015625,0.03204004839062691,0.1118776798248291,0.0022560883244295837
35,0.00011943068238906562,0.004229189362376928,0.022388162091374397,0.033414337784051895,0.11167474836111069,3341.43359375,11167.4736328125,3225.348388671875,195799422074880.0,0.03309405595064163,0.11151480674743652,0.004205913512123516
36,0.00011462350812507793,0.0017450421582907438,0.02248786948621273,0.03206093609333038,0.11307482421398163,3206.09375,11307.4833984375,3179.031982421875,12497.587890625,0.03163118287920952,0.11304392665624619,0.0017239532935491297
37,0.00010978618229273707,0.0040406533516943455,0.02258995734155178,0.033742424100637436,0.11217369139194489,3374.242431640625,11217.3701171875,95910117769216.0,199338676453376.0,0.033667776733636856,0.11213243007659912,0.003976716930992552
38,0.0001049307466018945,0.0021930080838501453,0.022181842476129532,0.02972489595413208,0.11161181330680847,2972.489501953125,11161.1806640625,2947.822509765625,13905.8095703125,0.029515869915485382,0.11174238473176956,0.0021496650761037017
39,0.00010006925731431693,0.00176553288474679,0.021718330681324005,0.028147423639893532,0.1099155843257904,2814.741943359375,10991.5576171875,2777.2099609375,25821.76171875,0.02788718417286873,0.10997062921524048,0.001931980517838383
40,9.521380707155913e-05,0.003293079324066639,0.022097038105130196,0.03336486592888832,0.11153796315193176,3336.486328125,11153.7958984375,3795.81201171875,13200.302734375,0.03320286422967911,0.1116412952542305,0.00323353341082111
41,9.037648123921826e-05,0.0015393163776025176,0.022176191210746765,0.026670506224036217,0.11047309637069702,2667.050537109375,11047.3095703125,2774.642578125,203072596869120.0,0.026413077488541603,0.11053594946861267,0.0015486558095290093
42,8.556929242331535e-05,0.001221106736920774,0.022775929421186447,0.0232840683311224,0.11099936068058014,2328.406982421875,11099.9365234375,2300.842041015625,225231373336576.0,0.023043137043714523,0.11103323847055435,0.001204881561534421
43,8.080420957412571e-05,0.0008781659416854382,0.02158133126795292,0.02246697247028351,0.10915420949459076,2246.697265625,10915.4208984375,2203.426025390625,201571942006784.0,0.022072456777095795,0.10903900116682053,0.0008862403165039723
44,7.609304884681478e-05,0.001988273346796632,0.022346386685967445,0.027744855731725693,0.11190104484558105,2774.485595703125,11190.1064453125,3001.394287109375,21343.720703125,0.02770920842885971,0.111775703728199,0.0019572236415115185
45,7.144754636101425e-05,0.0014962377026677132,0.022166496142745018,0.024485861882567406,0.11075527220964432,2448.58642578125,11075.52734375,2550.04248046875,185970221645824.0,0.024187203496694565,0.11059892177581787,0.0014783835868001916
46,6.687924906145781e-05,0.0023255643900483847,0.02210593782365322,0.025148289278149605,0.11076225340366364,2514.828857421875,11076.2236328125,2455.0380859375,18589.20703125,0.024963324889540672,0.11068601906299591,0.0022874184815009357
47,6.23995074420236e-05,0.0012360317632555962,0.02160577103495598,0.021929923444986343,0.1094372496008873,2192.992431640625,10943.7236328125,2146.993896484375,196023481794560.0,0.021670501679182053,0.10934910178184509,0.0012252584274392575
48,5.8019464631797746e-05,0.000730307714547962,0.021362686529755592,0.02004348672926426,0.10890963673591614,2004.3487548828125,10890.9638671875,1983.4971923828125,17597.267578125,0.01977456361055374,0.10886139422655106,0.0007225101480798912
49,5.374999454943463e-05,0.0011528885224834085,0.021237537264823914,0.02074519544839859,0.10844693332910538,2074.51953125,10844.693359375,2183.28955078125,189449061269504.0,0.020537639036774635,0.10840073227882385,0.0011269626294279078
50,4.960174555890262e-05,0.0007445186492986977,0.0211578831076622,0.018534354865550995,0.1082012727856636,1853.435546875,10820.126953125,1815.803466796875,188167114194944.0,0.018267368897795677,0.10805602371692657,0.000740204680369061
51,4.5584984036395326e-05,0.0005280203768052161,0.021332362666726112,0.017413081601262093,0.10950279235839844,1741.3082275390625,10950.279296875,1693.4122314453125,185881168183296.0,0.017050566151738167,0.10944405198097229,0.0005188259865462896
52,4.170974716544151e-05,0.0006011620280332863,0.021385401487350464,0.017665965482592583,0.1088918000459671,1766.5966796875,10889.1806640625,1735.10986328125,185443702276096.0,0.01735506020486355,0.10886550694704056,0.0006028016814525472
53,3.798564648604952e-05,0.0005745050730183721,0.021107323467731476,0.018133819103240967,0.10859496146440506,1813.3819580078125,10859.49609375,1777.078857421875,18106.234375,0.017835494130849838,0.10857020318508148,0.0005710903469662298
54,3.442190063651651e-05,0.0009464016184210777,0.021371470764279366,0.01930452324450016,0.1090177595615387,1930.4525146484375,10901.7763671875,1972.943359375,203068117352448.0,0.019038109108805656,0.1089560016989708,0.0009363131948703085
55,3.1027437216835096e-05,0.0004892652505077422,0.02145167998969555,0.016902687028050423,0.1092195138335228,1690.26904296875,10921.951171875,1640.81201171875,201593718833152.0,0.016531068831682205,0.10915349423885345,0.00048377509074271074
56,2.7810650863102637e-05,0.0005877134390175343,0.02122766524553299,0.016403106972575188,0.1084347739815712,1640.310791015625,10843.4765625,1600.122802734375,195952832937984.0,0.01613139733672142,0.10839278995990753,0.0005843177173119329
57,2.4779576051514596e-05,0.0005338511546142399,0.021093815565109253,0.016520468518137932,0.1078823059797287,1652.0467529296875,10788.23046875,1614.5919189453125,192874851336192.0,0.016237439587712288,0.10787536203861237,0.0005271222694318567
58,2.1941705199424177e-05,0.0003977539308834821,0.021236766129732132,0.014769340865314007,0.10841066390275955,1476.9339599609375,10841.068359375,1417.0235595703125,191097875726336.0,0.014380347914993763,0.10840098559856415,0.0003912462573225639
59,1.9304128727526404e-05,0.0003790303017012775,0.021240688860416412,0.014256400987505913,0.10871996730566025,1425.6400146484375,10871.99609375,1374.719482421875,192962478735360.0,0.013903604820370674,0.10871363431215286,0.00038436584327428136
60,1.6873396816663444e-05,0.00037805174360983074,0.021217288449406624,0.014332196675240993,0.10843703895807266,1433.2196044921875,10843.703125,1385.14794921875,191189999419392.0,0.013997631147503853,0.10843271017074585,0.0003705584692852426
61,1.4655531231255736e-05,0.0003713709011208266,0.021171657368540764,0.014161874540150166,0.10864105820655823,1416.1875,10864.1064453125,1366.282958984375,189652468236288.0,0.013816215097904205,0.10863454639911652,0.0003790052892327367
62,1.2656065337068867e-05,0.00036274053854867816,0.021191872656345367,0.013916963711380959,0.10842446982860565,1391.696533203125,10842.4482421875,1336.9266357421875,191858554699776.0,0.013550306670367718,0.10841380804777145,0.00035670038414536975
63,1.0879964065679815e-05,0.0003507108776830137,0.021142926067113876,0.013618066906929016,0.10831621289253235,1361.806640625,10831.6220703125,1307.283447265625,190504885026816.0,0.01326038595288992,0.10831309854984283,0.00034561335041871644
64,9.331647561339196e-06,0.0003499033336993307,0.021159257739782333,0.013658645562827587,0.1086258739233017,1365.8646240234375,10862.5888671875,1311.5849609375,188488917975040.0,0.01330655999481678,0.10862121731042862,0.00034514613207647926
65,8.014963896130212e-06,0.00034525568480603397,0.021152449771761894,0.013485223054885864,0.10829479247331619,1348.5223388671875,10829.478515625,1293.918212890625,191602903482368.0,0.013118503615260124,0.10828306525945663,0.0003565329595858202
66,6.93317952027428e-06,0.00034044409403577447,0.0211481936275959,0.013349411077797413,0.10844418406486511,1334.941162109375,10844.4169921875,1276.5882568359375,191132420014080.0,0.012971247546374798,0.1084381565451622,0.00033844940526250866
67,6.088996542530367e-06,0.0003369743935763836,0.02114737778902054,0.013310099020600319,0.10839518904685974,1331.0098876953125,10839.517578125,1277.121826171875,192021729902592.0,0.012953229248523712,0.10839137434959412,0.0003307247361590271
68,5.48450088899699e-06,0.00033565890043973923,0.021147338673472404,0.013286379165947437,0.10846497863531113,1328.6376953125,10846.498046875,1275.68505859375,190415043035136.0,0.012929674237966537,0.10845578461885452,0.0003324371186863573
69,5.1211977734055836e-06,0.00033242368954233825,0.02112138643860817,0.013173099607229233,0.10834408551454544,1317.31005859375,10834.408203125,1261.43212890625,190890928766976.0,0.012804221361875534,0.10833650827407837,0.0003324546219118929
70,4.999999873689376e-06,0.00033051377977244556,0.021126313135027885,0.013140651397407055,0.10837312042713165,1314.0653076171875,10837.3115234375,1258.8270263671875,190633046179840.0,0.01277795247733593,0.10836523026227951,0.0003321845160826342
