parameter,dataset,epoch_tag,pearson_corr,spearman_corr,rf_permutation_importance
r0_b4c_rod_cr_fraction,test,epoch0,-0.0422920696024632,-0.028041870247655174,0.02817883275551079
r0_b4c_rod_cr_fraction,train,epoch0,0.038320384615508164,0.02114745159643632,0.022837745850740894
r0_b4c_rod_cr_fraction,val,epoch0,0.053018853262729766,0.035279137699766545,0.023974979799308436
r0_b4c_rod_outer_radius,test,epoch0,0.011270349497792896,0.01692618994946509,0.032235364831843735
r0_b4c_rod_outer_radius,train,epoch0,-0.03631413132376652,-0.0384632812457745,0.04895521961104949
r0_b4c_rod_outer_radius,val,epoch0,-0.05013636596156171,-0.05553533833067931,0.047610499680802255
r1_fuel_annulus_enrichment,test,epoch0,0.017278142933691242,0.010311004601273922,0.1863900578068
r1_fuel_annulus_enrichment,train,epoch0,0.07656986274055738,0.07172986733275408,0.18027818739577098
r1_fuel_annulus_enrichment,val,epoch0,0.07662409014182583,0.0732876055969653,0.21711763400535902
r1_fuel_annulus_f_mod,test,epoch0,0.16510713868789018,0.14420361828505054,0.0419480790903265
r1_fuel_annulus_f_mod,train,epoch0,0.09367290148084452,0.08529609108520438,0.061460898663301136
r1_fuel_annulus_f_mod,val,epoch0,0.1120129163072042,0.09559907495660072,0.05545454472507446
r1_fuel_annulus_outer_radius,test,epoch0,-0.7482065185187626,-0.812508138979322,1.7327091964066235
r1_fuel_annulus_outer_radius,train,epoch0,-0.7742054584413697,-0.8395191310634589,1.7855366835179158
r1_fuel_annulus_outer_radius,val,epoch0,-0.7620435667200856,-0.8285250743334248,1.8053518487092046
r2_water_outer_radius,test,epoch0,-0.005979323634230156,0.02647963049363126,0.013703914563298206
r2_water_outer_radius,train,epoch0,0.05299398308879191,0.03125922667075429,0.0037612985846241695
r2_water_outer_radius,val,epoch0,0.07085047675406253,0.03359232995025285,0.004263715515442009
r0_b4c_rod_cr_fraction,test,final,-0.041687667759821176,-0.047026305517428875,0.07728681253123469
r0_b4c_rod_cr_fraction,train,final,0.0017141777614135098,-0.00022175486821796617,0.03658536990012743
r0_b4c_rod_cr_fraction,val,final,-0.005902800086817798,-0.0294565043375852,0.0432321833629622
r0_b4c_rod_outer_radius,test,final,-0.06223292726246509,0.0235282640394077,0.022598560250487936
r0_b4c_rod_outer_radius,train,final,0.08100354689781498,0.08935967663576898,0.17507730710492359
r0_b4c_rod_outer_radius,val,final,0.025747609313875684,0.014063199232884084,0.1158779232605047
r1_fuel_annulus_enrichment,test,final,-0.11683673236531911,-0.13026946191285116,0.32099253623165974
r1_fuel_annulus_enrichment,train,final,-0.016186391002942613,-0.014887461963507228,0.2519850451859609
r1_fuel_annulus_enrichment,val,final,-0.06481768896647074,-0.05077455798683835,0.3564909447941456
r1_fuel_annulus_f_mod,test,final,0.29206633864744264,0.3311543829547441,0.07310853453211731
r1_fuel_annulus_f_mod,train,final,0.12005361086916173,0.14268445690956344,0.028291848888888603
r1_fuel_annulus_f_mod,val,final,0.21624519609828516,0.23190506457085408,0.05927728622317593
r1_fuel_annulus_outer_radius,test,final,-0.3792138408115397,-0.5387810975677507,0.8989978059869707
r1_fuel_annulus_outer_radius,train,final,-0.3870117017305463,-0.46828011135006586,0.8211113464033271
r1_fuel_annulus_outer_radius,val,final,-0.3618937020993937,-0.4630235527225163,0.8099330232647913
r2_water_outer_radius,test,final,0.0792637742373075,0.0576064242498725,0.06299800002546513
r2_water_outer_radius,train,final,0.03146572896326494,0.05247253911867093,0.02989649257352374
r2_water_outer_radius,val,final,0.06873528806614501,-0.001468613081631424,0.04240311579402252
