epoch,lr,train_mse_k,val_mse_k,train_mean_delta_k_pcm,val_mean_delta_k_pcm,train_mean_delta_rho_pcm,val_mean_delta_rho_pcm,train_mean_frac_error,val_mean_frac_error,epoch_loss_mean
1,3.2857133192010224e-05,2.4420766830444336,1.1328186988830566,127809.6171875,83338.59375,256253670457344.0,1677062054084608.0,1.2873926162719727,0.8456664085388184,2.40601609647274
2,6.071427196729928e-05,0.6226119995117188,0.29481422901153564,59393.96875,41968.84375,5925216085606400.0,1701159102316544.0,0.5930570960044861,0.4170114994049072,0.6103181513026357
3,8.857143257046118e-05,0.23661667108535767,0.15867523849010468,37984.921875,32504.26171875,1580271744843776.0,244858551795712.0,0.37410613894462585,0.3201225996017456,0.23430675128474832
4,0.00011642857134575024,0.1378520131111145,0.11516223102807999,29675.60546875,27444.09375,382326546628608.0,41556.16015625,0.2921870946884155,0.27129411697387695,0.13591268728487194
5,0.00014428571739699692,0.09337620437145233,0.08759241551160812,24500.0859375,24054.4921875,32743.376953125,55029.625,0.2418142408132553,0.23680134117603302,0.091830700985156
6,0.00017214285617228597,0.06989752501249313,0.08584602177143097,21080.62890625,23648.447265625,26278.47265625,202954418159616.0,0.2072543203830719,0.23256278038024902,0.07022039464209229
7,0.00019999999494757503,0.05511365085840225,0.06555116176605225,18540.201171875,20344.1484375,22014.404296875,23485.9296875,0.18213562667369843,0.20181845128536224,0.05504940898390487
8,0.00019987879204563797,0.04388490691781044,0.06351567804813385,16603.017578125,20044.0078125,18421.08203125,28746.232421875,0.16335870325565338,0.19772134721279144,0.04400716669624671
9,0.00019951548893004656,0.03674890846014023,0.06290993094444275,15138.673828125,19322.619140625,17202.466796875,19846.767578125,0.1492173671722412,0.19142113626003265,0.03691071015782654
10,0.00019891098781954497,0.030743448063731194,0.05246581882238388,13815.17578125,18142.392578125,15147.5419921875,18652.6328125,0.1359010636806488,0.17944879829883575,0.03075783167150803
11,0.00019806681666523218,0.02498253993690014,0.04622155800461769,12502.2919921875,17024.412109375,13307.42578125,19808.787109375,0.12299264967441559,0.169125035405159,0.024681750335730612
12,0.00019698504183907062,0.02023988775908947,0.049353934824466705,11144.265625,17901.34375,11821.4443359375,22444.888671875,0.10988842695951462,0.17645516991615295,0.020076807821169496
13,0.0001956683408934623,0.019248006865382195,0.04324863851070404,10974.560546875,16123.1376953125,11473.166015625,17019.236328125,0.10786804556846619,0.15847568213939667,0.019015764497453347
14,0.00019412001711316407,0.016141166910529137,0.03883731737732887,9939.935546875,15789.400390625,10398.1201171875,17570.087890625,0.09803221374750137,0.1557883322238922,0.016289624327328056
15,0.00019234392675571144,0.012516389600932598,0.03967207297682762,8654.640625,16106.06640625,8913.3525390625,18823.705078125,0.08511200547218323,0.15856096148490906,0.0131111670343671
16,0.00019034444994758815,0.011419001035392284,0.033760856837034225,8364.7060546875,14685.5791015625,8569.2138671875,15539.06640625,0.08247336000204086,0.14487427473068237,0.01128798388526775
17,0.00018812659254763275,0.009581109508872032,0.032997459173202515,7586.3759765625,14437.154296875,7774.19189453125,16146.93359375,0.07460781931877136,0.1431017816066742,0.009630553759052418
18,0.00018569584062788635,0.008942409418523312,0.035514526069164276,7374.30078125,15051.619140625,7413.10595703125,14675.1298828125,0.0724240243434906,0.14945349097251892,0.008825516822980717
19,0.00018305826233699918,0.007385094650089741,0.032590966671705246,6709.5703125,14134.533203125,6805.12841796875,13994.984375,0.06605099141597748,0.13965871930122375,0.007641487260116264
20,0.000180220406036824,0.006042872555553913,0.028513381257653236,5963.91748046875,13325.9736328125,6013.63720703125,14342.0361328125,0.05875304713845253,0.13196897506713867,0.006217669848410878
21,0.00017718931485433131,0.0055533465929329395,0.029206153005361557,5689.70458984375,13470.916015625,5743.14404296875,14072.50390625,0.05588509142398834,0.13331326842308044,0.005512184936378617
22,0.0001739725557854399,0.005341707728803158,0.036125436425209045,5608.01123046875,14957.3017578125,5653.27490234375,13687.73828125,0.05508877709507942,0.14834842085838318,0.005350786552298814
23,0.0001705780887277797,0.005521673243492842,0.026328086853027344,5817.18212890625,12739.0947265625,5773.25244140625,13247.2392578125,0.05708756297826767,0.12604734301567078,0.005469157789775636
24,0.0001670143537921831,0.00393065856769681,0.027479328215122223,4790.9482421875,13160.25,4814.63916015625,13603.8564453125,0.0472332239151001,0.1307036131620407,0.0038884867462911643
25,0.0001632902567507699,0.003928353078663349,0.025745144113898277,4802.51708984375,12617.9404296875,4876.34716796875,13570.3203125,0.04759490117430687,0.12549817562103271,0.004031410106108524
26,0.00015941499441396445,0.0034481750335544348,0.02455393224954605,4502.63037109375,12374.3271484375,4504.5673828125,13231.5478515625,0.04445469006896019,0.12286060303449631,0.003406798994546989
27,0.0001553982583573088,0.0031937824096530676,0.024409232661128044,4325.861328125,12408.029296875,4325.79736328125,13370.7744140625,0.04259531944990158,0.12298240512609482,0.0031845922603679355
28,0.00015125000209081918,0.0032687608618289232,0.02742213010787964,4404.033203125,12992.064453125,4352.93798828125,12734.822265625,0.04323497787117958,0.12886899709701538,0.0032349173925467767
29,0.00014698052837047726,0.002893553813919425,0.02402588538825512,4142.02001953125,12147.248046875,4095.33203125,12712.0458984375,0.04065295308828354,0.12062101811170578,0.002901528339862125
30,0.00014260050375014544,0.0021743169054389,0.02314523607492447,3523.868408203125,12030.1220703125,3518.902587890625,12580.5263671875,0.034742940217256546,0.11957213282585144,0.0021600855179713108
31,0.00013812074030283839,0.001976597821339965,0.02463279664516449,3347.56201171875,12366.9423828125,3333.515869140625,12360.744140625,0.03296809270977974,0.12270653992891312,0.0019731394277187064
32,0.00013355244300328195,0.0018652062863111496,0.023037822917103767,3272.800048828125,11968.830078125,3257.37890625,12920.48046875,0.032241061329841614,0.11893007159233093,0.0018420068208797602
33,0.0001289069332415238,0.0022823952604085207,0.024358544498682022,3706.892578125,12288.404296875,3674.10546875,12231.8466796875,0.036488547921180725,0.12222837656736374,0.002252158425108064
34,0.0001241957797901705,0.001574426656588912,0.02275431528687477,2997.5205078125,11894.1357421875,2960.782958984375,12898.6484375,0.02945084311068058,0.117958202958107,0.0015576796577079222
35,0.00011943068238906562,0.0013015375006943941,0.022341236472129822,2638.12353515625,11688.4853515625,2634.1376953125,12246.2626953125,0.02601848728954792,0.11610403656959534,0.0013308443085406907
36,0.00011462350812507793,0.001511270529590547,0.021765021607279778,2942.299072265625,11570.8193359375,2913.422607421875,12221.76171875,0.028923824429512024,0.11498691886663437,0.001485218964262458
37,0.00010978618229273707,0.0012801897246390581,0.0225459486246109,2711.48486328125,11834.6416015625,2687.456298828125,12254.830078125,0.026691129431128502,0.11781329661607742,0.001280639298784081
38,0.0001049307466018945,0.0013362986501306295,0.021986979991197586,2729.28759765625,11671.345703125,2713.94580078125,12440.2734375,0.026889637112617493,0.11617176979780197,0.001342590405329247
39,0.00010006925731431693,0.0010796396527439356,0.0221154373139143,2369.077392578125,11729.583984375,2363.54345703125,12514.990234375,0.023402370512485504,0.11640457063913345,0.0010946812717520515
40,9.521380707155913e-05,0.0012837521499022841,0.022021621465682983,2694.18310546875,11669.2958984375,2648.95751953125,12858.8896484375,0.026433952152729034,0.11588922142982483,0.0012773838034263463
41,9.037648123921826e-05,0.0011646380880847573,0.02172437496483326,2571.843505859375,11564.2587890625,2583.96240234375,12035.0517578125,0.025493199005723,0.11495080590248108,0.00115829253627453
42,8.556929242331535e-05,0.0008380978833884001,0.021740855649113655,2124.312255859375,11519.59375,2103.17138671875,11990.17578125,0.02089964598417282,0.11457198858261108,0.0008470899811072741
43,8.080420957412571e-05,0.0007939948118291795,0.021496186032891273,2008.50830078125,11493.81640625,1999.974609375,12060.2880859375,0.01983131840825081,0.11433813720941544,0.0008215444458983256
44,7.609304884681478e-05,0.0008831467712298036,0.022778088226914406,2170.352294921875,11778.578125,2165.862060546875,11735.0361328125,0.021411268040537834,0.11730961501598358,0.0008879815659383894
45,7.144754636101425e-05,0.0008999466663226485,0.02152533456683159,2260.406982421875,11462.6806640625,2240.121337890625,12090.09375,0.02227194793522358,0.11401693522930145,0.0009038525195137481
46,6.687924906145781e-05,0.0006731972680427134,0.021646946668624878,1866.916748046875,11508.4404296875,1842.9405517578125,11924.474609375,0.01835765689611435,0.11451549082994461,0.0006645044049946591
47,6.23995074420236e-05,0.0006299720844253898,0.021609144285321236,1784.5921630859375,11469.904296875,1758.902587890625,11803.15625,0.017532953992486,0.11391753703355789,0.000656812026136322
48,5.8019464631797746e-05,0.0005906099104322493,0.021649973466992378,1723.828857421875,11501.4423828125,1711.9144287109375,11811.880859375,0.01699175126850605,0.11442966759204865,0.0005858493814230314
49,5.374999454943463e-05,0.0005312924622558057,0.021131668239831924,1593.6297607421875,11367.59375,1576.312255859375,11970.1796875,0.015684958547353745,0.11315066367387772,0.0005267175856715767
50,4.960174555890262e-05,0.0005429498269222677,0.02157926931977272,1630.0882568359375,11483.4111328125,1610.5235595703125,11783.830078125,0.016028160229325294,0.11417799443006516,0.0005633862278955348
51,4.5584984036395326e-05,0.0005276486626826227,0.020897669717669487,1603.3492431640625,11303.49609375,1580.7261962890625,11743.0087890625,0.015770314261317253,0.11232629418373108,0.0005184587312214717
52,4.170974716544151e-05,0.0004855789593420923,0.021037520840764046,1521.77099609375,11333.16796875,1500.987548828125,11813.7421875,0.014956887811422348,0.11272335797548294,0.0004804728177987272
53,3.798564648604952e-05,0.0004654313379433006,0.020924434065818787,1486.1707763671875,11299.30859375,1473.9210205078125,11736.3798828125,0.014644389040768147,0.11232450604438782,0.000469180604795838
54,3.442190063651651e-05,0.0004465530801098794,0.021198203787207603,1422.24072265625,11384.3056640625,1407.5572509765625,11743.654296875,0.013987050391733646,0.11321165412664413,0.0004388750396628893
55,3.1027437216835096e-05,0.0004310226358938962,0.020735066384077072,1394.9315185546875,11261.0244140625,1378.3128662109375,11793.6318359375,0.013729744590818882,0.1118905320763588,0.00042575075258355355
56,2.7810650863102637e-05,0.0004319540166761726,0.020904075354337692,1402.9658203125,11302.708984375,1392.482666015625,11776.01953125,0.013827817514538765,0.11234480142593384,0.0004745771329908166
57,2.4779576051514596e-05,0.0004089062858838588,0.020837552845478058,1333.4185791015625,11286.8935546875,1315.9031982421875,11717.267578125,0.013099814765155315,0.11224936693906784,0.00040756449470791267
58,2.1941705199424177e-05,0.0004142031539231539,0.02107681706547737,1368.0042724609375,11340.7802734375,1349.4739990234375,11633.5380859375,0.013456372544169426,0.11279599368572235,0.00041531660599503084
59,1.9304128727526404e-05,0.00039397733053192496,0.02083698660135269,1319.68896484375,11274.962890625,1300.33642578125,11670.095703125,0.012958629988133907,0.11203800141811371,0.0003905337703145051
60,1.6873396816663444e-05,0.0003797815879806876,0.020778415724635124,1280.4072265625,11266.37109375,1263.3441162109375,11694.80859375,0.012580706737935543,0.11200468242168427,0.00037949583042973245
61,1.4655531231255736e-05,0.00037660691305063665,0.020704712718725204,1269.4927978515625,11253.775390625,1255.7779541015625,11681.1259765625,0.012497810646891594,0.11185235530138016,0.00036975907664782426
62,1.2656065337068867e-05,0.0003736486833076924,0.02090831845998764,1280.3895263671875,11294.2080078125,1260.186767578125,11607.0947265625,0.012572750449180603,0.11231428384780884,0.0003697659271892917
63,1.0879964065679815e-05,0.00036849488969892263,0.020743215456604958,1260.3582763671875,11254.7216796875,1250.1812744140625,11681.982421875,0.012426012195646763,0.11184418201446533,0.0003720033664649236
64,9.331647561339196e-06,0.00036965907202102244,0.020761748775839806,1259.734375,11260.5244140625,1242.8050537109375,11690.626953125,0.01237527746707201,0.11192508041858673,0.0003730113267010893
65,8.014963896130212e-06,0.0003517674922477454,0.02075313590466976,1205.31396484375,11256.4501953125,1189.3173828125,11678.064453125,0.011842436157166958,0.1118980273604393,0.00034697855062404415
66,6.93317952027428e-06,0.00035030636354349554,0.02074330858886242,1203.480224609375,11250.4443359375,1186.8043212890625,11652.6162109375,0.011825468391180038,0.11180740594863892,0.00034323919294365624
67,6.088996542530367e-06,0.00034607676207087934,0.0207629706710577,1190.990478515625,11258.0478515625,1176.508544921875,11667.669921875,0.011711927130818367,0.11191811412572861,0.00033918119254394696
68,5.48450088899699e-06,0.00034437229624018073,0.020747961476445198,1186.485595703125,11254.720703125,1172.4332275390625,11666.337890625,0.011669157072901726,0.1118662878870964,0.00034033962833746045
69,5.1211977734055836e-06,0.00034163601230829954,0.02073831669986248,1184.41650390625,11252.8720703125,1168.331298828125,11660.1640625,0.011637597344815731,0.11187450587749481,0.00033581539310034714
70,4.999999873689376e-06,0.0003411270445212722,0.020677143707871437,1177.497314453125,11235.884765625,1160.4898681640625,11661.16015625,0.01156584732234478,0.11169175803661346,0.00033554582978467806
