epoch,mean_clip_fraction,max_clip_fraction
1,0.0,0.0
2,0.0,0.0
3,0.0,0.0
4,0.0003888888888888889,0.006
5,0.0011666666666666668,0.016
6,0.0025555555555555557,0.042
7,0.0033888888888888888,0.052
8,0.004277777777777778,0.064
9,0.0038333333333333336,0.066
10,0.004722222222222222,0.08
11,0.004222222222222222,0.076
12,0.005388888888888889,0.104
13,0.006777777777777778,0.134
14,0.006611111111111111,0.12
15,0.005111111111111111,0.088
16,0.004611111111111111,0.076
17,0.0036111111111111114,0.062
18,0.0024444444444444444,0.056
19,0.0031666666666666666,0.062
20,0.002777777777777778,0.06
21,0.0027222222222222222,0.058
22,0.004611111111111111,0.082
23,0.0045000000000000005,0.074
24,0.0031666666666666666,0.056
25,0.0031111111111111114,0.054
26,0.0009444444444444445,0.028
27,0.0021111111111111113,0.04
28,0.002277777777777778,0.044
29,0.0014444444444444446,0.034
30,0.0019444444444444442,0.044
31,0.001611111111111111,0.044
32,0.0016111111111111111,0.046
33,0.0021666666666666666,0.05
34,0.0014444444444444446,0.04
35,0.0020555555555555553,0.052
36,0.0016666666666666666,0.044
37,0.0018333333333333335,0.046
38,0.0014444444444444446,0.04
39,0.001611111111111111,0.044
40,0.001611111111111111,0.044
41,0.0011666666666666668,0.036
42,0.001388888888888889,0.04
43,0.0015000000000000002,0.042
44,0.0012777777777777779,0.036
45,0.0015000000000000002,0.042
46,0.0017777777777777779,0.044
47,0.0013333333333333333,0.034
48,0.0011666666666666668,0.032
49,0.0012222222222222224,0.032
50,0.0010555555555555555,0.03
51,0.0010555555555555555,0.03
52,0.001,0.028
53,0.0010555555555555555,0.03
54,0.0011111111111111111,0.032
55,0.0011111111111111111,0.032
56,0.0011111111111111111,0.032
57,0.0011111111111111111,0.032
58,0.0011111111111111111,0.032
59,0.0011111111111111111,0.032
60,0.0011111111111111111,0.032
61,0.0011111111111111111,0.032
62,0.0011111111111111111,0.032
63,0.0011111111111111111,0.032
64,0.0011111111111111111,0.032
65,0.0011111111111111111,0.032
66,0.0011111111111111111,0.032
67,0.0011111111111111111,0.032
68,0.0011111111111111111,0.032
69,0.0010555555555555555,0.03
70,0.0010555555555555555,0.03
