bin,keff_lo,keff_hi,n_samples,avg_keff,avg_delta_k_pcm,parameter,pearson_corr,spearman_corr,reliable
0,0.8003337979316711,0.840292118138504,124,0.8197306290322579,379.578037634408,r0_b4c_rod_outer_radius,0.20740306768811004,0.22149593153322272,True
0,0.8003337979316711,0.840292118138504,124,0.8197306290322579,379.578037634408,r0_b4c_rod_cr_fraction,0.05770368365442807,0.03640615140631316,True
0,0.8003337979316711,0.840292118138504,124,0.8197306290322579,379.578037634408,r1_fuel_annulus_outer_radius,-0.14169041309826952,-0.13352006294256488,True
0,0.8003337979316711,0.840292118138504,124,0.8197306290322579,379.578037634408,r1_fuel_annulus_enrichment,0.21254268695261452,0.23826390998177358,True
0,0.8003337979316711,0.840292118138504,124,0.8197306290322579,379.578037634408,r1_fuel_annulus_f_mod,-0.03215654826813994,-0.02253354461179134,True
0,0.8003337979316711,0.840292118138504,124,0.8197306290322579,379.578037634408,r2_water_outer_radius,-0.015886257707488142,0.01094576370947071,True
1,0.840292118138504,0.8802504383453369,137,0.8617704306569343,425.21054744525475,r0_b4c_rod_outer_radius,0.06485197429934134,0.12649112326619,True
1,0.840292118138504,0.8802504383453369,137,0.8617704306569343,425.21054744525475,r0_b4c_rod_cr_fraction,0.12029450032693303,0.14268579535908302,True
1,0.840292118138504,0.8802504383453369,137,0.8617704306569343,425.21054744525475,r1_fuel_annulus_outer_radius,0.11368928048494054,-0.016316015457277802,True
1,0.840292118138504,0.8802504383453369,137,0.8617704306569343,425.21054744525475,r1_fuel_annulus_enrichment,-0.025727567868225713,0.028375679056135306,True
1,0.840292118138504,0.8802504383453369,137,0.8617704306569343,425.21054744525475,r1_fuel_annulus_f_mod,0.12632483402333625,0.12317284895551364,True
1,0.840292118138504,0.8802504383453369,137,0.8617704306569343,425.21054744525475,r2_water_outer_radius,0.09272395441493463,0.03938525584781674,True
2,0.8802504383453369,0.9202087585521698,183,0.8995798961748633,424.2794717668487,r0_b4c_rod_outer_radius,0.017634092553543174,-0.0242954895470278,True
2,0.8802504383453369,0.9202087585521698,183,0.8995798961748633,424.2794717668487,r0_b4c_rod_cr_fraction,-0.020444557490562492,0.03780853998942464,True
2,0.8802504383453369,0.9202087585521698,183,0.8995798961748633,424.2794717668487,r1_fuel_annulus_outer_radius,-0.16034450794487903,-0.27548502815787207,True
2,0.8802504383453369,0.9202087585521698,183,0.8995798961748633,424.2794717668487,r1_fuel_annulus_enrichment,0.23221284404761994,0.23853246039939652,True
2,0.8802504383453369,0.9202087585521698,183,0.8995798961748633,424.2794717668487,r1_fuel_annulus_f_mod,0.20404920490410655,0.2440269712733808,True
2,0.8802504383453369,0.9202087585521698,183,0.8995798961748633,424.2794717668487,r2_water_outer_radius,-0.16717506673191052,-0.21328238280851006,True
3,0.9202087585521698,0.9601670787590026,186,0.9398475161290324,347.7756157194059,r0_b4c_rod_outer_radius,0.05014197211414554,0.023494911160945316,True
3,0.9202087585521698,0.9601670787590026,186,0.9398475161290324,347.7756157194059,r0_b4c_rod_cr_fraction,-0.11928633146554679,-0.07644494589466126,True
3,0.9202087585521698,0.9601670787590026,186,0.9398475161290324,347.7756157194059,r1_fuel_annulus_outer_radius,-0.1718840438669036,-0.3198084750266913,True
3,0.9202087585521698,0.9601670787590026,186,0.9398475161290324,347.7756157194059,r1_fuel_annulus_enrichment,0.1898897927595508,0.2826932849703248,True
3,0.9202087585521698,0.9601670787590026,186,0.9398475161290324,347.7756157194059,r1_fuel_annulus_f_mod,0.18468272338340183,0.14204644527225171,True
3,0.9202087585521698,0.9601670787590026,186,0.9398475161290324,347.7756157194059,r2_water_outer_radius,-0.0475716229489845,-0.0231536349183408,True
4,0.9601670787590026,1.0001253989658356,247,0.9811471376518219,300.6517071524967,r0_b4c_rod_outer_radius,0.005604628624991913,0.044863318461716595,True
4,0.9601670787590026,1.0001253989658356,247,0.9811471376518219,300.6517071524967,r0_b4c_rod_cr_fraction,-0.06682853257137734,-0.06552511551884954,True
4,0.9601670787590026,1.0001253989658356,247,0.9811471376518219,300.6517071524967,r1_fuel_annulus_outer_radius,-0.20828510825537597,-0.2665781669570646,True
4,0.9601670787590026,1.0001253989658356,247,0.9811471376518219,300.6517071524967,r1_fuel_annulus_enrichment,0.20650723512875435,0.22218559065418972,True
4,0.9601670787590026,1.0001253989658356,247,0.9811471376518219,300.6517071524967,r1_fuel_annulus_f_mod,0.15350986602709726,0.14967260536056404,True
4,0.9601670787590026,1.0001253989658356,247,0.9811471376518219,300.6517071524967,r2_water_outer_radius,-0.009097510578960272,0.07940370177922544,True
5,1.0001253989658356,1.0400837191726684,253,1.020947553359684,283.7621607378128,r0_b4c_rod_outer_radius,-0.02760263643897403,-0.018135956128986653,True
5,1.0001253989658356,1.0400837191726684,253,1.020947553359684,283.7621607378128,r0_b4c_rod_cr_fraction,0.00963131360733072,0.010750265931531751,True
5,1.0001253989658356,1.0400837191726684,253,1.020947553359684,283.7621607378128,r1_fuel_annulus_outer_radius,-0.272201169243094,-0.27913852665649996,True
5,1.0001253989658356,1.0400837191726684,253,1.020947553359684,283.7621607378128,r1_fuel_annulus_enrichment,0.2298838919514657,0.17214690017018577,True
5,1.0001253989658356,1.0400837191726684,253,1.020947553359684,283.7621607378128,r1_fuel_annulus_f_mod,0.2528382814311427,0.25318497237685433,True
5,1.0001253989658356,1.0400837191726684,253,1.020947553359684,283.7621607378128,r2_water_outer_radius,-0.009502308213974091,0.030228569586623507,True
6,1.0400837191726684,1.0800420393795012,247,1.058650085020243,250.4841430499321,r0_b4c_rod_outer_radius,0.017392761663719843,0.005008972750473122,True
6,1.0400837191726684,1.0800420393795012,247,1.058650085020243,250.4841430499321,r0_b4c_rod_cr_fraction,0.021738732705937413,0.020653841896498302,True
6,1.0400837191726684,1.0800420393795012,247,1.058650085020243,250.4841430499321,r1_fuel_annulus_outer_radius,-0.27726882242612033,-0.28008809890362696,True
6,1.0400837191726684,1.0800420393795012,247,1.058650085020243,250.4841430499321,r1_fuel_annulus_enrichment,0.18925585255400554,0.21194484714875528,True
6,1.0400837191726684,1.0800420393795012,247,1.058650085020243,250.4841430499321,r1_fuel_annulus_f_mod,0.2855065665754601,0.2167490744553016,True
6,1.0400837191726684,1.0800420393795012,247,1.058650085020243,250.4841430499321,r2_water_outer_radius,0.042773700379928795,0.054232681516549405,True
7,1.0800420393795012,1.1200003595863341,236,1.0991981694915256,239.77584745762618,r0_b4c_rod_outer_radius,0.182506522113532,0.18006599810379434,True
7,1.0800420393795012,1.1200003595863341,236,1.0991981694915256,239.77584745762618,r0_b4c_rod_cr_fraction,-0.12150902772229599,-0.08572221545108802,True
7,1.0800420393795012,1.1200003595863341,236,1.0991981694915256,239.77584745762618,r1_fuel_annulus_outer_radius,-0.16868208278760582,-0.15425196595196955,True
7,1.0800420393795012,1.1200003595863341,236,1.0991981694915256,239.77584745762618,r1_fuel_annulus_enrichment,0.09662990053481657,0.12043398614762316,True
7,1.0800420393795012,1.1200003595863341,236,1.0991981694915256,239.77584745762618,r1_fuel_annulus_f_mod,0.13560660194816923,0.11141208461891111,True
7,1.0800420393795012,1.1200003595863341,236,1.0991981694915256,239.77584745762618,r2_water_outer_radius,0.011570951088131706,0.04195019877489916,True
8,1.1200003595863341,1.1599586797931671,289,1.1402457231833911,211.81159169550176,r0_b4c_rod_outer_radius,0.03150352764049163,0.016984600209874676,True
8,1.1200003595863341,1.1599586797931671,289,1.1402457231833911,211.81159169550176,r0_b4c_rod_cr_fraction,-0.0669955161365136,-0.08266267980435471,True
8,1.1200003595863341,1.1599586797931671,289,1.1402457231833911,211.81159169550176,r1_fuel_annulus_outer_radius,-0.21526047400142162,-0.23292047400375956,True
8,1.1200003595863341,1.1599586797931671,289,1.1402457231833911,211.81159169550176,r1_fuel_annulus_enrichment,0.026426995264827845,0.04532648815357294,True
8,1.1200003595863341,1.1599586797931671,289,1.1402457231833911,211.81159169550176,r1_fuel_annulus_f_mod,0.24045748927190536,0.23278748468603327,True
8,1.1200003595863341,1.1599586797931671,289,1.1402457231833911,211.81159169550176,r2_water_outer_radius,0.06986498699499044,0.11198098277614417,True
9,1.1599586797931671,1.199917,262,1.1801255916030533,202.36652580879715,r0_b4c_rod_outer_radius,0.13091145890512648,0.11040496455190395,True
9,1.1599586797931671,1.199917,262,1.1801255916030533,202.36652580879715,r0_b4c_rod_cr_fraction,0.06623772816478993,0.051183846857146234,True
9,1.1599586797931671,1.199917,262,1.1801255916030533,202.36652580879715,r1_fuel_annulus_outer_radius,-0.24617070561867868,-0.25288328041821784,True
9,1.1599586797931671,1.199917,262,1.1801255916030533,202.36652580879715,r1_fuel_annulus_enrichment,0.018112782495825833,-0.012527479969794104,True
9,1.1599586797931671,1.199917,262,1.1801255916030533,202.36652580879715,r1_fuel_annulus_f_mod,0.28380073259420935,0.3090440898902613,True
9,1.1599586797931671,1.199917,262,1.1801255916030533,202.36652580879715,r2_water_outer_radius,0.18258549632732204,0.13545024947367257,True
