param_x,param_y,chi2_stat,p_value,l2_discrepancy,likely_non_uniform_p_lt_0_05
r0_b4c_rod_outer_radius,r0_b4c_rod_cr_fraction,65.34738485558158,0.3951835989439804,0.0024954252742329765,False
r0_b4c_rod_outer_radius,r1_fuel_annulus_outer_radius,173.76268540202966,2.638950146142486e-12,0.0040691970705865384,True
r0_b4c_rod_outer_radius,r1_fuel_annulus_enrichment,88.42935206869633,0.019012606869606243,0.0029028773366328313,True
r0_b4c_rod_outer_radius,r1_fuel_annulus_f_mod,86.78064012490242,0.02520694914970167,0.0028756888132517237,True
r0_b4c_rod_outer_radius,r2_water_outer_radius,1014.1061670569868,1.4225502612853152e-171,0.009830422307739183,True
r0_b4c_rod_cr_fraction,r1_fuel_annulus_outer_radius,140.0889929742389,8.648066947975081e-08,0.0036536965070504725,True
r0_b4c_rod_cr_fraction,r1_fuel_annulus_enrichment,95.52380952380952,0.005124257288164566,0.0030170762092252743,True
r0_b4c_rod_cr_fraction,r1_fuel_annulus_f_mod,117.40671350507417,3.854560275656674e-05,0.0033448521747851587,True
r0_b4c_rod_cr_fraction,r2_water_outer_radius,1002.4652615144419,3.3748135586343066e-169,0.009773837840015624,True
r1_fuel_annulus_outer_radius,r1_fuel_annulus_enrichment,169.96565183450429,9.084477692942683e-12,0.0040244917865842715,True
r1_fuel_annulus_outer_radius,r1_fuel_annulus_f_mod,174.0624512099922,2.3921318814646836e-12,0.0040727055353426975,True
r1_fuel_annulus_outer_radius,r2_water_outer_radius,1094.0936768149882,6.131968590248326e-188,0.010210751746850742,True
r1_fuel_annulus_enrichment,r1_fuel_annulus_f_mod,103.31772053083529,0.001027372864502836,0.0031377466260261904,True
r1_fuel_annulus_enrichment,r2_water_outer_radius,1014.2060889929743,1.3572886263377236e-171,0.009830906601526797,True
r1_fuel_annulus_f_mod,r2_water_outer_radius,1050.8774395003902,4.3562585842755585e-179,0.010007059859168938,True
