parameter,bin,lo,hi,mean_error_in_bin,n_in_bin,suggested_weight
r0_b4c_rod_outer_radius,0,1.0043671131134033,1.6287950575351715,238.15871485943777,249,0.1115655134276029
r0_b4c_rod_outer_radius,1,1.6287950575351715,2.2532230019569397,279.1598600508906,262,0.12078784008102338
r0_b4c_rod_outer_radius,2,2.2532230019569397,2.877650946378708,299.9243024691358,270,0.12519948951441123
r0_b4c_rod_outer_radius,3,2.877650946378708,3.502078890800476,318.41915813424345,293,0.129001964577623
r0_b4c_rod_outer_radius,4,3.502078890800476,4.126506835222244,276.283833425262,259,0.12016402471353785
r0_b4c_rod_outer_radius,5,4.126506835222244,4.7509347796440125,335.0543719806763,276,0.13232879993012278
r0_b4c_rod_outer_radius,6,4.7509347796440125,5.375362724065781,348.3909768009768,273,0.13493672910484011
r0_b4c_rod_outer_radius,7,5.375362724065781,5.999790668487549,303.8473345153664,282,0.12601563865083878
r0_b4c_rod_cr_fraction,0,0.0005024683778174222,0.12539503830339527,308.9977582159624,284,0.1266727393378957
r0_b4c_rod_cr_fraction,1,0.12539503830339527,0.2502876082289731,298.53526464542654,278,0.12450973763427894
r0_b4c_rod_cr_fraction,2,0.2502876082289731,0.37518017815455096,302.84896363971944,258,0.12540606594411685
r0_b4c_rod_cr_fraction,3,0.37518017815455096,0.5000727480801288,294.4947265625,256,0.12366427601681322
r0_b4c_rod_cr_fraction,4,0.5000727480801288,0.6249653180057066,279.24312820512824,260,0.12041947940842096
r0_b4c_rod_cr_fraction,5,0.6249653180057066,0.7498578879312845,290.4133393285372,278,0.12280435781819841
r0_b4c_rod_cr_fraction,6,0.7498578879312845,0.8747504578568623,336.906495564005,263,0.13226964569705804
r0_b4c_rod_cr_fraction,7,0.8747504578568623,0.9996430277824402,297.30872241579556,287,0.12425369814321792
r1_fuel_annulus_outer_radius,0,10.107303619384766,14.418281078338623,583.349761904762,252,0.18643603607914522
r1_fuel_annulus_outer_radius,1,14.418281078338623,18.72925853729248,410.1721365638766,454,0.15633219495985048
r1_fuel_annulus_outer_radius,2,18.72925853729248,23.040235996246338,265.5375722339676,473,0.12578485058971878
r1_fuel_annulus_outer_radius,3,23.040235996246338,27.351213455200195,210.51089592538048,388,0.11199603250010051
r1_fuel_annulus_outer_radius,4,27.351213455200195,31.662190914154053,200.14324924012158,235,0.10920331476003219
r1_fuel_annulus_outer_radius,5,31.662190914154053,35.97316837310791,171.119452991453,195,0.10097527386764951
r1_fuel_annulus_outer_radius,6,35.97316837310791,40.28414583206177,183.30580152671757,131,0.10450894251056547
r1_fuel_annulus_outer_radius,7,40.28414583206177,44.595123291015625,184.19935185185184,36,0.1047633547329378
r1_fuel_annulus_enrichment,0,1.0331271886825562,2.1529598981142044,377.68549977538186,212,0.13922874249407793
r1_fuel_annulus_enrichment,1,2.1529598981142044,3.2727926075458527,274.1912844444444,375,0.11862891761243367
r1_fuel_annulus_enrichment,2,3.2727926075458527,4.392625316977501,282.78622759856626,372,0.12047387293437802
r1_fuel_annulus_enrichment,3,4.392625316977501,5.512458026409149,293.9452523474178,284,0.12282788392146973
r1_fuel_annulus_enrichment,4,5.512458026409149,6.632290735840797,302.97914303221285,272,0.12470105027776908
r1_fuel_annulus_enrichment,5,6.632290735840797,7.752123445272446,323.9060210803689,253,0.12893572167857292
r1_fuel_annulus_enrichment,6,7.752123445272446,8.871956154704094,283.28141437308864,218,0.12057930765716655
r1_fuel_annulus_enrichment,7,8.871956154704094,9.991788864135742,302.6072940074906,178,0.1246245034241321
r1_fuel_annulus_f_mod,0,0.40049228072166443,0.4503817670047283,240.81481762917937,329,0.11100871286709112
r1_fuel_annulus_f_mod,1,0.4503817670047283,0.5002712532877922,251.95916666666668,344,0.11354827625341833
r1_fuel_annulus_f_mod,2,0.5002712532877922,0.5501607395708561,285.08471363115694,291,0.12078205917562884
r1_fuel_annulus_f_mod,3,0.5501607395708561,0.60005022585392,339.0682808716707,295,0.1317222214170042
r1_fuel_annulus_f_mod,4,0.60005022585392,0.6499397121369839,330.083962962963,270,0.12996537865085042
r1_fuel_annulus_f_mod,5,0.6499397121369839,0.6998291984200478,346.4808056580566,271,0.13315425661808836
r1_fuel_annulus_f_mod,6,0.6998291984200478,0.7497186847031116,323.286207165109,214,0.12862016195010573
r1_fuel_annulus_f_mod,7,0.7497186847031116,0.7996081709861755,336.3796222222222,150,0.131198933067813
r2_water_outer_radius,0,40.00022888183594,44.99629878997803,270.54088050314465,477,0.11756520720700095
r2_water_outer_radius,1,44.99629878997803,49.99236869812012,305.61658841492505,499,0.12495419062238936
r2_water_outer_radius,2,49.99236869812012,54.98843860626221,327.5975318578136,426,0.12936973084753398
r2_water_outer_radius,3,54.98843860626221,59.9845085144043,290.6677338435374,392,0.12185988849924358
r2_water_outer_radius,4,59.9845085144043,64.98057842254639,319.3547517730496,94,0.12773180676938783
r2_water_outer_radius,5,64.98057842254639,69.97664833068848,301.8813148148148,90,0.12418824234229046
r2_water_outer_radius,6,69.97664833068848,74.97271823883057,341.63763333333344,100,0.13211289712796567
r2_water_outer_radius,7,74.97271823883057,79.96878814697266,292.3787984496124,86,0.12221803658418813
