xs_source,sample_idx,rank,mesh_size,keff,keff_finest,dpcm_vs_finest,wall_s,n_cells
peds,210,6,0.01,0.8658991615082118,0.8658991615082118,0.0,2.7768101380206645,4015
peds,210,6,0.05,0.8675543310235783,0.8658991615082118,220.33245710640512,0.09672011295333505,803
peds,210,6,0.1,0.8646565528450877,0.8658991615082118,-165.9676408786485,0.03965899581089616,401
peds,210,6,0.2,0.8672866934836414,0.8658991615082118,184.76214598131637,0.01287040882743895,200
peds,210,6,0.5,0.8691206045126841,0.8658991615082118,428.05846213106264,0.004028773866593838,80
peds,210,6,1.0,0.8904935449422059,0.8658991615082118,3189.6119133575708,0.0020430770236998796,40
peds,210,6,2.0,0.8502976138380114,0.8658991615082118,-2118.9924191042405,0.0013998919166624546,20
peds,1535,4,0.01,0.8101896887687429,0.8101896887687429,0.0,3.9081712439656258,4792
peds,1535,4,0.05,0.8155634724270328,0.8101896887687429,813.2717753822972,0.13123947381973267,958
peds,1535,4,0.1,0.8234384749853146,0.8101896887687429,1985.9038842157627,0.05119102285243571,479
peds,1535,4,0.2,0.8228895006406192,0.8101896887687429,1904.8862844891771,0.021469657076522708,239
peds,1535,4,0.5,0.8237230705287579,0.8101896887687429,2027.8619741887585,0.005001873942092061,95
peds,1535,4,1.0,0.8398884360292092,0.8101896887687429,4364.452960689566,0.0023363057989627123,47
peds,1535,4,2.0,0.8731194774674803,0.8101896887687429,8896.022759460815,0.001630936050787568,23
peds,1807,9,0.01,0.7919051468977847,0.7919051468977847,0.0,2.91411902802065,4209
peds,1807,9,0.05,0.7958255619098219,0.7919051468977847,622.072486322203,0.11083136894740164,841
peds,1807,9,0.1,0.8005603813683901,0.7919051468977847,1365.2480916098216,0.042881197994574904,420
peds,1807,9,0.2,0.8040346416314447,0.7919051468977847,1904.9991403213617,0.016969493124634027,210
peds,1807,9,0.5,0.793440943701617,0.7919051468977847,244.42520400188485,0.004353170050308108,84
peds,1807,9,1.0,0.7919302615798226,0.7919051468977847,4.004677795992294,0.0021585498470813036,42
peds,1807,9,2.0,0.8438843647295894,0.7919051468977847,7778.101998512962,0.0015092100948095322,21
peds,1842,8,0.01,0.983345010175569,0.983345010175569,0.0,2.93289859383367,4098
peds,1842,8,0.05,0.9836126440396064,0.983345010175569,27.670120037567447,0.10581598011776805,819
peds,1842,8,0.1,0.9832536499951288,0.983345010175569,-9.448991602605195,0.041740902001038194,409
peds,1842,8,0.2,0.9837048699139157,0.983345010175569,37.201677201760546,0.013976550893858075,204
peds,1842,8,0.5,0.9765679497373442,0.983345010175569,-705.7208904179857,0.004324010107666254,81
peds,1842,8,1.0,0.980864315517157,0.983345010175569,-257.1925937270093,0.0024407729506492615,40
peds,1842,8,2.0,0.9658137017992028,0.983345010175569,-1845.9292363675918,0.0015926770865917206,20
peds,1955,10,0.01,0.871210572815102,0.871210572815102,0.0,12.75220724195242,7182
peds,1955,10,0.05,0.8728985772608463,0.871210572815102,221.9661060020916,0.4311815439723432,1436
peds,1955,10,0.1,0.8742463278880517,0.871210572815102,398.5747435477651,0.10755756706930697,718
peds,1955,10,0.2,0.8754352138835171,0.871210572815102,553.9144151184693,0.04161154804751277,359
peds,1955,10,0.5,0.8790200434574287,0.871210572815102,1019.7640118459391,0.010103221982717514,143
peds,1955,10,1.0,0.8716334226255067,0.871210572815102,55.68383373929979,0.004312752978876233,71
peds,1955,10,2.0,0.868624402221217,0.871210572815102,-341.74487168910576,0.0026986440643668175,35
peds,1967,7,0.01,0.8318791473254744,0.8318791473254744,0.0,4.963259654119611,5260
peds,1967,7,0.05,0.8371184394700355,0.8318791473254744,752.3596039336236,0.16031179809942842,1052
peds,1967,7,0.1,0.8404975741364569,0.8318791473254744,1232.625918936122,0.055664204992353916,526
peds,1967,7,0.2,0.8430320672786185,0.8318791473254744,1590.319018051875,0.023823243100196123,263
peds,1967,7,0.5,0.8411690422075803,0.8318791473254744,1327.6001139600453,0.005527400178834796,105
peds,1967,7,1.0,0.831199328286734,0.8318791473254744,-98.3168377507669,0.0026029800064861774,52
peds,1967,7,2.0,0.8252174058702074,0.8318791473254744,-970.4186977763868,0.0016608710866421461,26
peds,2019,2,0.01,0.8593936737637482,0.8593936737637482,0.0,13.302395350998268,7961
peds,2019,2,0.05,0.8588889588593491,0.8593936737637482,-68.37808874233461,0.466458179987967,1592
peds,2019,2,0.1,0.8604770758074108,0.8593936737637482,146.50693858596014,0.10955179505981505,796
peds,2019,2,0.2,0.8614273791515569,0.8593936737637482,274.7117375087128,0.705275007057935,398
peds,2019,2,0.5,0.87180039608041,0.8593936737637482,1655.9523953474406,0.010572172934189439,159
peds,2019,2,1.0,0.8683575986144075,0.8593936737637482,1201.1782109177063,0.004773260094225407,79
peds,2019,2,2.0,0.8746699772017793,0.8593936737637482,2032.2723301052617,0.0026514010969549417,39
peds,2053,1,0.01,0.8760636557623714,0.8760636557623714,0.0,6.551991539075971,5111
peds,2053,1,0.05,0.876765005288033,0.8760636557623714,91.30943104447341,0.20587255782447755,1022
peds,2053,1,0.1,0.8778021389349635,0.8760636557623714,226.0675319242535,0.07111931499093771,511
peds,2053,1,0.2,0.8788566248711206,0.8760636557623714,362.7541902996159,0.028067480074241757,255
peds,2053,1,0.5,0.8829345593283482,0.8760636557623714,888.279569682288,0.006371270166710019,102
peds,2053,1,1.0,0.8825349202841513,0.8760636557623714,836.9925459593725,0.003538701916113496,51
peds,2053,1,2.0,0.8809916070283639,0.8760636557623714,638.4971596489844,0.002429524902254343,25
peds,2200,5,0.01,1.0095600490849226,1.0095600490849226,0.0,3.1618462949991226,4280
peds,2200,5,0.05,1.0112529944621702,1.0095600490849226,165.8253677672206,0.1175560150295496,856
peds,2200,5,0.1,1.0135010002491542,1.0095600490849226,385.1631372212262,0.04783614818006754,428
peds,2200,5,0.2,1.0154967656272245,1.0095600490849226,579.0760625993433,0.01695189601741731,214
peds,2200,5,0.5,1.0132935307669801,1.0095600490849226,364.9611184004644,0.004569126991555095,85
peds,2200,5,1.0,1.000373800560068,1.0095600490849226,-909.585912340781,0.002440141048282385,42
peds,2200,5,2.0,1.0182366381916979,1.0095600490849226,844.0499634626444,0.0016018240712583065,21
peds,2347,3,0.01,0.9249920982067967,0.9249920982067967,0.0,3.789675840176642,4750
peds,2347,3,0.05,0.9258910726748593,0.9249920982067967,104.96619102190654,0.13076375098899007,950
peds,2347,3,0.1,0.9264751515159312,0.9249920982067967,173.05532354514034,0.0508830591570586,475
peds,2347,3,0.2,0.925363094994351,0.9249920982067967,43.34309813766468,0.02008410287089646,237
peds,2347,3,0.5,0.9360720237267204,0.9249920982067967,1279.6451427873908,0.005025104153901339,95
peds,2347,3,1.0,0.9023813250957945,0.9249920982067967,-2708.864553590517,0.002373306080698967,47
peds,2347,3,2.0,0.9700968118753421,0.9249920982067967,5026.536379502786,0.0016879129689186811,23
poly,210,6,0.01,0.9520405948051354,0.9520405948051354,0.0,2.7947214560117573,4015
poly,210,6,0.05,0.9538452888645476,0.9520405948051354,198.73308886064478,0.101025580894202,803
poly,210,6,0.1,0.9504166192579533,0.9520405948051354,-179.47749389950485,0.04062714520841837,401
poly,210,6,0.2,0.9527490089941012,0.9520405948051354,78.10040364872121,0.015895157121121883,200
poly,210,6,0.5,0.9537225609758339,0.9520405948051354,185.2421160257934,0.004047119989991188,80
poly,210,6,1.0,0.9787325198444945,0.9520405948051354,2864.5764082017176,0.002111484995111823,40
poly,210,6,2.0,0.9365947854031604,0.9520405948051354,-1732.2216766320953,0.001518303994089365,20
poly,1535,4,0.01,0.8961654082957821,0.8961654082957821,0.0,3.837675527203828,4792
poly,1535,4,0.05,0.9020130395921402,0.8961654082957821,723.4008083255297,0.13121304707601666,958
poly,1535,4,0.1,0.9111996249478087,0.8961654082957821,1841.1072823090142,0.048813873901963234,479
poly,1535,4,0.2,0.9111419918640666,0.8961654082957821,1834.1654796569574,0.021506021032109857,239
poly,1535,4,0.5,0.912741483576531,0.8961654082957821,2026.4959715448956,0.004992275964468718,95
poly,1535,4,1.0,0.9310419009112768,0.8961654082957821,4179.991517309342,0.0023411919828504324,47
poly,1535,4,2.0,0.9688525067362053,0.8961654082957821,8371.658214215282,0.0015970510430634022,23
poly,1807,9,0.01,0.8669069311263882,0.8669069311263882,0.0,2.989253315841779,4209
poly,1807,9,0.05,0.8706193628836186,0.8669069311263882,491.8783211442186,0.10578899900428951,841
poly,1807,9,0.1,0.8758146612655803,0.8669069311263882,1173.2278541865473,0.04144091298803687,420
poly,1807,9,0.2,0.8799745936267285,0.8669069311263882,1712.9918654841936,0.014038771158084273,210
poly,1807,9,0.5,0.8688683672758754,0.8669069311263882,260.4040375417365,0.004250067984685302,84
poly,1807,9,1.0,0.8676898928894444,0.8669069311263882,104.08868916420948,0.0021665908861905336,42
poly,1807,9,2.0,0.9255135157436004,0.8669069311263882,7304.511419574809,0.0015139661263674498,21
poly,1842,8,0.01,1.077016052445531,1.077016052445531,0.0,3.208609289024025,4098
poly,1842,8,0.05,1.0773525954173402,1.077016052445531,29.00417299785779,0.10728779505006969,819
poly,1842,8,0.1,1.0769327418434718,1.077016052445531,-7.182729572935167,0.044827764853835106,409
poly,1842,8,0.2,1.077512338413145,1.077016052445531,42.7649105114639,0.015479030087590218,204
poly,1842,8,0.5,1.0685423043057707,1.077016052445531,-736.3116202127029,0.004321199841797352,81
poly,1842,8,1.0,1.0748697248129262,1.077016052445531,-185.40353484287354,0.002455680863931775,40
poly,1842,8,2.0,1.0603056518316056,1.077016052445531,-1463.3007968068782,0.0017305819783359766,20
poly,1955,10,0.01,0.9195403339001716,0.9195403339001716,0.0,12.367225521011278,7182
poly,1955,10,0.05,0.9213224660754978,0.9195403339001716,210.35724111833514,0.42453272896818817,1436
poly,1955,10,0.1,0.9228010355677165,0.9195403339001716,384.26622052512147,0.11082950909622014,718
poly,1955,10,0.2,0.9242004237883125,0.9195403339001716,548.3493676970128,0.04578250483609736,359
poly,1955,10,0.5,0.928112227236238,0.9195403339001716,1004.3971704011974,0.010756920091807842,143
poly,1955,10,1.0,0.920486167455843,0.9195403339001716,111.74463145759998,0.0046350969932973385,71
poly,1955,10,2.0,0.9170915191223714,0.9195403339001716,-290.38386181648195,0.002642535837367177,35
poly,1967,7,0.01,0.9054491856951444,0.9054491856951444,0.0,4.8557247361168265,5260
poly,1967,7,0.05,0.9110211779755031,0.9054491856951444,675.4884860251302,0.16091260104440153,1052
poly,1967,7,0.1,0.9148924005022,0.9054491856951444,1139.9499034709536,0.058886822080239654,526
poly,1967,7,0.2,0.9179090416981806,0.9054491856951444,1499.164511475055,0.026678354013711214,263
poly,1967,7,0.5,0.9161995317811442,0.9054491856951444,1295.8904749821586,0.0054975871462374926,105
poly,1967,7,1.0,0.9057993159999965,0.9054491856951444,42.69073489917604,0.002705099992454052,52
poly,1967,7,2.0,0.8996440255781943,0.9054491856951444,-712.6551373100835,0.0017286220099776983,26
poly,2019,2,0.01,0.874401815529073,0.874401815529073,0.0,13.1761658010073,7961
poly,2019,2,0.05,0.8738622731905294,0.874401815529073,-70.61085807099354,0.4589151320978999,1592
poly,2019,2,0.1,0.8753950615860561,0.874401815529073,129.76025989453018,0.1095814579166472,796
poly,2019,2,0.2,0.8762615790413862,0.874401815529073,242.72410159677628,0.04766437178477645,398
poly,2019,2,0.5,0.8866875441600295,0.874401815529073,1584.5985710160476,0.010889498051255941,159
poly,2019,2,1.0,0.8835723796827968,0.874401815529073,1186.978551109801,0.004553555976599455,79
poly,2019,2,2.0,0.8904064894746978,0.874401815529073,2055.641911312266,0.0025257389061152935,39
poly,2053,1,0.01,0.9324356070439441,0.9324356070439441,0.0,6.33761283592321,5111
poly,2053,1,0.05,0.9332075364457368,0.9324356070439441,88.71161708882781,0.21192916086874902,1022
poly,2053,1,0.1,0.9343642565405545,0.9324356070439441,221.36973346764478,0.08307499019429088,511
poly,2053,1,0.2,0.935589967402995,0.9324356070439441,361.5820815560899,0.030268056085333228,255
poly,2053,1,0.5,0.9401490262235848,0.9324356070439441,879.8960806492661,0.005357814021408558,102
poly,2053,1,1.0,0.9398114932434077,0.9324356070439441,841.6947261810475,0.0027858989778906107,51
poly,2053,1,2.0,0.9380907377077371,0.9324356070439441,646.5155073159581,0.0017103857826441526,25
poly,2200,5,0.01,1.102347279002296,1.102347279002296,0.0,3.2814603850711137,4280
poly,2200,5,0.05,1.104050974625174,1.102347279002296,139.98594960586814,0.12042123987339437,856
poly,2200,5,0.1,1.1065885791417154,1.102347279002296,347.69175224326034,0.04641122603788972,428
poly,2200,5,0.2,1.1089920235295743,1.102347279002296,543.5399013461991,0.018138501094654202,214
poly,2200,5,0.5,1.107029902453705,1.102347279002296,383.717361411342,0.004544882103800774,85
poly,2200,5,1.0,1.0934344488636358,1.102347279002296,-739.4425590780951,0.0023052578326314688,42
poly,2200,5,2.0,1.1146741183851816,1.102347279002296,1003.1950611689905,0.0015581711195409298,21
poly,2347,3,0.01,1.0163040634763334,1.0163040634763334,0.0,3.7818078349810094,4750
poly,2347,3,0.05,1.0172838894003131,1.0163040634763334,94.77266585076579,0.14327319292351604,950
poly,2347,3,0.1,1.017828642765164,1.0163040634763334,147.38445689702368,0.05161570315249264,475
poly,2347,3,0.2,1.0162905651685303,1.0163040634763334,-1.3068861978831612,0.02058939402922988,237
poly,2347,3,0.5,1.028387512704049,1.0163040634763334,1156.140100959855,0.004946491913869977,95
poly,2347,3,1.0,0.9914554588476258,1.0163040634763334,-2466.068499130122,0.0023135829251259565,47
poly,2347,3,2.0,1.0706072754234757,1.0163040634763334,4990.81723057018,0.001641192939132452,23
