XS,R2,RMSE,Chi2,p_value
mix_scatter matrix_g4,0.9999313810331648,0.0007607222014568442,6.164431323252407e-05,1.0
mix_scatter matrix_g2,0.9999083393810455,4.015730985064959e-05,6.793734615198986e-06,1.0
mix_absorption_g2,0.9998908880465995,0.00036840272192317856,3.649048165962482e-05,1.0
mix_nu-fission_g2,0.9998788077771263,0.0008316662069742614,0.00010656701969844758,1.0
mix_scatter matrix_g1,0.9997233229454304,0.00014521277878934958,3.956366792489831e-06,1.0
mix_diffusion-coefficient_g1,0.9996690120149321,0.0007746507046386284,2.8592830647727945e-05,1.0
mix_nu-fission_g1,0.9996482091962205,4.366674711346246e-05,7.35227973627112e-06,1.0
mix_diffusion-coefficient_g2,0.9996267395407533,0.0010408736859717253,0.000118195774444766,1.0
mix_absorption_g1,0.9991657401892792,3.420504614668449e-05,3.5362454388911714e-06,1.0
mix_scatter matrix_g3,0.9849175302372719,2.1008368644286263e-05,2.5754444923922528e-05,1.0
