file,parameter,n_samples,chi2_stat,p_value,likely_non_uniform (p<0.05)
1000_dataset.csv,r0_b4c_rod_outer_radius,1007,333.8440913604767,1.6942488020182024e-66,True
1000_dataset.csv,r0_b4c_rod_cr_fraction,1007,0.29890764647467727,0.9999967383969078,False
1000_dataset.csv,r1_fuel_annulus_outer_radius,1007,4.429990069513407,0.8809054379895678,False
1000_dataset.csv,r1_fuel_annulus_enrichment,1007,0.3584905660377358,0.9999927868031464,False
1000_dataset.csv,r1_fuel_annulus_f_mod,1007,205.84011916583913,1.974091385696881e-39,True
1000_dataset.csv,r2_water_outer_radius,1007,920.2591857000992,2.6668712236361883e-192,True
1600_dataset.csv,r0_b4c_rod_outer_radius,1621,340.84454040715605,5.497998093266585e-68,True
1600_dataset.csv,r0_b4c_rod_cr_fraction,1621,14.786551511412709,0.09696838586915293,False
1600_dataset.csv,r1_fuel_annulus_outer_radius,1621,75.428130783467,1.3007234814878499e-12,True
1600_dataset.csv,r1_fuel_annulus_enrichment,1621,45.69339913633559,6.864831007318188e-07,True
1600_dataset.csv,r1_fuel_annulus_f_mod,1621,267.8278840222085,1.7044087129897685e-52,True
1600_dataset.csv,r2_water_outer_radius,1621,963.484885872918,1.2861257840060492e-201,True
600samples.csv,r0_b4c_rod_outer_radius,614,86.16286644951141,9.554789224680261e-15,True
600samples.csv,r0_b4c_rod_cr_fraction,614,41.504885993485345,4.047128719003086e-06,True
600samples.csv,r1_fuel_annulus_outer_radius,614,164.53420195439742,8.475046158624687e-31,True
600samples.csv,r1_fuel_annulus_enrichment,614,113.00325732899023,3.59314758058382e-20,True
600samples.csv,r1_fuel_annulus_f_mod,614,113.62214983713356,2.686804777984849e-20,True
600samples.csv,r2_water_outer_radius,614,165.44625407166126,5.475092096555275e-31,True
LHS_filt_with_diffusion.csv,r0_b4c_rod_outer_radius,514,54.17120622568094,1.7514993967181946e-08,True
LHS_filt_with_diffusion.csv,r0_b4c_rod_cr_fraction,514,49.268482490272376,1.4781166192830662e-07,True
LHS_filt_with_diffusion.csv,r1_fuel_annulus_outer_radius,514,150.43579766536965,7.164205225389009e-28,True
LHS_filt_with_diffusion.csv,r1_fuel_annulus_enrichment,514,53.89883268482491,1.9732917352296288e-08,True
LHS_filt_with_diffusion.csv,r1_fuel_annulus_f_mod,514,74.09338521400778,2.385812248745885e-12,True
LHS_filt_with_diffusion.csv,r2_water_outer_radius,514,80.08560311284047,1.554074194521568e-13,True
LHS_filtered_ds.csv,r0_b4c_rod_outer_radius,200,24.5,0.003577030926761582,True
LHS_filtered_ds.csv,r0_b4c_rod_cr_fraction,200,98.10000000000001,3.809770623911365e-17,True
LHS_filtered_ds.csv,r1_fuel_annulus_outer_radius,200,38.900000000000006,1.2008814450278841e-05,True
LHS_filtered_ds.csv,r1_fuel_annulus_enrichment,200,18.2,0.032922821737753044,True
LHS_filtered_ds.csv,r1_fuel_annulus_f_mod,200,6.0,0.7399182920946538,False
LHS_filtered_ds.csv,r2_water_outer_radius,200,5.9,0.7498835279562133,False
LHS_full_dataset_old.csv,r0_b4c_rod_outer_radius,506,10.75889328063241,0.29259834409575664,False
LHS_full_dataset_old.csv,r0_b4c_rod_cr_fraction,506,145.85770750988144,6.352696874338025e-27,True
LHS_full_dataset_old.csv,r1_fuel_annulus_outer_radius,506,58.901185770750985,2.1818425731411295e-09,True
LHS_full_dataset_old.csv,r1_fuel_annulus_enrichment,506,16.01581027667984,0.06655216102835561,False
LHS_full_dataset_old.csv,r1_fuel_annulus_f_mod,506,18.50592885375494,0.029737437725785628,True
LHS_full_dataset_old.csv,r2_water_outer_radius,506,5.897233201581027,0.750157973095378,False
LHS_with_diffusion_keff.csv,r0_b4c_rod_outer_radius,356,1.4157303370786516,0.9977249773066426,False
LHS_with_diffusion_keff.csv,r0_b4c_rod_cr_fraction,356,28.21348314606741,0.0008785780767279891,True
LHS_with_diffusion_keff.csv,r1_fuel_annulus_outer_radius,356,44.28089887640449,1.252770603167273e-06,True
LHS_with_diffusion_keff.csv,r1_fuel_annulus_enrichment,356,2.033707865168539,0.9909232644377001,False
LHS_with_diffusion_keff.csv,r1_fuel_annulus_f_mod,356,50.12359550561797,1.0210990984603385e-07,True
LHS_with_diffusion_keff.csv,r2_water_outer_radius,356,2.4831460674157304,0.9813333155810374,False
clean_with_diffusion_keff.csv,r0_b4c_rod_outer_radius,1082,245.24584103512018,1.0054716459169709e-47,True
clean_with_diffusion_keff.csv,r0_b4c_rod_cr_fraction,1082,16.76155268022181,0.05258363482283297,False
clean_with_diffusion_keff.csv,r1_fuel_annulus_outer_radius,1082,291.49353049907575,1.6611870977864035e-57,True
clean_with_diffusion_keff.csv,r1_fuel_annulus_enrichment,1082,119.94085027726433,1.3739394202571634e-21,True
clean_with_diffusion_keff.csv,r1_fuel_annulus_f_mod,1082,161.5859519408503,3.4770068816423034e-30,True
clean_with_diffusion_keff.csv,r2_water_outer_radius,1082,656.003696857671,1.973216371218455e-135,True
