solver_path,sample_id,k_eff,rel_eps,abs_floor,ref_name,region_idx,region,xs_family,xs_component,xs_value,xs_masked,eps_used,grad_vjp,grad_ref,grad_fd,abs_error,rel_error,abs_error_fd,rel_error_fd,status,within_tol,summary_verdict,summary_mean_rel_error,summary_max_rel_error,summary_n_pass,summary_n_fail,summary_n_skipped
NTdiff_solver,0,1.19668698,0.01,1e-05,scan_ad,0,CR,D,D_g1,1.01980615e+00,0,1.01980614e-02,3.98948006e-02,3.98949049e-02,3.98955867e-02,1.04308128e-07,2.61457268e-06,7.86036253e-07,1.97023360e-05,pass,1,PASS,7.53993455e-07,5.32954810e-06,21,0,15
NTdiff_solver,0,1.19668698,0.01,1e-05,scan_ad,0,CR,D,D_g2,4.26079370e-02,0,4.26079350e-04,-1.60261482e-01,-1.60261512e-01,-1.60262212e-01,2.98023224e-08,1.85960572e-07,7.30156898e-07,4.55601410e-06,pass,1,PASS,7.53993455e-07,5.32954810e-06,21,0,15
NTdiff_solver,0,1.19668698,0.01,1e-05,scan_ad,0,CR,Sigma_a,Sigma_a_g1,3.28727178e-02,0,3.28727183e-04,-3.23946309e+00,-3.23946261e+00,-3.23946452e+00,4.76837158e-07,1.47196355e-07,1.43051147e-06,4.41588869e-07,pass,1,PASS,7.53993455e-07,5.32954810e-06,21,0,15
NTdiff_solver,0,1.19668698,0.01,1e-05,scan_ad,0,CR,Sigma_a,Sigma_a_g2,7.56597233e+00,0,7.56597221e-02,-1.30286426e-05,-1.30286426e-05,-1.30289636e-05,0.00000000e+00,0.00000000e+00,3.21051630e-10,2.46413789e-05,pass,1,PASS,7.53993455e-07,5.32954810e-06,21,0,15
NTdiff_solver,0,1.19668698,0.01,1e-05,scan_ad,0,CR,nuSigma_f,nuSigma_f_g1,0.00000000e+00,1,0.00000000e+00,-0.00000000e+00,0.00000000e+00,0.00000000e+00,0.00000000e+00,0.00000000e+00,0.00000000e+00,0.00000000e+00,skipped_masked_or_zero,0,PASS,7.53993455e-07,5.32954810e-06,21,0,15
NTdiff_solver,0,1.19668698,0.01,1e-05,scan_ad,0,CR,nuSigma_f,nuSigma_f_g2,0.00000000e+00,1,0.00000000e+00,-0.00000000e+00,0.00000000e+00,0.00000000e+00,0.00000000e+00,0.00000000e+00,0.00000000e+00,0.00000000e+00,skipped_masked_or_zero,0,PASS,7.53993455e-07,5.32954810e-06,21,0,15
NTdiff_solver,0,1.19668698,0.01,1e-05,scan_ad,0,CR,Sigma_s,Sigma_s_g1,2.93392032e-01,0,2.93392036e-03,-0.00000000e+00,0.00000000e+00,3.72189675e-06,0.00000000e+00,0.00000000e+00,3.72189675e-06,1.00000000e+00,noise,0,PASS,7.53993455e-07,5.32954810e-06,21,0,15
NTdiff_solver,0,1.19668698,0.01,1e-05,scan_ad,0,CR,Sigma_s,Sigma_s_g2,2.37450677e-05,0,9.99999975e-06,-3.22638988e+00,-3.22638988e+00,-3.23064351e+00,0.00000000e+00,0.00000000e+00,4.25362587e-03,1.31664972e-03,pass,1,PASS,7.53993455e-07,5.32954810e-06,21,0,15
NTdiff_solver,0,1.19668698,0.01,1e-05,scan_ad,0,CR,Sigma_s,Sigma_s_g3,4.03389055e-03,0,4.03389058e-05,7.86408840e-04,7.86408840e-04,7.37192982e-04,0.00000000e+00,0.00000000e+00,4.92158579e-05,6.25830425e-02,pass,1,PASS,7.53993455e-07,5.32954810e-06,21,0,15
NTdiff_solver,0,1.19668698,0.01,1e-05,scan_ad,0,CR,Sigma_s,Sigma_s_g4,8.32171500e-01,0,8.32171459e-03,-0.00000000e+00,0.00000000e+00,0.00000000e+00,0.00000000e+00,0.00000000e+00,0.00000000e+00,0.00000000e+00,noise,0,PASS,7.53993455e-07,5.32954810e-06,21,0,15
NTdiff_solver,0,1.19668698,0.01,1e-05,scan_ad,0,CR,chi,chi_g1,0.00000000e+00,1,0.00000000e+00,-0.00000000e+00,0.00000000e+00,0.00000000e+00,0.00000000e+00,0.00000000e+00,0.00000000e+00,0.00000000e+00,skipped_masked_or_zero,0,PASS,7.53993455e-07,5.32954810e-06,21,0,15
NTdiff_solver,0,1.19668698,0.01,1e-05,scan_ad,0,CR,chi,chi_g2,0.00000000e+00,1,0.00000000e+00,-0.00000000e+00,0.00000000e+00,0.00000000e+00,0.00000000e+00,0.00000000e+00,0.00000000e+00,0.00000000e+00,skipped_masked_or_zero,0,PASS,7.53993455e-07,5.32954810e-06,21,0,15
NTdiff_solver,0,1.19668698,0.01,1e-05,scan_ad,1,Core,D,D_g1,1.00730598e+00,0,1.00730592e-02,-2.96580121e-02,-2.96581481e-02,-2.96814591e-02,1.35973096e-07,4.58467925e-06,2.34469771e-05,7.89953657e-04,pass,1,PASS,7.53993455e-07,5.32954810e-06,21,0,15
NTdiff_solver,0,1.19668698,0.01,1e-05,scan_ad,1,Core,D,D_g2,3.87997061e-01,0,3.87997064e-03,1.24070374e-02,1.24069713e-02,1.24109881e-02,6.61239028e-08,5.32954810e-06,3.95067036e-06,3.18320373e-04,pass,1,PASS,7.53993455e-07,5.32954810e-06,21,0,15
NTdiff_solver,0,1.19668698,0.01,1e-05,scan_ad,1,Core,Sigma_a,Sigma_a_g1,1.56830791e-02,0,1.56830793e-04,-2.86342411e+01,-2.86342354e+01,-2.86324120e+01,5.72204590e-06,1.99832287e-07,1.82914734e-03,6.38797212e-05,pass,1,PASS,7.53993455e-07,5.32954810e-06,21,0,15
NTdiff_solver,0,1.19668698,0.01,1e-05,scan_ad,1,Core,Sigma_a,Sigma_a_g2,1.97849080e-01,0,1.97849073e-03,-4.53687000e+00,-4.53687000e+00,-4.53685999e+00,0.00000000e+00,0.00000000e+00,1.00135803e-05,2.20715610e-06,pass,1,PASS,7.53993455e-07,5.32954810e-06,21,0,15
NTdiff_solver,0,1.19668698,0.01,1e-05,scan_ad,1,Core,nuSigma_f,nuSigma_f_g1,1.18627381e-02,0,1.18627380e-04,2.39279270e+01,2.39279289e+01,2.39280167e+01,1.90734863e-06,7.97122325e-08,8.96453857e-05,3.74646119e-06,pass,1,PASS,7.53993455e-07,5.32954810e-06,21,0,15
NTdiff_solver,0,1.19668698,0.01,1e-05,scan_ad,1,Core,nuSigma_f,nuSigma_f_g2,3.55591536e-01,0,3.55591532e-03,2.56709266e+00,2.56709266e+00,2.56710076e+00,0.00000000e+00,0.00000000e+00,8.10623169e-06,3.15773802e-06,pass,1,PASS,7.53993455e-07,5.32954810e-06,21,0,15
NTdiff_solver,0,1.19668698,0.01,1e-05,scan_ad,1,Core,Sigma_s,Sigma_s_g1,2.94426471e-01,0,2.94426456e-03,-0.00000000e+00,0.00000000e+00,-4.68557073e-06,0.00000000e+00,0.00000000e+00,4.68557073e-06,1.00000000e+00,noise,0,PASS,7.53993455e-07,5.32954810e-06,21,0,15
NTdiff_solver,0,1.19668698,0.01,1e-05,scan_ad,1,Core,Sigma_s,Sigma_s_g2,2.07039323e-02,0,2.07039324e-04,1.37097006e+01,1.37096996e+01,1.37099848e+01,9.53674316e-07,6.95620091e-08,2.84194946e-04,2.07290490e-05,pass,1,PASS,7.53993455e-07,5.32954810e-06,21,0,15
NTdiff_solver,0,1.19668698,0.01,1e-05,scan_ad,1,Core,Sigma_s,Sigma_s_g3,5.76569233e-04,0,9.99999975e-06,-1.46486413e+00,-1.46486437e+00,-1.46536875e+00,2.38418579e-07,1.62758125e-07,5.04612923e-04,3.44359004e-04,pass,1,PASS,7.53993455e-07,5.32954810e-06,21,0,15
NTdiff_solver,0,1.19668698,0.01,1e-05,scan_ad,1,Core,Sigma_s,Sigma_s_g4,6.62050426e-01,0,6.62050396e-03,-0.00000000e+00,0.00000000e+00,-4.46812874e-06,0.00000000e+00,0.00000000e+00,4.46812874e-06,1.00000000e+00,noise,0,PASS,7.53993455e-07,5.32954810e-06,21,0,15
NTdiff_solver,0,1.19668698,0.01,1e-05,scan_ad,1,Core,chi,chi_g1,1.00000000e+00,0,9.99999978e-03,1.19668710e+00,1.19668710e+00,1.19668663e+00,0.00000000e+00,0.00000000e+00,4.76837158e-07,3.98464358e-07,pass,1,PASS,7.53993455e-07,5.32954810e-06,21,0,15
NTdiff_solver,0,1.19668698,0.01,1e-05,scan_ad,1,Core,chi,chi_g2,0.00000000e+00,1,0.00000000e+00,1.76787102e+00,1.76787066e+00,0.00000000e+00,3.57627869e-07,2.02292964e-07,1.76787102e+00,1.00000000e+00,skipped_masked_or_zero,0,PASS,7.53993455e-07,5.32954810e-06,21,0,15
NTdiff_solver,0,1.19668698,0.01,1e-05,scan_ad,2,Moderator,D,D_g1,8.30139220e-01,0,8.30139220e-03,-3.11266556e-02,-3.11266519e-02,-3.11258566e-02,3.72529030e-09,1.19681675e-07,7.99074769e-07,2.56717194e-05,pass,1,PASS,7.53993455e-07,5.32954810e-06,21,0,15
NTdiff_solver,0,1.19668698,0.01,1e-05,scan_ad,2,Moderator,D,D_g2,2.57447511e-01,0,2.57447502e-03,1.92060657e-02,1.92060322e-02,1.92091279e-02,3.35276127e-08,1.74567833e-06,3.06218863e-06,1.59413204e-04,pass,1,PASS,7.53993455e-07,5.32954810e-06,21,0,15
NTdiff_solver,0,1.19668698,0.01,1e-05,scan_ad,2,Moderator,Sigma_a,Sigma_a_g1,5.50202152e-04,0,9.99999975e-06,-6.18901432e-01,-6.18901491e-01,-6.19769692e-01,5.96046448e-08,9.63071597e-08,8.68260860e-04,1.40094114e-03,pass,1,PASS,7.53993455e-07,5.32954810e-06,21,0,15
NTdiff_solver,0,1.19668698,0.01,1e-05,scan_ad,2,Moderator,Sigma_a,Sigma_a_g2,1.90343112e-02,0,1.90343111e-04,-7.10854411e-01,-7.10854411e-01,-7.10814416e-01,0.00000000e+00,0.00000000e+00,3.99947166e-05,5.62628803e-05,pass,1,PASS,7.53993455e-07,5.32954810e-06,21,0,15
NTdiff_solver,0,1.19668698,0.01,1e-05,scan_ad,2,Moderator,nuSigma_f,nuSigma_f_g1,0.00000000e+00,1,0.00000000e+00,-0.00000000e+00,0.00000000e+00,0.00000000e+00,0.00000000e+00,0.00000000e+00,0.00000000e+00,0.00000000e+00,skipped_masked_or_zero,0,PASS,7.53993455e-07,5.32954810e-06,21,0,15
NTdiff_solver,0,1.19668698,0.01,1e-05,scan_ad,2,Moderator,nuSigma_f,nuSigma_f_g2,0.00000000e+00,1,0.00000000e+00,-0.00000000e+00,0.00000000e+00,0.00000000e+00,0.00000000e+00,0.00000000e+00,0.00000000e+00,0.00000000e+00,skipped_masked_or_zero,0,PASS,7.53993455e-07,5.32954810e-06,21,0,15
NTdiff_solver,0,1.19668698,0.01,1e-05,scan_ad,2,Moderator,Sigma_s,Sigma_s_g1,3.44588071e-01,0,3.44588072e-03,-0.00000000e+00,0.00000000e+00,5.86614533e-07,0.00000000e+00,0.00000000e+00,5.86614533e-07,1.00000000e+00,noise,0,PASS,7.53993455e-07,5.32954810e-06,21,0,15
NTdiff_solver,0,1.19668698,0.01,1e-05,scan_ad,2,Moderator,Sigma_s,Sigma_s_g2,5.64268194e-02,0,5.64268208e-04,-1.01662464e-02,-1.01662427e-02,-1.01904077e-02,3.72529030e-09,3.66437143e-07,2.41613016e-05,2.37098477e-03,pass,1,PASS,7.53993455e-07,5.32954810e-06,21,0,15
NTdiff_solver,0,1.19668698,0.01,1e-05,scan_ad,2,Moderator,Sigma_s,Sigma_s_g3,7.94887455e-05,0,9.99999975e-06,1.12941802e-01,1.12941787e-01,1.12240009e-01,1.49011612e-08,1.31936635e-07,7.01792538e-04,6.21375371e-03,pass,1,PASS,7.53993455e-07,5.32954810e-06,21,0,15
NTdiff_solver,0,1.19668698,0.01,1e-05,scan_ad,2,Moderator,Sigma_s,Sigma_s_g4,1.27607858e+00,0,1.27607854e-02,-0.00000000e+00,0.00000000e+00,1.20275365e-06,0.00000000e+00,0.00000000e+00,1.20275365e-06,1.00000000e+00,noise,0,PASS,7.53993455e-07,5.32954810e-06,21,0,15
NTdiff_solver,0,1.19668698,0.01,1e-05,scan_ad,2,Moderator,chi,chi_g1,0.00000000e+00,1,0.00000000e+00,-0.00000000e+00,0.00000000e+00,0.00000000e+00,0.00000000e+00,0.00000000e+00,0.00000000e+00,0.00000000e+00,skipped_masked_or_zero,0,PASS,7.53993455e-07,5.32954810e-06,21,0,15
NTdiff_solver,0,1.19668698,0.01,1e-05,scan_ad,2,Moderator,chi,chi_g2,0.00000000e+00,1,0.00000000e+00,-0.00000000e+00,0.00000000e+00,0.00000000e+00,0.00000000e+00,0.00000000e+00,0.00000000e+00,0.00000000e+00,skipped_masked_or_zero,0,PASS,7.53993455e-07,5.32954810e-06,21,0,15
