epoch,train_mse_k,train_mae_k,train_mean_pcm,train_median_pcm,train_p95_pcm,train_std_pcm,train_frac_below_650,train_frac_below_100,val_mse_k,val_mae_k,val_mean_pcm,val_median_pcm,val_p95_pcm,val_std_pcm,val_frac_below_650,val_frac_below_100
1,0.0021741506725194526,0.03529608190059662,3496.3219987090783,2557.180642100441,10307.405401676391,3618.3771872278885,0.14,0.015,0.0006724574284264051,0.02148099720478058,2106.1897751181423,1947.3898656023002,4340.69382746214,1510.5799987370506,0.19,0.03
2,0.000999614769334123,0.025074230432510378,2498.8423016051092,1858.654001968453,6993.185858755028,2362.016613984283,0.18,0.02,0.0013102367141996395,0.03030528724193573,2916.0139477161392,2425.1876005956346,7357.175405645399,2054.870272819487,0.08,0.0
3,0.0007120972139905924,0.021660247743129732,2102.0814204109065,1738.7535348986025,5309.00312124107,1634.9532487479212,0.19,0.015,0.0006519748952708327,0.019863789677619936,2056.7396622556967,1608.3368162254721,4361.850285914019,2057.737452467488,0.24,0.09
4,0.0004621959250274621,0.01705728441476822,1705.6931224596005,1289.1924591090867,4067.198014471831,1580.9328812706915,0.225,0.055,0.0005126656249297667,0.01878085494041443,1828.3263460695173,1549.8710701097923,4058.7449791964405,1426.2923058630834,0.18,0.03
5,0.0003159703954333004,0.014148821532726287,1364.410028200822,1079.7004232433264,3411.7623452672387,1117.4915356215038,0.32,0.03,0.00031216780375423523,0.01349414348602295,1388.5615011236305,997.4235629928446,3268.376636739116,1611.7339107273158,0.32,0.01
6,0.00022776593561285807,0.011836031079292297,1170.9289079443727,897.5530923127055,2953.530139909857,1059.064198169024,0.405,0.055,0.00030941839824439655,0.014803746342658996,1470.2418328528179,1231.761632880458,3568.72294924524,1142.6095727663574,0.24,0.0
7,0.00019262622293522824,0.011275557577610016,1099.8025448979463,948.2257415973486,2864.9110431800855,884.6841102438517,0.38,0.08,0.00017517727591261688,0.009719184637069701,1036.999288069651,656.4346813533714,3125.3881658604455,1296.3653587972256,0.5,0.04
8,0.00014831888465288045,0.009613474011421203,934.0358273623752,724.7227465722614,2213.685449187128,808.6356872046048,0.445,0.055,0.00018647218368592178,0.010478307008743287,1076.736936951241,715.0939261706189,2888.378065599163,1188.6312901241274,0.44,0.07
9,0.00011386256791359628,0.008740921914577484,836.7648419705871,710.62667728573,2042.9913902289898,623.6020400458655,0.46,0.055,0.00016721630887133186,0.009534915685653686,1032.8724865807014,761.8461574588339,3130.466022815368,1269.855581023423,0.46,0.07
10,9.534184693464453e-05,0.0076566004753112794,749.5859406894031,599.8252541943957,2096.6511200853056,642.412455658756,0.545,0.105,0.0001520242193296184,0.009076405763626099,961.3641191313047,698.2845328401954,2965.7200879409534,1185.9030762722514,0.48,0.11
11,6.858541759781289e-05,0.006384684145450592,639.5798077558297,494.03368458223946,1937.2533314466245,584.3811072091554,0.62,0.15,0.00014876380726377647,0.008492701053619385,925.580126602497,565.8999520744212,2953.1560313221953,1267.22226253458,0.55,0.16
12,6.525280386219024e-05,0.0064154544472694395,622.9870779641518,470.5495769005596,1602.3413074946684,510.0067787341998,0.65,0.085,0.00015596732519846057,0.008956824541091918,953.6874497003726,575.443301066374,3877.0689229202712,1164.3559382423894,0.54,0.12
13,7.708861541599887e-05,0.006766089498996735,657.0171536776721,455.3432698664793,1826.6055127683053,571.9539462961666,0.605,0.115,0.00014757078191532713,0.00826487958431244,910.9748490110312,529.3589526487267,2516.1421599451064,1335.7609850266897,0.6,0.07
14,5.5422056732439275e-05,0.005599983334541321,561.1570288179428,409.26067172827663,1754.0310873416784,532.2128354368728,0.675,0.13,0.00014241249422010328,0.007978474497795105,870.8990063180898,425.0907836547798,3583.801797903369,1215.4331937980007,0.61,0.14
15,4.1556418219919064e-05,0.005002155900001526,490.7158577464532,366.7120387573405,1437.4200148361974,425.8926537838232,0.735,0.17,0.00013461738816761937,0.008303733468055725,906.6095318135452,583.5689534926219,2784.847565211184,1183.8567326591174,0.54,0.1
16,3.73322695588918e-05,0.004685246646404267,467.6680589799541,360.06065497594705,1321.2841898778724,423.6309944975926,0.755,0.2,0.0001281313392824046,0.0077221071720123295,856.7995265524796,477.96830544205636,2696.0752323825063,1219.2582193274063,0.62,0.12
17,2.894762694630515e-05,0.004194386005401611,410.94598907325394,304.632802966683,1183.0686577708584,357.70760104749746,0.78,0.165,0.0001289081118975588,0.007711786031723023,852.9534502002515,487.6667519395555,2912.8038595579173,1198.37995669062,0.64,0.12
18,2.7898082451649488e-05,0.004085251092910767,404.60555939069314,281.83047353683685,1177.269292811044,360.1009291602031,0.8,0.17,0.00014006421231353982,0.008200530409812928,897.5221865468134,497.4185123929957,3250.6786155988393,1206.4002767293468,0.61,0.09
19,2.4049640391723414e-05,0.0038567900657653807,380.17460483775284,289.79788381302274,1102.1949365774894,327.83541292104013,0.825,0.19,0.00014110422470761108,0.007900635600090028,878.1618121672165,458.5347421835362,3444.3683154865503,1262.1611205523054,0.64,0.15
20,2.2776548529073183e-05,0.0036786282062530517,362.0925113987655,259.2185392719157,1078.8340114765604,326.0820925547103,0.825,0.2,0.00013147161789827777,0.007976759076118469,882.3365320456172,468.99851786861586,3250.672520308846,1215.0099318339376,0.58,0.11
21,2.169160528534775e-05,0.003575422167778015,353.7451221612324,266.00186613614466,1013.6614901931794,316.08976737498614,0.84,0.22,0.00013288134584431787,0.008004767298698425,879.5831289070004,476.90349908775636,3303.63153904741,1185.3736217412263,0.6,0.14
22,2.174047983496408e-05,0.003568849265575409,347.3873898102579,250.915066459665,1079.5019903727828,319.12126674518294,0.845,0.19,0.00014298139240413122,0.00818718135356903,905.3259347672123,474.9764768313629,2903.562425160629,1249.4944089633057,0.59,0.19
23,2.0318858463159728e-05,0.0034856626391410826,340.6595597580313,247.5876450304782,901.0177589270439,298.09375175390767,0.84,0.24,0.0001412578101165707,0.008629356622695922,936.7510495391718,657.5280112940183,3023.953865828111,1178.4740939569763,0.5,0.08
24,1.9678844008943485e-05,0.003492820858955383,333.78722571227087,269.3234932644797,916.4428378924147,280.4313753953072,0.875,0.18,0.0001361031437241067,0.00803235113620758,885.6123009690807,472.840370430028,3318.837419511042,1202.8314943506418,0.6,0.12
25,1.7105509677701746e-05,0.003257236182689667,317.9353376519001,237.67325844432554,909.6763464388932,269.47195791034443,0.88,0.175,0.0001397535167368602,0.008307065963745117,904.5303547152985,560.4137620758091,3113.0037906305615,1174.5260099091477,0.58,0.17
26,1.4816319447028547e-05,0.0030082392692565916,291.72840241514496,214.9344250566677,777.3767849082408,250.26132877584965,0.9,0.24,0.00012915996699017996,0.00792078197002411,878.8625963403897,473.2433401891127,3082.3699791045997,1182.8991752997156,0.62,0.09
27,1.3414644550096e-05,0.002752503752708435,270.51020308636026,190.21351497686294,775.3860937403182,256.29037109557595,0.905,0.29,0.0001362467481493823,0.008059396147727967,891.3680840901959,434.66880228986025,3301.282427891059,1207.8219113232685,0.59,0.14
28,1.4538471032192746e-05,0.0029770979285240174,291.63888701135926,222.84883855132398,848.5533909113102,252.40606823426234,0.9,0.215,0.0001342484519827636,0.008057035803794861,887.9109835447613,476.0381058080384,3341.3000518290505,1177.414026475514,0.62,0.12
29,1.312121176360037e-05,0.002823081314563751,273.1263486978757,198.17215298439766,761.0228531916026,238.34198111882864,0.905,0.27,0.00013301005342025718,0.008000335097312928,885.3623484545009,503.1989985728386,3394.6096272671407,1189.300086833793,0.62,0.1
30,1.1975390519367579e-05,0.0026325690746307373,259.28619143658506,203.14020603696028,793.5936148417145,236.94241493039328,0.93,0.3,0.000139609964333971,0.008233669996261597,908.0313622891875,499.957018264387,3391.6542615500275,1210.8877725966072,0.61,0.14
31,9.872588698645047e-06,0.002394900619983673,233.37184387157632,165.3504709370212,696.5881947602433,216.06857020096487,0.935,0.325,0.00013370157524139614,0.008103695511817933,893.259672029631,520.3311984359932,3407.251954298521,1178.8963112801744,0.59,0.09
32,9.234083005242865e-06,0.0023211643099784853,228.37743132842672,159.18415431211804,675.6202622518774,206.88646097119567,0.935,0.34,0.00013774999898316764,0.008094227313995362,894.247815976603,489.5602364765059,3377.7386234670184,1203.1003765896799,0.59,0.13
33,8.464039159949977e-06,0.0022489002346992495,219.25870437064944,160.5716647216206,647.4980912301535,193.07343455504525,0.955,0.305,0.00013613763064750372,0.00815438449382782,898.6784844924377,518.9976120134602,3197.939890174705,1194.6299196492048,0.63,0.1
34,7.896045390154428e-06,0.0020943814516067505,205.39412093696293,131.61594273458127,666.2442222297273,203.37160564770107,0.945,0.37,0.00013957618956272455,0.008202260136604309,901.1605863877944,505.7500090952691,3606.1768132417487,1194.568944405519,0.56,0.14
35,8.327510769845503e-06,0.0021333551406860353,210.2711064347258,151.4767573729863,660.7511370211565,202.56711989646777,0.945,0.39,0.0001391747940241217,0.008318653702735901,914.6746006872637,527.1351967071166,3100.3408669875125,1199.9101939661846,0.59,0.11
36,7.280696212799142e-06,0.002026161849498749,199.33430664180898,150.1363180725769,603.3761639489528,188.75474681649095,0.95,0.37,0.00014158945254880707,0.008276612162590027,909.2064533487079,538.6815194507233,3370.050709005632,1207.6433334453159,0.55,0.12
37,7.060207102682625e-06,0.00199150025844574,192.40321781273218,138.83314556438813,556.8241464247186,181.57297795283023,0.96,0.4,0.00013818786459747655,0.008192611336708068,902.0335976771009,523.822306958593,3266.8596137419013,1198.428156484631,0.6,0.12
38,6.379545933192787e-06,0.0018415170907974242,179.73673026668,125.37950600584738,554.7398813227902,180.85645519036908,0.975,0.425,0.00013830653161722495,0.008105958104133606,894.7340257819612,518.0128349274006,3265.187573663055,1211.4880051508762,0.62,0.15
39,6.382473248045528e-06,0.0018784093856811523,182.27017366022525,121.73512300608104,594.1037262523168,177.84351614409326,0.975,0.445,0.00014013145804579353,0.008125981688499451,897.0579413118128,514.2567614390455,3283.928716243377,1219.497978882374,0.58,0.19
40,6.412712781536101e-06,0.001888308823108673,186.38117389149048,132.91899242953622,561.3728985432255,178.60963033485098,0.975,0.415,0.00013996759694332895,0.008158411383628845,900.7038611107184,499.91653764980833,3158.678366834254,1221.5628095407424,0.6,0.14
41,5.499445969672223e-06,0.001705319583415985,166.52216270692202,108.95637202916208,538.4653689492415,169.32268748286975,0.98,0.465,0.00013928556240301758,0.008262646198272706,906.9621312512357,514.9692646299011,3187.809695995923,1191.0337175196125,0.6,0.1
42,5.387261716407466e-06,0.0017169225215911865,167.72270246149634,102.11861051468226,517.9780526706014,164.94705540325646,0.975,0.49,0.00013939863576155177,0.008251361846923828,909.2596866962106,544.6729700511743,3373.96407830029,1202.5111767090668,0.57,0.13
43,5.20931403654501e-06,0.0016598322987556458,163.54827735774165,103.6758352689975,489.0414159853558,164.32193143604948,0.98,0.49,0.00014155066542997474,0.008252891302108765,911.6435105802984,525.1870041102336,3247.102263091087,1226.4887528344677,0.58,0.12
44,4.799246484132879e-06,0.001596185564994812,157.27790190458967,105.01220247434208,496.42406864591607,159.64756250033895,0.98,0.49,0.00014145009531443264,0.00824969470500946,910.3992008449195,483.4325107802759,3227.049108743253,1221.9246349097104,0.59,0.13
45,4.829913647252937e-06,0.0016282615065574646,159.54245111024886,101.14786920047737,468.7077445669278,155.83462624286403,0.985,0.5,0.00014072929510369647,0.008246235847473145,909.6615082014936,502.84764412694824,3293.5284576820272,1213.554724212476,0.6,0.14
46,4.618011350263629e-06,0.001551666557788849,153.02498286752868,106.63070703110597,480.7409061272681,156.36409508910532,0.985,0.485,0.0001413582845096073,0.008278181552886963,911.7080145380029,518.5515694872313,3282.6718964635616,1210.2187139818172,0.58,0.12
47,4.362717535570937e-06,0.0015124160051345826,148.53119602579486,93.46054767501178,480.45701338686695,153.23702037322374,0.99,0.53,0.00014023585648686776,0.00827049970626831,911.3528673380025,493.94774996269814,3262.50942259285,1210.4913505441311,0.59,0.11
48,4.336693892170729e-06,0.0015205782651901245,149.1096213732928,91.29593910840966,473.9237253752354,151.85997149371929,0.985,0.55,0.00014099536547998781,0.008255342841148377,909.9181728813226,512.5985416243157,3268.880389041392,1214.7889541526704,0.59,0.12
49,4.213770009009466e-06,0.001485716700553894,145.8895362447036,86.24748815222038,480.6359955149758,150.79100105922583,0.985,0.53,0.00014019032597889947,0.008241152167320251,908.5367704878769,504.2642554559908,3268.514572782775,1211.4271133875268,0.6,0.13
50,4.114604931544363e-06,0.0014657503366470336,144.01438408897064,84.39143556276831,475.6915282478529,149.60985013652044,0.985,0.535,0.00014042511729343233,0.008238946199417113,907.9250029576182,502.6033219533156,3251.769678875101,1211.1678987073267,0.6,0.13
51,4.021485760787868e-06,0.0014454180002212525,142.49268115130758,85.38818017282824,482.13385234723995,148.66831816001968,0.99,0.555,0.00014096983656990857,0.008239601850509643,907.7641348369856,523.0066440893495,3284.462205954045,1211.427453155637,0.6,0.12
52,4.041042028859465e-06,0.0014592629671096801,143.68697688498844,91.34662053808918,476.86614126631633,147.69130350553445,0.99,0.535,0.00014041866475526633,0.008222593665122986,906.719496774861,492.6933972137132,3261.711023502446,1213.3905415903128,0.61,0.13
53,4.023947621618617e-06,0.0014545732736587524,142.6639606983191,85.39708203329195,456.47590021763637,147.8260343775214,0.99,0.555,0.00014021775088519207,0.008245654702186585,908.6299580095915,510.894646489514,3189.0196418189566,1211.3851692403537,0.59,0.13
54,3.992558241510125e-06,0.0014458701014518737,142.19793618372702,87.23147796346377,442.80045404112093,147.96257014120866,0.995,0.56,0.0001407262026268441,0.008232621550559998,907.9368179391173,502.83573614954696,3235.044065227251,1215.1787137582467,0.61,0.12
55,3.891379345439816e-06,0.0014224839210510254,140.03828363024442,88.0380377861235,446.9106166905583,146.28573785024264,0.995,0.53,0.00014082472911542966,0.008227900862693786,907.3438603315321,498.92363975482334,3260.893977541917,1214.225527051255,0.61,0.13
56,3.851733897484166e-06,0.0014141237735748292,139.2743420167961,88.83708282540427,464.93147239146333,145.76953892963206,0.995,0.55,0.00014082536345707552,0.00823187530040741,907.3474074193496,501.25395147031963,3259.549269317648,1212.2636363213298,0.61,0.13
57,3.847525826792264e-06,0.001417509913444519,139.75628791663715,90.91789541217729,467.7837490257297,145.11138676642366,0.995,0.56,0.00014108197972287684,0.008235370516777038,907.6183044167219,510.27432673513783,3267.7700410670022,1212.7126211656416,0.62,0.13
58,3.81909840378114e-06,0.0014100968837738037,139.0698014464388,88.4141950097621,468.2076992221476,144.67755996977024,0.995,0.55,0.00014090010294022902,0.008234434723854066,907.6406953680821,504.33509542778194,3261.19304769723,1212.921280649589,0.61,0.13
59,3.8001781831020766e-06,0.0014046046137809753,138.45728405719225,88.43791995704098,459.93949513240733,144.6961572560838,0.995,0.565,0.00014079792199495956,0.00823169708251953,907.5179386822903,500.6788353452745,3258.1930978326523,1213.4288478153533,0.61,0.13
60,3.7896669416603856e-06,0.0014023181796073913,138.1068233531522,86.76828416599137,452.75001968063043,144.50260217131685,0.995,0.565,0.00014069487030781146,0.008233262300491333,907.570244191066,498.43487433067787,3251.4450735243236,1212.5709270421876,0.61,0.13
61,3.7870912402837574e-06,0.0014030778408050538,138.11834857245645,87.00318350521101,453.4267834610767,144.43676475370256,0.995,0.555,0.00014071755533908714,0.008239094614982605,908.0427745780024,501.0852993675293,3243.1520225477516,1212.1790624587916,0.61,0.13
62,3.773183781028422e-06,0.0014021176099777222,138.07579671508807,86.17715186921795,455.0228444244616,144.0409586437448,0.995,0.545,0.0001409377306588766,0.008245639801025391,908.4472788117248,500.59587022255187,3243.052607553538,1211.5989023224126,0.61,0.13
63,3.774986045268491e-06,0.00140185683965683,138.0976399086771,88.02479303942013,464.65261515322345,144.14138659683024,0.995,0.555,0.00014091957661754861,0.008247332572937012,908.538261976346,501.12797612038366,3241.6371176270504,1211.1171019733074,0.61,0.13
64,3.7781971331085627e-06,0.0014024466276168824,138.15224320577764,87.47102450561292,464.01404387817314,144.23865894240902,0.995,0.545,0.00014089972831406782,0.008247356414794921,908.566915711414,501.173492487644,3239.1036955157574,1211.369822015416,0.61,0.13
65,3.765761771763465e-06,0.0013977184891700745,137.63590493633382,87.27196006087223,459.0818439854563,144.2676790653241,0.995,0.54,0.00014092938717535474,0.008242351412773132,908.1923298442495,500.0265849099334,3243.1847766974915,1212.2486559667639,0.6,0.14
66,3.765494113370238e-06,0.0013961169123649598,137.43028337645262,85.17964546057733,454.8916079677696,144.2294659836674,0.995,0.55,0.00014088140742085642,0.00823746144771576,907.8817835317781,496.81214960583367,3251.00998883345,1213.1200092525498,0.61,0.13
67,3.7407825453961153e-06,0.0013899919390678406,136.80882192634425,84.95057931305632,448.68799515796894,143.79276490240284,0.995,0.56,0.00014105349543537925,0.00823509156703949,907.7497396206841,497.27061051932196,3255.2404581658807,1214.3519054817473,0.6,0.13
68,3.737436117337012e-06,0.0013868197798728942,136.52522752612603,84.2846493131209,448.0577225029447,143.93795715249038,0.995,0.555,0.00014112089932652338,0.008235962390899658,907.8496032572397,496.2640949062391,3257.129960612736,1214.665026736026,0.6,0.13
69,3.7259527893773737e-06,0.0013850906491279602,136.348504353615,86.3782242348214,447.14921144016114,143.66681949148733,0.995,0.555,0.0001412284445011025,0.008240155577659607,908.2172606963137,499.4789560804272,3248.380369732141,1215.059413604613,0.6,0.13
70,3.7246343669750105e-06,0.0013832271099090577,136.13276220777863,86.6749344253673,446.0852892489812,143.86049468116124,0.995,0.57,0.00014121774688451437,0.008243979811668396,908.5886125401286,502.6147619938484,3237.100046382441,1215.1639402110018,0.6,0.13
