epoch_tag,parameter,dataset,bin,lo,hi,mean_error_in_bin,n_in_bin
epoch0,r0_b4c_rod_outer_radius,train,0,1.0043671131134033,1.6287950575351715,5686.290763052209,249
epoch0,r0_b4c_rod_outer_radius,train,1,1.6287950575351715,2.2532230019569397,5478.539599236643,262
epoch0,r0_b4c_rod_outer_radius,train,2,2.2532230019569397,2.877650946378708,5688.373333333334,270
epoch0,r0_b4c_rod_outer_radius,train,3,2.877650946378708,3.502078890800476,5888.948122866896,293
epoch0,r0_b4c_rod_outer_radius,train,4,3.502078890800476,4.126506835222244,4966.53359073359,259
epoch0,r0_b4c_rod_outer_radius,train,5,4.126506835222244,4.7509347796440125,5670.928816425119,276
epoch0,r0_b4c_rod_outer_radius,train,6,4.7509347796440125,5.375362724065781,5533.506227106228,273
epoch0,r0_b4c_rod_outer_radius,train,7,5.375362724065781,5.999790668487549,4901.440898345153,282
epoch0,r0_b4c_rod_outer_radius,val,0,1.0043671131134033,1.6287950575351715,5890.509914529915,195
epoch0,r0_b4c_rod_outer_radius,val,1,1.6287950575351715,2.2532230019569397,5558.574422442246,202
epoch0,r0_b4c_rod_outer_radius,val,2,2.2532230019569397,2.877650946378708,5701.074587458746,202
epoch0,r0_b4c_rod_outer_radius,val,3,2.877650946378708,3.502078890800476,6097.226041666668,224
epoch0,r0_b4c_rod_outer_radius,val,4,3.502078890800476,4.126506835222244,4975.345571658616,207
epoch0,r0_b4c_rod_outer_radius,val,5,4.126506835222244,4.7509347796440125,5795.072766323025,194
epoch0,r0_b4c_rod_outer_radius,val,6,4.7509347796440125,5.375362724065781,5677.413366336634,202
epoch0,r0_b4c_rod_outer_radius,val,7,5.375362724065781,5.999790668487549,4860.869444444444,216
epoch0,r0_b4c_rod_outer_radius,test,0,1.0043671131134033,1.6287950575351715,5396.045843760173,30
epoch0,r0_b4c_rod_outer_radius,test,1,1.6287950575351715,2.2532230019569397,5171.5763715597295,26
epoch0,r0_b4c_rod_outer_radius,test,2,2.2532230019569397,2.877650946378708,5975.272780970523,38
epoch0,r0_b4c_rod_outer_radius,test,3,2.877650946378708,3.502078890800476,6176.284112428364,38
epoch0,r0_b4c_rod_outer_radius,test,4,3.502078890800476,4.126506835222244,5296.76453739989,51
epoch0,r0_b4c_rod_outer_radius,test,5,4.126506835222244,4.7509347796440125,5446.809391642726,43
epoch0,r0_b4c_rod_outer_radius,test,6,4.7509347796440125,5.375362724065781,5581.748027067918,39
epoch0,r0_b4c_rod_outer_radius,test,7,5.375362724065781,5.999790668487549,4817.536047526768,35
epoch0,r0_b4c_rod_cr_fraction,train,0,0.0005024683778174222,0.12542698639299488,5217.253111111111,285
epoch0,r0_b4c_rod_cr_fraction,train,1,0.12542698639299488,0.25035150440817233,5652.987966305657,277
epoch0,r0_b4c_rod_cr_fraction,train,2,0.25035150440817233,0.3752760224233498,5459.897674418605,258
epoch0,r0_b4c_rod_cr_fraction,train,3,0.3752760224233498,0.5002005404385272,5451.263618677044,257
epoch0,r0_b4c_rod_cr_fraction,train,4,0.5002005404385272,0.6251250584537047,5544.175482625484,259
epoch0,r0_b4c_rod_cr_fraction,train,5,0.6251250584537047,0.7500495764688822,5544.096133093524,278
epoch0,r0_b4c_rod_cr_fraction,train,6,0.7500495764688822,0.8749740944840596,5478.254499366288,263
epoch0,r0_b4c_rod_cr_fraction,train,7,0.8749740944840596,0.9998986124992371,5493.1853658536575,287
epoch0,r0_b4c_rod_cr_fraction,val,0,0.0005024683778174222,0.12542698639299488,5230.503189792664,209
epoch0,r0_b4c_rod_cr_fraction,val,1,0.12542698639299488,0.25035150440817233,5758.130733944954,218
epoch0,r0_b4c_rod_cr_fraction,val,2,0.25035150440817233,0.3752760224233498,5592.010243055556,192
epoch0,r0_b4c_rod_cr_fraction,val,3,0.3752760224233498,0.5002005404385272,5539.8504145937,201
epoch0,r0_b4c_rod_cr_fraction,val,4,0.5002005404385272,0.6251250584537047,5665.0226600985225,203
epoch0,r0_b4c_rod_cr_fraction,val,5,0.6251250584537047,0.7500495764688822,5538.06803542673,207
epoch0,r0_b4c_rod_cr_fraction,val,6,0.7500495764688822,0.8749740944840596,5606.17545605307,201
epoch0,r0_b4c_rod_cr_fraction,val,7,0.8749740944840596,0.9998986124992371,5596.96018957346,211
epoch0,r0_b4c_rod_cr_fraction,test,0,0.0005024683778174222,0.12542698639299488,5236.323033609698,31
epoch0,r0_b4c_rod_cr_fraction,test,1,0.12542698639299488,0.25035150440817233,5840.1073958422685,37
epoch0,r0_b4c_rod_cr_fraction,test,2,0.25035150440817233,0.3752760224233498,5704.771420534919,34
epoch0,r0_b4c_rod_cr_fraction,test,3,0.3752760224233498,0.5002005404385272,5670.997415270124,35
epoch0,r0_b4c_rod_cr_fraction,test,4,0.5002005404385272,0.6251250584537047,5559.414947355116,37
epoch0,r0_b4c_rod_cr_fraction,test,5,0.6251250584537047,0.7500495764688822,5402.899616294437,36
epoch0,r0_b4c_rod_cr_fraction,test,6,0.7500495764688822,0.8749740944840596,5217.877870950943,39
epoch0,r0_b4c_rod_cr_fraction,test,7,0.8749740944840596,0.9998986124992371,5376.355905158847,51
epoch0,r1_fuel_annulus_outer_radius,train,0,10.107303619384766,14.458406925201416,7998.853307392996,257
epoch0,r1_fuel_annulus_outer_radius,train,1,14.458406925201416,18.809510231018066,6738.471431159422,460
epoch0,r1_fuel_annulus_outer_radius,train,2,18.809510231018066,23.160613536834717,5634.864736842106,475
epoch0,r1_fuel_annulus_outer_radius,train,3,23.160613536834717,27.511716842651367,4863.548034188035,390
epoch0,r1_fuel_annulus_outer_radius,train,4,27.511716842651367,31.862820148468018,4260.11780141844,235
epoch0,r1_fuel_annulus_outer_radius,train,5,31.862820148468018,36.21392345428467,3545.847239583333,192
epoch0,r1_fuel_annulus_outer_radius,train,6,36.21392345428467,40.56502676010132,3003.4024000000004,125
epoch0,r1_fuel_annulus_outer_radius,train,7,40.56502676010132,44.91613006591797,2361.538888888888,30
epoch0,r1_fuel_annulus_outer_radius,val,0,10.107303619384766,14.458406925201416,8074.574091627173,211
epoch0,r1_fuel_annulus_outer_radius,val,1,14.458406925201416,18.809510231018066,6719.187988826817,358
epoch0,r1_fuel_annulus_outer_radius,val,2,18.809510231018066,23.160613536834717,5709.812777777778,360
epoch0,r1_fuel_annulus_outer_radius,val,3,23.160613536834717,27.511716842651367,4870.33441043084,294
epoch0,r1_fuel_annulus_outer_radius,val,4,27.511716842651367,31.862820148468018,4261.583238095238,175
epoch0,r1_fuel_annulus_outer_radius,val,5,31.862820148468018,36.21392345428467,3549.0957671957667,126
epoch0,r1_fuel_annulus_outer_radius,val,6,36.21392345428467,40.56502676010132,3012.4384057971006,92
epoch0,r1_fuel_annulus_outer_radius,val,7,40.56502676010132,44.91613006591797,2810.7807692307692,26
epoch0,r1_fuel_annulus_outer_radius,test,0,10.107303619384766,14.458406925201416,7985.034987733171,37
epoch0,r1_fuel_annulus_outer_radius,test,1,14.458406925201416,18.809510231018066,6471.379566937685,64
epoch0,r1_fuel_annulus_outer_radius,test,2,18.809510231018066,23.160613536834717,5613.402896008249,59
epoch0,r1_fuel_annulus_outer_radius,test,3,23.160613536834717,27.511716842651367,5129.600980065085,55
epoch0,r1_fuel_annulus_outer_radius,test,4,27.511716842651367,31.862820148468018,4206.151840014335,39
epoch0,r1_fuel_annulus_outer_radius,test,5,31.862820148468018,36.21392345428467,4121.180285107006,22
epoch0,r1_fuel_annulus_outer_radius,test,6,36.21392345428467,40.56502676010132,3198.3984841240776,18
epoch0,r1_fuel_annulus_outer_radius,test,7,40.56502676010132,44.91613006591797,2256.7967573801675,6
epoch0,r1_fuel_annulus_enrichment,train,0,1.0134514570236206,2.135743632912636,4971.728536585366,205
epoch0,r1_fuel_annulus_enrichment,train,1,2.135743632912636,3.258035808801651,4616.0039138082675,379
epoch0,r1_fuel_annulus_enrichment,train,2,3.258035808801651,4.380327984690666,5072.198143115943,368
epoch0,r1_fuel_annulus_enrichment,train,3,4.380327984690666,5.502620160579681,5459.159839080458,290
epoch0,r1_fuel_annulus_enrichment,train,4,5.502620160579681,6.624912336468697,5897.407995079951,271
epoch0,r1_fuel_annulus_enrichment,train,5,6.624912336468697,7.747204512357712,6279.008235294118,255
epoch0,r1_fuel_annulus_enrichment,train,6,7.747204512357712,8.869496688246727,6119.376911314984,218
epoch0,r1_fuel_annulus_enrichment,train,7,8.869496688246727,9.991788864135742,6208.901825842699,178
epoch0,r1_fuel_annulus_enrichment,val,0,1.0134514570236206,2.135743632912636,5120.7366053169735,163
epoch0,r1_fuel_annulus_enrichment,val,1,2.135743632912636,3.258035808801651,4676.799874213836,265
epoch0,r1_fuel_annulus_enrichment,val,2,3.258035808801651,4.380327984690666,5084.193896713616,284
epoch0,r1_fuel_annulus_enrichment,val,3,4.380327984690666,5.502620160579681,5525.195468509984,217
epoch0,r1_fuel_annulus_enrichment,val,4,5.502620160579681,6.624912336468697,5879.614659685863,191
epoch0,r1_fuel_annulus_enrichment,val,5,6.624912336468697,7.747204512357712,6413.287128712871,202
epoch0,r1_fuel_annulus_enrichment,val,6,7.747204512357712,8.869496688246727,6215.460240963855,166
epoch0,r1_fuel_annulus_enrichment,val,7,8.869496688246727,9.991788864135742,6315.816883116885,154
epoch0,r1_fuel_annulus_enrichment,test,0,1.0134514570236206,2.135743632912636,4910.068400204182,32
epoch0,r1_fuel_annulus_enrichment,test,1,2.135743632912636,3.258035808801651,4868.933916091919,50
epoch0,r1_fuel_annulus_enrichment,test,2,3.258035808801651,4.380327984690666,5157.362129174026,51
epoch0,r1_fuel_annulus_enrichment,test,3,4.380327984690666,5.502620160579681,5673.288255929947,40
epoch0,r1_fuel_annulus_enrichment,test,4,5.502620160579681,6.624912336468697,5789.900488323636,36
epoch0,r1_fuel_annulus_enrichment,test,5,6.624912336468697,7.747204512357712,6189.069338142872,32
epoch0,r1_fuel_annulus_enrichment,test,6,7.747204512357712,8.869496688246727,5666.295219870175,34
epoch0,r1_fuel_annulus_enrichment,test,7,8.869496688246727,9.991788864135742,6363.387823104858,25
epoch0,r1_fuel_annulus_f_mod,train,0,0.40049228072166443,0.4503817670047283,4998.3632218845,329
epoch0,r1_fuel_annulus_f_mod,train,1,0.4503817670047283,0.5002712532877922,5069.2778197674415,344
epoch0,r1_fuel_annulus_f_mod,train,2,0.5002712532877922,0.5501607395708561,5291.405211912944,291
epoch0,r1_fuel_annulus_f_mod,train,3,0.5501607395708561,0.60005022585392,5588.949378531073,295
epoch0,r1_fuel_annulus_f_mod,train,4,0.60005022585392,0.6499397121369839,5743.6386111111115,270
epoch0,r1_fuel_annulus_f_mod,train,5,0.6499397121369839,0.6998291984200478,5768.272263222632,271
epoch0,r1_fuel_annulus_f_mod,train,6,0.6998291984200478,0.7497186847031116,5945.468691588786,214
epoch0,r1_fuel_annulus_f_mod,train,7,0.7497186847031116,0.7996081709861755,5958.679333333334,150
epoch0,r1_fuel_annulus_f_mod,val,0,0.40049228072166443,0.4503817670047283,5096.917573221758,239
epoch0,r1_fuel_annulus_f_mod,val,1,0.4503817670047283,0.5002712532877922,5139.564892268694,263
epoch0,r1_fuel_annulus_f_mod,val,2,0.5002712532877922,0.5501607395708561,5286.594911504426,226
epoch0,r1_fuel_annulus_f_mod,val,3,0.5501607395708561,0.60005022585392,5696.035932721711,218
epoch0,r1_fuel_annulus_f_mod,val,4,0.60005022585392,0.6499397121369839,5753.8216814159305,226
epoch0,r1_fuel_annulus_f_mod,val,5,0.6499397121369839,0.6998291984200478,5811.3877005347595,187
epoch0,r1_fuel_annulus_f_mod,val,6,0.6998291984200478,0.7497186847031116,6222.172016460906,162
epoch0,r1_fuel_annulus_f_mod,val,7,0.7497186847031116,0.7996081709861755,6102.00743801653,121
epoch0,r1_fuel_annulus_f_mod,test,0,0.40049228072166443,0.4503817670047283,4896.94242892058,46
epoch0,r1_fuel_annulus_f_mod,test,1,0.4503817670047283,0.5002712532877922,5195.452818056432,41
epoch0,r1_fuel_annulus_f_mod,test,2,0.5002712532877922,0.5501607395708561,5061.310788859491,46
epoch0,r1_fuel_annulus_f_mod,test,3,0.5501607395708561,0.60005022585392,5598.700557436262,35
epoch0,r1_fuel_annulus_f_mod,test,4,0.60005022585392,0.6499397121369839,5349.501458609976,41
epoch0,r1_fuel_annulus_f_mod,test,5,0.6499397121369839,0.6998291984200478,6044.217660313561,42
epoch0,r1_fuel_annulus_f_mod,test,6,0.6998291984200478,0.7497186847031116,6346.804672671902,31
epoch0,r1_fuel_annulus_f_mod,test,7,0.7497186847031116,0.7996081709861755,6209.215190675523,18
epoch0,r2_water_outer_radius,train,0,40.00022888183594,44.99629878997803,5462.76034241789,477
epoch0,r2_water_outer_radius,train,1,44.99629878997803,49.99236869812012,5528.869873079493,499
epoch0,r2_water_outer_radius,train,2,49.99236869812012,54.98843860626221,5453.944706572771,426
epoch0,r2_water_outer_radius,train,3,54.98843860626221,59.9845085144043,5250.683078231293,392
epoch0,r2_water_outer_radius,train,4,59.9845085144043,64.98057842254639,5704.2638297872345,94
epoch0,r2_water_outer_radius,train,5,64.98057842254639,69.97664833068848,5596.701666666666,90
epoch0,r2_water_outer_radius,train,6,69.97664833068848,74.97271823883057,5869.926000000002,100
epoch0,r2_water_outer_radius,train,7,74.97271823883057,79.96878814697266,5625.127325581396,86
epoch0,r2_water_outer_radius,val,0,40.00022888183594,44.99629878997803,5605.960821917809,365
epoch0,r2_water_outer_radius,val,1,44.99629878997803,49.99236869812012,5494.4091954023,377
epoch0,r2_water_outer_radius,val,2,49.99236869812012,54.98843860626221,5574.376417910448,335
epoch0,r2_water_outer_radius,val,3,54.98843860626221,59.9845085144043,5380.651742160279,287
epoch0,r2_water_outer_radius,val,4,59.9845085144043,64.98057842254639,5706.020895522389,67
epoch0,r2_water_outer_radius,val,5,64.98057842254639,69.97664833068848,5662.3855072463775,69
epoch0,r2_water_outer_radius,val,6,69.97664833068848,74.97271823883057,5820.587012987014,77
epoch0,r2_water_outer_radius,val,7,74.97271823883057,79.96878814697266,5990.443076923076,65
epoch0,r2_water_outer_radius,test,0,40.00022888183594,44.99629878997803,5586.31732350304,84
epoch0,r2_water_outer_radius,test,1,44.99629878997803,49.99236869812012,5697.519846365485,71
epoch0,r2_water_outer_radius,test,2,49.99236869812012,54.98843860626221,5369.160725520207,52
epoch0,r2_water_outer_radius,test,3,54.98843860626221,59.9845085144043,5466.798760674216,44
epoch0,r2_water_outer_radius,test,4,59.9845085144043,64.98057842254639,5181.333193412194,13
epoch0,r2_water_outer_radius,test,5,64.98057842254639,69.97664833068848,5009.136881147112,7
epoch0,r2_water_outer_radius,test,6,69.97664833068848,74.97271823883057,5960.532526175181,12
epoch0,r2_water_outer_radius,test,7,74.97271823883057,79.96878814697266,4781.970907660092,17
final,r0_b4c_rod_outer_radius,train,0,1.0043671131134033,1.6287950575351715,243.01602409638548,249
final,r0_b4c_rod_outer_radius,train,1,1.6287950575351715,2.2532230019569397,275.01124045801504,262
final,r0_b4c_rod_outer_radius,train,2,2.2532230019569397,2.877650946378708,278.9043827160491,270
final,r0_b4c_rod_outer_radius,train,3,2.877650946378708,3.502078890800476,305.7333845278724,293
final,r0_b4c_rod_outer_radius,train,4,3.502078890800476,4.126506835222244,269.79495863210076,259
final,r0_b4c_rod_outer_radius,train,5,4.126506835222244,4.7509347796440125,320.99265700483085,276
final,r0_b4c_rod_outer_radius,train,6,4.7509347796440125,5.375362724065781,328.6884310134308,273
final,r0_b4c_rod_outer_radius,train,7,5.375362724065781,5.999790668487549,286.3233392434988,282
final,r0_b4c_rod_outer_radius,val,0,1.0043671131134033,1.6287950575351715,630.5779059829059,195
final,r0_b4c_rod_outer_radius,val,1,1.6287950575351715,2.2532230019569397,547.4847772277234,202
final,r0_b4c_rod_outer_radius,val,2,2.2532230019569397,2.877650946378708,540.685643564356,202
final,r0_b4c_rod_outer_radius,val,3,2.877650946378708,3.502078890800476,521.2297619047619,224
final,r0_b4c_rod_outer_radius,val,4,3.502078890800476,4.126506835222244,472.8873188405798,207
final,r0_b4c_rod_outer_radius,val,5,4.126506835222244,4.7509347796440125,654.9847079037805,194
final,r0_b4c_rod_outer_radius,val,6,4.7509347796440125,5.375362724065781,597.9984323432335,202
final,r0_b4c_rod_outer_radius,val,7,5.375362724065781,5.999790668487549,578.6399305555547,216
final,r0_b4c_rod_outer_radius,test,0,1.0043671131134033,1.6287950575351715,591.9946829477946,30
final,r0_b4c_rod_outer_radius,test,1,1.6287950575351715,2.2532230019569397,572.7879817669208,26
final,r0_b4c_rod_outer_radius,test,2,2.2532230019569397,2.877650946378708,757.1965142300254,38
final,r0_b4c_rod_outer_radius,test,3,2.877650946378708,3.502078890800476,516.6485435084293,38
final,r0_b4c_rod_outer_radius,test,4,3.502078890800476,4.126506835222244,587.2773890401803,51
final,r0_b4c_rod_outer_radius,test,5,4.126506835222244,4.7509347796440125,529.8686304757762,43
final,r0_b4c_rod_outer_radius,test,6,4.7509347796440125,5.375362724065781,513.5341791006235,39
final,r0_b4c_rod_outer_radius,test,7,5.375362724065781,5.999790668487549,532.9020023345947,35
final,r0_b4c_rod_cr_fraction,train,0,0.0005024683778174222,0.12542698639299488,302.075181286549,285
final,r0_b4c_rod_cr_fraction,train,1,0.12542698639299488,0.25035150440817233,287.6427789238437,277
final,r0_b4c_rod_cr_fraction,train,2,0.25035150440817233,0.3752760224233498,295.55063768918416,258
final,r0_b4c_rod_cr_fraction,train,3,0.3752760224233498,0.5002005404385272,280.1136640726328,257
final,r0_b4c_rod_cr_fraction,train,4,0.5002005404385272,0.6251250584537047,279.8656563706561,259
final,r0_b4c_rod_cr_fraction,train,5,0.6251250584537047,0.7500495764688822,273.91508393285415,278
final,r0_b4c_rod_cr_fraction,train,6,0.7500495764688822,0.8749740944840596,312.7136058301642,263
final,r0_b4c_rod_cr_fraction,train,7,0.8749740944840596,0.9998986124992371,283.99638211382086,287
final,r0_b4c_rod_cr_fraction,val,0,0.0005024683778174222,0.12542698639299488,649.1072567783091,209
final,r0_b4c_rod_cr_fraction,val,1,0.12542698639299488,0.25035150440817233,578.6264908256885,218
final,r0_b4c_rod_cr_fraction,val,2,0.25035150440817233,0.3752760224233498,526.0042534722223,192
final,r0_b4c_rod_cr_fraction,val,3,0.3752760224233498,0.5002005404385272,565.5328772802656,201
final,r0_b4c_rod_cr_fraction,val,4,0.5002005404385272,0.6251250584537047,495.34786535303726,203
final,r0_b4c_rod_cr_fraction,val,5,0.6251250584537047,0.7500495764688822,532.1046296296296,207
final,r0_b4c_rod_cr_fraction,val,6,0.7500495764688822,0.8749740944840596,615.9825870646758,201
final,r0_b4c_rod_cr_fraction,val,7,0.8749740944840596,0.9998986124992371,565.3199447077408,211
final,r0_b4c_rod_cr_fraction,test,0,0.0005024683778174222,0.12542698639299488,783.5467400089387,31
final,r0_b4c_rod_cr_fraction,test,1,0.12542698639299488,0.25035150440817233,629.9710918117214,37
final,r0_b4c_rod_cr_fraction,test,2,0.25035150440817233,0.3752760224233498,478.0947460847742,34
final,r0_b4c_rod_cr_fraction,test,3,0.3752760224233498,0.5002005404385272,451.69172968183244,35
final,r0_b4c_rod_cr_fraction,test,4,0.5002005404385272,0.6251250584537047,512.1791040575182,37
final,r0_b4c_rod_cr_fraction,test,5,0.6251250584537047,0.7500495764688822,668.3790683746338,36
final,r0_b4c_rod_cr_fraction,test,6,0.7500495764688822,0.8749740944840596,498.92563086289624,39
final,r0_b4c_rod_cr_fraction,test,7,0.8749740944840596,0.9998986124992371,594.8952366324032,51
final,r1_fuel_annulus_outer_radius,train,0,10.107303619384766,14.458406925201416,460.47444876783334,257
final,r1_fuel_annulus_outer_radius,train,1,14.458406925201416,18.809510231018066,359.88871376811585,460
final,r1_fuel_annulus_outer_radius,train,2,18.809510231018066,23.160613536834717,270.4056701754383,475
final,r1_fuel_annulus_outer_radius,train,3,23.160613536834717,27.511716842651367,233.58005433455446,390
final,r1_fuel_annulus_outer_radius,train,4,27.511716842651367,31.862820148468018,223.88223302938195,235
final,r1_fuel_annulus_outer_radius,train,5,31.862820148468018,36.21392345428467,193.35085937499943,192
final,r1_fuel_annulus_outer_radius,train,6,36.21392345428467,40.56502676010132,212.13183999999958,125
final,r1_fuel_annulus_outer_radius,train,7,40.56502676010132,44.91613006591797,223.73883333333436,30
final,r1_fuel_annulus_outer_radius,val,0,10.107303619384766,14.458406925201416,903.6417061611376,211
final,r1_fuel_annulus_outer_radius,val,1,14.458406925201416,18.809510231018066,747.1209264432027,358
final,r1_fuel_annulus_outer_radius,val,2,18.809510231018066,23.160613536834717,515.0826388888884,360
final,r1_fuel_annulus_outer_radius,val,3,23.160613536834717,27.511716842651367,382.46235827664407,294
final,r1_fuel_annulus_outer_radius,val,4,27.511716842651367,31.862820148468018,386.37909523809543,175
final,r1_fuel_annulus_outer_radius,val,5,31.862820148468018,36.21392345428467,393.6278439153435,126
final,r1_fuel_annulus_outer_radius,val,6,36.21392345428467,40.56502676010132,486.4804347826085,92
final,r1_fuel_annulus_outer_radius,val,7,40.56502676010132,44.91613006591797,472.46826923076884,26
final,r1_fuel_annulus_outer_radius,test,0,10.107303619384766,14.458406925201416,1091.258783598204,37
final,r1_fuel_annulus_outer_radius,test,1,14.458406925201416,18.809510231018066,648.5176645219326,64
final,r1_fuel_annulus_outer_radius,test,2,18.809510231018066,23.160613536834717,505.1447173296395,59
final,r1_fuel_annulus_outer_radius,test,3,23.160613536834717,27.511716842651367,408.1474217501554,55
final,r1_fuel_annulus_outer_radius,test,4,27.511716842651367,31.862820148468018,471.66246634263257,39
final,r1_fuel_annulus_outer_radius,test,5,31.862820148468018,36.21392345428467,407.01958266171545,22
final,r1_fuel_annulus_outer_radius,test,6,36.21392345428467,40.56502676010132,427.74147457546655,18
final,r1_fuel_annulus_outer_radius,test,7,40.56502676010132,44.91613006591797,548.5626061757406,6
final,r1_fuel_annulus_enrichment,train,0,1.0134514570236206,2.135743632912636,318.6519651567941,205
final,r1_fuel_annulus_enrichment,train,1,2.135743632912636,3.258035808801651,256.6849076517151,379
final,r1_fuel_annulus_enrichment,train,2,3.258035808801651,4.380327984690666,266.66365036231844,368
final,r1_fuel_annulus_enrichment,train,3,4.380327984690666,5.502620160579681,285.07079310344807,290
final,r1_fuel_annulus_enrichment,train,4,5.502620160579681,6.624912336468697,302.40042347566265,271
final,r1_fuel_annulus_enrichment,train,5,6.624912336468697,7.747204512357712,317.55652287581665,255
final,r1_fuel_annulus_enrichment,train,6,7.747204512357712,8.869496688246727,297.5694571865443,218
final,r1_fuel_annulus_enrichment,train,7,8.869496688246727,9.991788864135742,310.0361516853936,178
final,r1_fuel_annulus_enrichment,val,0,1.0134514570236206,2.135743632912636,704.9315439672802,163
final,r1_fuel_annulus_enrichment,val,1,2.135743632912636,3.258035808801651,514.1049371069181,265
final,r1_fuel_annulus_enrichment,val,2,3.258035808801651,4.380327984690666,535.2772593896709,284
final,r1_fuel_annulus_enrichment,val,3,4.380327984690666,5.502620160579681,545.6482718894011,217
final,r1_fuel_annulus_enrichment,val,4,5.502620160579681,6.624912336468697,522.1731239092491,191
final,r1_fuel_annulus_enrichment,val,5,6.624912336468697,7.747204512357712,621.9879950495055,202
final,r1_fuel_annulus_enrichment,val,6,7.747204512357712,8.869496688246727,540.6256024096381,166
final,r1_fuel_annulus_enrichment,val,7,8.869496688246727,9.991788864135742,607.6535173160171,154
final,r1_fuel_annulus_enrichment,test,0,1.0134514570236206,2.135743632912636,779.8971608281136,32
final,r1_fuel_annulus_enrichment,test,1,2.135743632912636,3.258035808801651,511.65266036987305,50
final,r1_fuel_annulus_enrichment,test,2,3.258035808801651,4.380327984690666,595.2180834377514,51
final,r1_fuel_annulus_enrichment,test,3,4.380327984690666,5.502620160579681,535.734623670578,40
final,r1_fuel_annulus_enrichment,test,4,5.502620160579681,6.624912336468697,505.2297976281908,36
final,r1_fuel_annulus_enrichment,test,5,6.624912336468697,7.747204512357712,527.4568870663643,32
final,r1_fuel_annulus_enrichment,test,6,7.747204512357712,8.869496688246727,560.9916588839362,34
final,r1_fuel_annulus_enrichment,test,7,8.869496688246727,9.991788864135742,640.3152942657471,25
final,r1_fuel_annulus_f_mod,train,0,0.40049228072166443,0.4503817670047283,229.36528368794276,329
final,r1_fuel_annulus_f_mod,train,1,0.4503817670047283,0.5002712532877922,239.49006298449595,344
final,r1_fuel_annulus_f_mod,train,2,0.5002712532877922,0.5501607395708561,267.9445131729666,291
final,r1_fuel_annulus_f_mod,train,3,0.5501607395708561,0.60005022585392,321.50990153349466,295
final,r1_fuel_annulus_f_mod,train,4,0.60005022585392,0.6499397121369839,315.5446913580248,270
final,r1_fuel_annulus_f_mod,train,5,0.6499397121369839,0.6998291984200478,341.18129766297596,271
final,r1_fuel_annulus_f_mod,train,6,0.6998291984200478,0.7497186847031116,321.9443847352026,214
final,r1_fuel_annulus_f_mod,train,7,0.7497186847031116,0.7996081709861755,327.8510666666668,150
final,r1_fuel_annulus_f_mod,val,0,0.40049228072166443,0.4503817670047283,439.90463737796364,239
final,r1_fuel_annulus_f_mod,val,1,0.4503817670047283,0.5002712532877922,436.3833016476549,263
final,r1_fuel_annulus_f_mod,val,2,0.5002712532877922,0.5501607395708561,469.65151179940966,226
final,r1_fuel_annulus_f_mod,val,3,0.5501607395708561,0.60005022585392,547.0829892966362,218
final,r1_fuel_annulus_f_mod,val,4,0.60005022585392,0.6499397121369839,588.3418141592913,226
final,r1_fuel_annulus_f_mod,val,5,0.6499397121369839,0.6998291984200478,620.3270499108738,187
final,r1_fuel_annulus_f_mod,val,6,0.6998291984200478,0.7497186847031116,786.4353395061737,162
final,r1_fuel_annulus_f_mod,val,7,0.7497186847031116,0.7996081709861755,897.3960055096414,121
final,r1_fuel_annulus_f_mod,test,0,0.40049228072166443,0.4503817670047283,422.94103166331416,46
final,r1_fuel_annulus_f_mod,test,1,0.4503817670047283,0.5002712532877922,396.5430434157209,41
final,r1_fuel_annulus_f_mod,test,2,0.5002712532877922,0.5501607395708561,511.219656985739,46
final,r1_fuel_annulus_f_mod,test,3,0.5501607395708561,0.60005022585392,487.9590102604457,35
final,r1_fuel_annulus_f_mod,test,4,0.60005022585392,0.6499397121369839,531.0211530545863,41
final,r1_fuel_annulus_f_mod,test,5,0.6499397121369839,0.6998291984200478,714.5799341655913,42
final,r1_fuel_annulus_f_mod,test,6,0.6998291984200478,0.7497186847031116,868.4014120409565,31
final,r1_fuel_annulus_f_mod,test,7,0.7497186847031116,0.7996081709861755,970.0250625610352,18
final,r2_water_outer_radius,train,0,40.00022888183594,44.99629878997803,259.79235849056596,477
final,r2_water_outer_radius,train,1,44.99629878997803,49.99236869812012,291.0961146101725,499
final,r2_water_outer_radius,train,2,49.99236869812012,54.98843860626221,319.8831293315444,426
final,r2_water_outer_radius,train,3,54.98843860626221,59.9845085144043,290.7622023809524,392
final,r2_water_outer_radius,train,4,59.9845085144043,64.98057842254639,297.8848758865242,94
final,r2_water_outer_radius,train,5,64.98057842254639,69.97664833068848,268.8960370370372,90
final,r2_water_outer_radius,train,6,69.97664833068848,74.97271823883057,316.048733333333,100
final,r2_water_outer_radius,train,7,74.97271823883057,79.96878814697266,269.30678294573585,86
final,r2_water_outer_radius,val,0,40.00022888183594,44.99629878997803,609.5943607305936,365
final,r2_water_outer_radius,val,1,44.99629878997803,49.99236869812012,527.3314544650751,377
final,r2_water_outer_radius,val,2,49.99236869812012,54.98843860626221,548.0547014925372,335
final,r2_water_outer_radius,val,3,54.98843860626221,59.9845085144043,486.054616724738,287
final,r2_water_outer_radius,val,4,59.9845085144043,64.98057842254639,577.7518656716408,67
final,r2_water_outer_radius,val,5,64.98057842254639,69.97664833068848,684.3012077294685,69
final,r2_water_outer_radius,val,6,69.97664833068848,74.97271823883057,682.8864718614722,77
final,r2_water_outer_radius,val,7,74.97271823883057,79.96878814697266,728.5366666666671,65
final,r2_water_outer_radius,test,0,40.00022888183594,44.99629878997803,550.6238199415661,84
final,r2_water_outer_radius,test,1,44.99629878997803,49.99236869812012,593.4188399516361,71
final,r2_water_outer_radius,test,2,49.99236869812012,54.98843860626221,594.3613785963792,52
final,r2_water_outer_radius,test,3,54.98843860626221,59.9845085144043,443.33850795572454,44
final,r2_water_outer_radius,test,4,59.9845085144043,64.98057842254639,673.3984213608962,13
final,r2_water_outer_radius,test,5,64.98057842254639,69.97664833068848,631.286587033953,7
final,r2_water_outer_radius,test,6,69.97664833068848,74.97271823883057,766.8474316596985,12
final,r2_water_outer_radius,test,7,74.97271823883057,79.96878814697266,664.6565830006319,17
