mode,geometry_type,dim_inner,thickness,enrichment,f_mod,keff,keff_std,mix_diffusion-coefficient_g1,mix_diffusion-coefficient_g2,mix_absorption_g1,mix_absorption_g2,mix_nu-fission_g1,mix_nu-fission_g2,mix_scatter matrix_g1,mix_scatter matrix_g2,mix_scatter matrix_g3,mix_scatter matrix_g4,mix_chi_g1,mix_chi_g2
homo,spherical,60.16300716112064,0.0,2.116369784566117,0.5006313017340476,1.0594477712736643,0.0008027272882758621,1.0438563541035917,0.44999643073972323,0.01520864453756944,0.1475041080519806,0.009708709128290553,0.24376846518211753,0.28692503355562377,0.01715615314106795,0.0005285953389650949,0.5928398498682864,1.0000000000000024,0.0
homo,spherical,53.71907902521703,0.0,4.976885878722205,0.5348777618286954,1.1934311651586895,0.0007720480682516138,1.0355126269388328,0.42645532853553214,0.017812852302549555,0.24524839345248098,0.015323681230076555,0.45596978310204855,0.287523989017584,0.01652743481234024,0.0008315749261742722,0.5356871814328807,1.0000000000000078,0.0
homo,spherical,43.865140674221166,0.0,3.3544484459152044,0.39719735929994154,0.9709800206443131,0.0007775605972249826,1.103249028606499,0.5138549002457738,0.017252711636219917,0.20955095317769423,0.01400630393519146,0.37668671238073287,0.27417581475002034,0.010741829301373382,0.0008288009487811901,0.43865481729610883,1.0000000000000047,0.0
homo,spherical,54.39584036074545,0.0,2.0793810869135263,0.4450936976908303,0.9978591409753226,0.0007912541986185552,1.0701220015967507,0.486513519759286,0.015620316074107144,0.15252766275089494,0.010310748286927506,0.2532561043704395,0.28150437006223866,0.014360563648036846,0.0005840748893053292,0.5323739163721075,1.0000000000000064,0.0
homo,spherical,35.930800915978075,0.0,4.638814477964214,0.5914347152682997,1.0871411792585026,0.0008190857372348295,1.0218352003459785,0.4016629537229656,0.016217568298043272,0.21975549705900957,0.01313760504501316,0.4032977892445627,0.2910707328294839,0.019022931474074405,0.0006791838626867047,0.6091813126655226,1.0000000000000036,0.0
homo,spherical,52.07049575582479,0.0,4.315551940970776,0.3713803400451479,1.0375450658345862,0.0007684093236726754,1.1134662446679562,0.520960178146714,0.01856197530372415,0.24830364273724279,0.016579959672101418,0.4595687789095686,0.27167184288926,0.009081339039332913,0.001011639422718845,0.391025452526564,1.0000000000000047,0.0
homo,spherical,31.059198837299746,0.0,2.830593822711245,0.5180594753094134,0.8993465502628228,0.0008145760453108674,1.0571914712345298,0.44171156160403435,0.015276013539624987,0.1730616375278324,0.010943104087696505,0.30031765572940466,0.2839341717534236,0.016159340498767914,0.0005999459700223458,0.5807166324043647,1.0000000000000093,0.0
homo,spherical,39.10738720861366,0.0,3.724384419369036,0.46252435375133616,0.9968301143427484,0.000754216803339311,1.0751047400265517,0.47045836518979534,0.0171038646126007,0.21585554528355966,0.01393734113192611,0.39124775863886974,0.27966482940707316,0.013302470039981164,0.0007741046442235329,0.4917064214194352,1.000000000000006,0.0
homo,spherical,57.28456963848351,0.0,4.071649310912465,0.553047435424689,1.1952436966358395,0.0008649137359698377,1.0254968104221296,0.4199819209805929,0.01665815245653463,0.21145999001361218,0.013121972080033541,0.38409789414766476,0.2902240966440612,0.018206800171585723,0.0006948570727865605,0.5818808366056342,1.0000000000000013,0.0
homo,spherical,69.16802172198751,0.0,4.012245867397073,0.3056273889114791,1.0353868889736317,0.0007521259436087438,1.1441046911116424,0.5686300825077432,0.018404509019027685,0.24063956983316204,0.01642892631994779,0.44302456474083235,0.26628087202584555,0.006709148951821515,0.0010858350944715125,0.34457382394582,0.9999999999999993,0.0
homo,spherical,41.273628354127254,0.0,3.5827757019122233,0.4219394141104247,0.9793065301489222,0.0007512363343954672,1.0928813158288615,0.4953476950816471,0.017288672096470555,0.2160960603006513,0.014215580828825963,0.3910072020648788,0.27611378641145723,0.011616897116649682,0.0008161042667387145,0.4564021444548012,1.0,0.0
homo,spherical,46.391576812551136,0.0,4.4417078220985555,0.4039164026226888,1.033590665205197,0.0008214788865930992,1.1002710512802463,0.4992720266855512,0.01844786011393771,0.24943394333993796,0.016459622184752803,0.46236203386896935,0.2742130145242786,0.0103425068755832,0.0009687795636597815,0.4170317091370755,0.9999999999999927,0.0
homo,spherical,36.7632011126004,0.0,4.8322254693426405,0.3921453171173326,0.9453260327619325,0.0007714782360492407,1.1172033903594045,0.5034703319777828,0.01853289926756085,0.26500337811893493,0.017255169542880668,0.4953344109202923,0.2706853083047082,0.009196475055628109,0.0010356970519910132,0.39635181605972897,0.9999999999999972,0.0
homo,spherical,58.23230806970649,0.0,2.8854260161715537,0.5549864163028457,1.1456906531611453,0.0008038509013778854,1.0230886066921518,0.41993751523573714,0.015423346005872529,0.16909038631946569,0.010614040171170399,0.2927394805075999,0.29120835552029045,0.019250129730936878,0.0005667730305290079,0.6241591317766675,1.0000000000000058,0.0
homo,spherical,38.02797370856501,0.0,3.6583206425578445,0.3106968612857898,0.8441926692154661,0.000778355315107751,1.1623714261440699,0.5723796741765055,0.017320905512417266,0.22620402620609434,0.015253228677379887,0.41229467701781175,0.26289317863613954,0.006539136077374867,0.0009963124993674567,0.35483709381661116,1.0000000000000062,0.0
homo,spherical,64.72414141591507,0.0,3.307554896044144,0.4594622163837778,1.1248102548713943,0.0008972384359389603,1.0628967839571781,0.4732905621739381,0.01708630190964073,0.200954848509556,0.01321441877003825,0.35898120418842017,0.2823602925393067,0.014197721671927989,0.0007322903917318042,0.5025647981232816,1.0000000000000089,0.0
homo,spherical,31.721908425294266,0.0,3.3655383263671093,0.4765206249035976,0.9018720570589616,0.0008309246831882443,1.0776027898810938,0.4643370228505568,0.01629083525010457,0.2002818037331455,0.012804785986118698,0.35803480524400466,0.2792803847842661,0.013767399814039237,0.0007236752244922399,0.5168134236522407,0.9999999999999981,0.0
homo,spherical,50.89771712661545,0.0,3.4972148888754813,0.341487845292732,0.9717369055895548,0.000779153683798092,1.1296126237402877,0.5506619955096678,0.017664148959408116,0.2193768450530974,0.014890898483016932,0.39743768031997956,0.2691132317568071,0.008310569369602274,0.0009143967960994623,0.38548443424813383,1.0000000000000029,0.0
homo,spherical,30.446854424806958,0.0,3.0725756020622463,0.40855182783324834,0.8118148833668861,0.0007966405908548253,1.1158613122924452,0.5094399064234789,0.01633059506746008,0.1969198067590721,0.013024317844257024,0.3496741779527239,0.2718068502946407,0.010686529955550946,0.0007535414408137938,0.4559766078626815,0.9999999999999937,0.0
homo,spherical,59.599464340700784,0.0,4.04964327124141,0.599661529816598,1.232380903470151,0.0007897617429721229,1.0066711062147033,0.39736514212993734,0.01588227325009756,0.19913065830762797,0.012035843263944345,0.3592826019006338,0.294618251405553,0.02075470848039731,0.0006134873003147533,0.6391794833642734,1.000000000000011,0.0
homo,spherical,65.68530690221618,0.0,2.719470137303523,0.557003661521096,1.159200014990144,0.0007649722563208342,1.0201780371766194,0.41820042993461315,0.015236209846311686,0.16272857877977015,0.010238902986777645,0.27890937936275423,0.2919772481824003,0.019614695780524306,0.0005407187560808685,0.6339781734392614,0.9999999999999857,0.0
homo,spherical,56.99544167037672,0.0,4.518092998965541,0.47322104175334667,1.15112052398268,0.0008150838518800142,1.0599825953280702,0.45924878894116117,0.018214943213490608,0.24283360079651067,0.015662000443277323,0.4492222362253966,0.2823985948566164,0.013808103071166745,0.000827739933739895,0.4820787715596827,1.0000000000000022,0.0
homo,spherical,53.24516666189,0.0,4.738732605703828,0.4671732723119513,1.1348702623931672,0.000750070604120469,1.0651409566778496,0.4617037874704666,0.018453653277911656,0.25110318886290506,0.01621120007575475,0.4668559459952879,0.28121909995844596,0.013287100991904081,0.000846820360437449,0.4693014243906514,1.0000000000000013,0.0
homo,spherical,34.41667963954932,0.0,4.2262201349906885,0.30973766576139034,0.8192603751557584,0.0007955798792472397,1.1710350498713389,0.5640756607262175,0.017664810695082776,0.2479661650681607,0.016438588102578703,0.45879543493341834,0.26098719095304335,0.006041704967687448,0.001100223961239768,0.34150820045506225,1.0000000000000058,0.0
homo,spherical,36.28427108563227,0.0,2.4026362552216445,0.415690382893339,0.8643721325268838,0.0007949547172073805,1.0997509813552704,0.5072450690428092,0.015772133039192407,0.16916545352656778,0.011381552434127166,0.2892486377364862,0.2753644528020438,0.011970894340515497,0.0006621887940832733,0.48699952882058106,1.0000000000000078,0.0
homo,spherical,54.342716802823325,0.0,4.130303431691921,0.4965839979135469,1.1436238368775231,0.0008355778292711469,1.0503337471930727,0.44888959078183716,0.01747627375208256,0.2249259269764916,0.014369165156777833,0.41146599599921835,0.28463306973097885,0.015195438525924183,0.0007721494482803155,0.5168871984614638,0.9999999999999953,0.0
homo,spherical,31.410661583942378,0.0,3.022133408747719,0.3085088807300701,0.7281681069776662,0.0007727542016549559,1.1754253817842162,0.5854159878459383,0.016250814484940798,0.20061091631675612,0.013630123844456483,0.3573385941655768,0.2608523617282579,0.006517464106778895,0.0009254977502638657,0.3673255603876484,0.9999999999999968,0.0
homo,spherical,62.51916168037639,0.0,3.680982484746003,0.3702077805159235,1.059291093913364,0.0008711658687780509,1.1084196566522833,0.527927177051619,0.01800081284306994,0.2247007357693191,0.015192891287537863,0.4089846753085011,0.2730994778466985,0.009646196929984875,0.0009267511805554124,0.40540220342834893,1.0000000000000004,0.0
homo,spherical,37.86570018616784,0.0,4.5661524342550415,0.34987206019450645,0.9124986546473706,0.0008587647439011906,1.1397486603602156,0.5316197757082116,0.018360860084913135,0.2591675363534822,0.017097789782728738,0.4825790472911617,0.266507234448049,0.007593513364736601,0.001060222523288707,0.3670951289974537,0.9999999999999962,0.0
homo,spherical,40.170016018561,0.0,3.8989537662682148,0.3861380544552534,0.9487605915434765,0.000742645628122784,1.1143916395462028,0.5162829042610784,0.017756504870075174,0.23112038250423178,0.015348555546402427,0.42303173900713736,0.27166212100752224,0.009677068879970118,0.0009280432696020753,0.4140710394852611,0.9999999999999929,0.0
homo,spherical,41.673175120350905,0.0,4.293568941578631,0.5158618981902109,1.08206541177475,0.0007344522113130273,1.0494338227963342,0.4385394649252186,0.017179361523225384,0.2268465225300681,0.014230744959822194,0.41606794106533507,0.28480659196689906,0.01566262127392188,0.0007618953717931165,0.5325006249416581,0.9999999999999926,0.0
homo,spherical,40.32149771694825,0.0,3.054346886072455,0.546049724195585,1.0427936087375618,0.0008935711144676724,1.035456825542063,0.4249726952260641,0.015475370008781665,0.17693960745356532,0.011058369156804351,0.30948259853223625,0.2884863047700354,0.018071368430948673,0.0006085967618908112,0.6066467081059244,1.0000000000000007,0.0
homo,spherical,58.67940889265407,0.0,2.5177999741784447,0.3956686416760249,1.0072980817796806,0.0007666658926760702,1.0933943350165927,0.5205921111933236,0.016516127065326652,0.17587639406211897,0.01200206106099401,0.30359664161581246,0.27652071891447166,0.011677823384155354,0.0007212125676678369,0.4641458442389202,0.9999999999999944,0.0
homo,spherical,59.52693376123332,0.0,3.484838057247242,0.4935519971250172,1.140660425143899,0.0009251174189360503,1.0493404303543237,0.45319208577101117,0.016878958801463357,0.20234199933862818,0.013049032194218024,0.362788556651062,0.2851863531250059,0.015662873507003672,0.0007006713131501759,0.5322087214525826,0.9999999999999957,0.0
homo,spherical,63.58479471980295,0.0,4.393906089383471,0.5324312948522166,1.2119245646516854,0.0007792294744525529,1.0325977346152568,0.4294256718806381,0.01736855997815222,0.22687202627380362,0.014242910006681271,0.41654563675040585,0.2884658355195164,0.01697894372861587,0.0007219807840521212,0.5482948805743368,0.9999999999999998,0.0
homo,spherical,31.25064643202548,0.0,2.0650859619484696,0.3989649439989284,0.7604113138826546,0.0008747614504665701,1.116868067345884,0.5219888042127526,0.01519193615853418,0.1555217884341174,0.010656645810918738,0.25924751996593587,0.27220454050982734,0.011104937069364933,0.0006708852453634553,0.4824126076334117,0.9999999999999959,0.0
homo,spherical,34.95199476557994,0.0,2.5319065826406004,0.47483726694648176,0.9045203101467912,0.0007056081281353579,1.0720226419665562,0.46788619003815407,0.015488062091533285,0.16771290291421115,0.010964908145603637,0.28741794750270816,0.2809165199438766,0.014621175632818789,0.0006279111638884667,0.5441840641295553,1.0000000000000047,0.0
homo,spherical,49.79405694351043,0.0,3.8520351744279138,0.5414001162425548,1.1432801609283234,0.0008341153935474575,1.032914329128751,0.426687542734788,0.016533197278179528,0.20631765813571684,0.012888482061739082,0.3727362644717271,0.2887109348366422,0.01759826803381696,0.0006921775371566349,0.574384624741623,0.9999999999999984,0.0
homo,spherical,48.937701914398,0.0,3.268777400445983,0.5227957093435254,1.1026072939899267,0.0008432107215670949,1.0398187405561035,0.4367860853040171,0.016176620945449745,0.189475709408511,0.0120025731266398,0.3357498144194001,0.2873393870200433,0.017074399552695945,0.00063114934671378,0.5730620911614531,1.0000000000000016,0.0
homo,spherical,46.75883728570746,0.0,4.0201717569258495,0.44749891494567906,1.0590136480628756,0.000784565034977514,1.0772756347230077,0.4772082062125785,0.01771068126592846,0.22882290482638162,0.014900010184279644,0.4188299972374444,0.27912394349760533,0.012685869874674708,0.0008511931692637158,0.46886614325232523,0.9999999999999952,0.0
homo,spherical,69.837445542598,0.0,2.75640996339856,0.4348019852657711,1.0910269330752638,0.0008190708700000122,1.0720785844680945,0.4915212812475503,0.01667695771664067,0.18224684480456724,0.012214864737277425,0.3179741405197093,0.2807746481418184,0.013521518577922557,0.0007058411714925986,0.49501321831967027,0.9999999999999839,0.0
homo,spherical,45.911049029601976,0.0,4.749341782007004,0.3881528012115128,1.0253875910980323,0.0007295655498630922,1.1094677205965409,0.5064136939755728,0.0188166363390661,0.26238178881126106,0.017312651045791928,0.48973188609023055,0.2722249466782062,0.009419767278446818,0.000989683330543744,0.3942542662652857,1.0000000000000044,0.0
homo,spherical,57.569368341912735,0.0,3.9453201070435995,0.3818625882400823,1.0594795221249977,0.0008037244028418838,1.1049241778725187,0.5178992480938299,0.01821863473340771,0.23363094564776704,0.015679417153907523,0.42828106223069046,0.2735893360287791,0.009904646954376067,0.000922710475780774,0.40866875881324055,1.0000000000000022,0.0
homo,spherical,38.257664153806424,0.0,4.716551172016768,0.3342973746279052,0.9060583899253847,0.0007765061720201237,1.149333686077167,0.5396171526058038,0.01848957275040319,0.2658124151593931,0.01751682222964541,0.49661906793834054,0.26468437136194994,0.0068971137027946825,0.0010951646167418744,0.35176686779708505,0.9999999999999988,0.0
homo,spherical,37.41450071455097,0.0,3.687650821468122,0.3377872980771302,0.8668949335921164,0.0008408966202846936,1.1452294586455956,0.5522020270615002,0.017426895321798603,0.22645281798121897,0.015193922859825442,0.4127779526630158,0.2658975549433056,0.007614262047686915,0.0009778443862144088,0.3762036768248722,1.0000000000000113,0.0
homo,spherical,50.55035159390208,0.0,2.345488885540959,0.5585638525226668,1.0743632440284123,0.0007521166296569175,1.0236319268963763,0.41722381254589486,0.014690894983675649,0.14778415678326004,0.009353605045921221,0.24655554473658864,0.2913604217144873,0.019680853000812182,0.0004803026740775272,0.6509184769850163,0.999999999999994,0.0
homo,spherical,50.406289474108604,0.0,3.322235131302273,0.4427317616885675,1.0508505436490911,0.0007948569186642552,1.0750919411555715,0.4840038135809685,0.017097037127280192,0.20379604086412886,0.013417459126738487,0.3647696173785741,0.27980676642091057,0.01308170891909735,0.0007602342587535398,0.48459944030742985,0.9999999999999991,0.0
homo,spherical,53.43415662323919,0.0,2.843522746175389,0.35259375006261917,0.9682572033306982,0.0008369410354668459,1.119449388735965,0.550122987581883,0.016988632467690813,0.1924314731906037,0.013224130916854456,0.3393006674437832,0.27140468130901824,0.009355563993619906,0.0007923901903024291,0.4128317453555594,1.000000000000001,0.0
homo,spherical,39.58704728481881,0.0,4.893571217831072,0.37355202086603373,0.9610369493595432,0.0008172670995709446,1.1242071418721036,0.5124915643704645,0.018760056821254072,0.269645634741051,0.01762707886441551,0.5049147464893132,0.26937013197244764,0.008467552494497413,0.0010224519192582912,0.38026245097387024,1.0000000000000013,0.0
homo,spherical,35.69400437640163,0.0,3.4427023476929977,0.32954396147701964,0.8278280914916428,0.0008207803127089813,1.1528489529521941,0.5624726550843022,0.017077194811132613,0.21722474909368233,0.014657930096940252,0.39296449851021176,0.2647223968415648,0.007347759434664563,0.0009600444774898532,0.3746861568633045,0.9999999999999949,0.0
homo,spherical,50.04805402627488,0.0,3.741232957938388,0.556172458045407,1.1519948055558353,0.0007983708008171318,1.025720256676604,0.4186125805663163,0.016219189785538966,0.1995130306026012,0.012352821363505264,0.3585020771927452,0.2902654780925569,0.018460664681889262,0.000652505253236323,0.5961611907822297,1.0000000000000004,0.0
homo,spherical,37.257035413067,0.0,4.568493262170208,0.5503917941768368,1.071893427779938,0.000771463006664918,1.037946630642686,0.421193588552526,0.01685007784666728,0.22802592177064757,0.013995749884384288,0.4196781401393748,0.2873531858031066,0.017002068519332,0.0007382615353107737,0.5624861350703161,0.9999999999999961,0.0
homo,spherical,54.7178270874132,0.0,4.964871791707589,0.4833458109611698,1.1611044887966364,0.0008179391479298944,1.0572440037617383,0.45176083579781623,0.01849868359315726,0.2560397301883102,0.0163974509167734,0.4776839333957135,0.28288952638987763,0.013949842663407463,0.0008693820380329898,0.48101008529281375,1.0000000000000007,0.0
homo,spherical,69.54236458738733,0.0,2.779050065882159,0.41089456212869063,1.0724062746539147,0.000801225515209267,1.0832688816611196,0.5079851202541948,0.016839801386660014,0.18537737538790236,0.012550385649788469,0.32449309213987004,0.2785234025218621,0.012342465196742097,0.0007214188714374937,0.4701311010970331,1.000000000000017,0.0
homo,spherical,62.348593657062665,0.0,4.8186216681374106,0.39085461457614834,1.115663966651622,0.0007874675373664722,1.09978850832686,0.5031480122973664,0.019171088634692822,0.2646924432528467,0.017596443371508858,0.4946456140639682,0.2741165756257169,0.00978095340075596,0.0010350592460335734,0.3964638948284444,1.0000000000000087,0.0
homo,spherical,42.81495958774026,0.0,4.864650850080558,0.4178427128505606,1.0271798545677622,0.0008216178446669645,1.0958524577163833,0.4877412474600329,0.018719063379290503,0.2629980135520267,0.017123057490736646,0.4913819272251229,0.2748961009723126,0.010561852857181774,0.0009595984007267448,0.4190533475591765,0.999999999999992,0.0
homo,spherical,48.49886280679121,0.0,2.642296336461049,0.484357436920939,1.0384511556259923,0.0007668420329308541,1.056075207687124,0.4603955672157371,0.01587133923931527,0.17143021033200495,0.011181626233865267,0.29554740661461626,0.28412739335070364,0.015642453619595962,0.0005769073092855531,0.5522538270527922,1.000000000000015,0.0
homo,spherical,51.70825772847007,0.0,2.3710044982817418,0.5398188324623601,1.0712942131689305,0.0008176746030691332,1.0305885762283402,0.42780206959488765,0.014978964040412213,0.1519513945794542,0.009711530771278962,0.2549311229898017,0.289785665366747,0.018748054970147584,0.0005145700481775646,0.6267182499501341,0.9999999999999973,0.0
homo,spherical,52.905598717975,0.0,3.8827939006989682,0.578535875224689,1.1858257705837725,0.0007616072759957035,1.0162364264436374,0.40773972323812724,0.016017585745043358,0.1989711584290251,0.012161125160152723,0.35816688798756585,0.29239867582958695,0.019601966564068152,0.00062397970354323,0.618083568453183,1.00000000000001,0.0
homo,spherical,32.842353148401294,0.0,3.0660976169336567,0.3599015313314653,0.8025450520441596,0.0007869411698376187,1.1390949553886252,0.5442528390995677,0.016527305850621656,0.20052028247061982,0.013482690977945086,0.3570439956021682,0.26743153362547,0.008710088842198975,0.0008457546252516255,0.41126755275192206,0.9999999999999922,0.0
homo,spherical,56.60950378677762,0.0,3.604629392441076,0.4296747680756291,1.0830995838720652,0.0007474586678133966,1.0793944099061694,0.4901407879515603,0.017584699903099205,0.21599223234960405,0.014302943804841827,0.39090200056093316,0.27888651662825037,0.01238119434144032,0.0008097947763335315,0.4634934530989616,0.9999999999999937,0.0
homo,spherical,64.51044842757958,0.0,3.2495705218668274,0.47842121216348343,1.1333109112369677,0.0007538186116844474,1.0542665040638362,0.4620984974668822,0.016832607848075637,0.19605855053387836,0.012764058149393187,0.3488030028680632,0.28423911635587334,0.015138139847096839,0.0006729758552785018,0.5247904664251408,1.0000000000000064,0.0
homo,spherical,33.33018438272971,0.0,4.427693935294007,0.3658436821792749,0.8661008824347322,0.0008049845888336692,1.137312120840113,0.5237648411600744,0.017989338320420576,0.2529803184748077,0.016556999381993506,0.46947466004367255,0.26696721849383187,0.008132721631444836,0.0009774165690231264,0.3826907504353127,1.0000000000000044,0.0
homo,spherical,69.9104315622262,0.0,3.83401848992606,0.4564521670892297,1.159508155973217,0.0007844519260823826,1.0641831686997312,0.47281300770262474,0.01773151254056626,0.22103582580430692,0.014485237597530667,0.4022016724450926,0.2818262207179913,0.013686485384825909,0.000781977561802532,0.48328418385224303,0.9999999999999927,0.0
homo,spherical,43.47615679176633,0.0,3.4208075825608,0.43896298496982433,1.0058651133518677,0.0008444973488256816,1.0818300496472288,0.48619262795156937,0.017058353573950257,0.2078093753500941,0.01363728807662583,0.37343654051299074,0.2784515213773886,0.01261220799815906,0.0007312554085085165,0.4769448270870231,1.0000000000000089,0.0
homo,spherical,56.473476700593196,0.0,3.984764409679546,0.5122213281542597,1.1614024831138094,0.0008227285076555887,1.041801827571358,0.44120104405435573,0.01717640700729727,0.21711291024200022,0.01378525032781664,0.39502595982301436,0.2866601642675365,0.016154791534551186,0.0007461212561873198,0.5376811778302992,1.0000000000000069,0.0
homo,spherical,48.74736173926244,0.0,2.271146895333876,0.42512780003901596,0.9669432758278067,0.000796537129948632,1.083772600807434,0.5003741879509321,0.01592376338285653,0.1626793850582278,0.011016079989696352,0.2752023952897069,0.27865840009792736,0.013081772762627028,0.0006359715549426086,0.5024067097043861,1.0000000000000069,0.0
homo,spherical,55.472422104435445,0.0,4.627063669757836,0.5743587200134277,1.2198929904280955,0.000881643071195746,1.0176147624206204,0.4090988222963275,0.016866001430299225,0.224054463963116,0.013729898283208263,0.4119051971133549,0.2918688207158205,0.018920491845282276,0.0007094836119045893,0.5897451003658892,1.0000000000000133,0.0
homo,spherical,51.257002113015304,0.0,4.855127757630998,0.4986930827427596,1.1522562449702367,0.0008270117046934238,1.0519122653630169,0.4448854716901897,0.018177597526595552,0.2493216748486557,0.01583944567634549,0.4636988790642327,0.28406415014099845,0.014732493680980955,0.0008855952189636881,0.4993268118294442,0.999999999999995,0.0
homo,spherical,30.577383301506934,0.0,4.685745304027492,0.48535166826963827,0.9330231415556672,0.0008932524973756,1.0775340975076761,0.4539316235032715,0.01747427659009691,0.24573423067379288,0.015384587875827294,0.4558644587361963,0.2787548850331893,0.013167342239430752,0.0008476068533642605,0.4880006934595958,1.0000000000000013,0.0
homo,spherical,44.84978394311043,0.0,4.52461491907389,0.5861550073562193,1.1643539736717028,0.000726765932919222,1.0171544064178126,0.4036174389574556,0.01642990862889494,0.21791144365993273,0.013176204379054847,0.39908463245672754,0.2920007760236077,0.019296783505097583,0.0006849707944477705,0.6067866783744149,1.0000000000000102,0.0
homo,spherical,68.39788841114806,0.0,4.362445959601601,0.3373051533495406,1.0735338329562916,0.0007834519548007899,1.1265034513875634,0.5420485154121341,0.01883857075513193,0.2524147575742028,0.017081631273920973,0.46818525369023833,0.26924428924745936,0.007788955646278779,0.0010498279016852333,0.36162546781174176,1.0000000000000087,0.0
homo,spherical,31.985776871457748,0.0,3.0815347516343725,0.54806868236649,0.9478021294805008,0.0008681269114347125,1.043799989812587,0.4247606380449033,0.015201487590984199,0.1772777309104792,0.010986639427895111,0.3103837985519848,0.2867522055111784,0.017547671854692345,0.0005926841499362249,0.6071142947764324,0.9999999999999895,0.0
homo,spherical,51.53442111544393,0.0,3.9199027277459564,0.4583541656875765,1.0936871856438561,0.0007692222691311335,1.0690955279949088,0.4713484588505432,0.017638060120004122,0.223963731811993,0.01456434209223177,0.4085125329060341,0.28080573163787637,0.013400002999947728,0.0007909802036888314,0.482552671749898,0.9999999999999956,0.0
homo,spherical,43.4025079573377,0.0,3.4144335357823588,0.42007258277349846,0.9887116715957608,0.0008328038096312558,1.091742420393005,0.49821034080679266,0.01718200288336504,0.20977820648277593,0.013869733361532948,0.377394375336599,0.27645086749394515,0.011706440103456412,0.0008069270323656781,0.4587778722784437,0.9999999999999994,0.0
homo,spherical,63.87958829755157,0.0,2.6780171688104066,0.476981379187833,1.1010843744705048,0.0007856964049732584,1.053706713578578,0.4642844804817299,0.016173276253158234,0.17406342753063694,0.01143033644231028,0.30101530913218,0.28463975667719055,0.015567411459226983,0.0006157641345693303,0.5433231779881035,1.0000000000000178,0.0
homo,spherical,67.80996665505664,0.0,3.144963406327072,0.3682728100543001,1.0523027971188916,0.0007738158580810795,1.1062716386374634,0.5352099781350733,0.017480981077667317,0.20368687427865198,0.013921232865374115,0.3637575751504282,0.27377349971154213,0.010025660593243915,0.0008310472980062761,0.4184411394880749,1.0000000000000004,0.0
homo,spherical,50.95183617549432,0.0,2.8585108921545848,0.5954365795752921,1.1344808694914768,0.0007414515420814347,1.0098655117773319,0.39900591683049225,0.014687329334351063,0.15972961149338358,0.009780002869120202,0.2740933011741811,0.29436302471264725,0.021196018161519826,0.0004978277255636993,0.6754101771420353,1.000000000000007,0.0
homo,spherical,48.06614546307926,0.0,2.7651363773853888,0.5435388142762213,1.0813920907421324,0.0007850359093532472,1.031221508094587,0.4258086803319341,0.01531660682182143,0.16680950674740486,0.010522858773687457,0.2873331361541373,0.28953162345806305,0.018477592241642225,0.0005740259360665567,0.6158209035955154,1.0000000000000049,0.0
homo,spherical,56.0883015360634,0.0,2.898565538252103,0.5754339796755352,1.1488968613824007,0.0008805434584450541,1.0158756896543082,0.40906748008589916,0.015093026285600622,0.16554952740774193,0.010244524344140185,0.28582666528743705,0.2928887147314696,0.02027007284314733,0.0005313835252408752,0.6486345859362982,0.9999999999999963,0.0
homo,spherical,36.41690433019564,0.0,3.7822512311692122,0.40460377929247887,0.9202542329998215,0.0008282594661651907,1.10850382729362,0.505836278474191,0.017426404308224782,0.22534074038764193,0.014805533642830262,0.4107091413053637,0.2728861612854965,0.010417184309020916,0.000838234493823972,0.4331164184589631,1.0000000000000036,0.0
homo,spherical,51.77567739833734,0.0,2.844422923994747,0.33868924965042946,0.9443498128019217,0.0007584662988039435,1.1280765836220052,0.5620025403720351,0.016939914264464763,0.1929756659332255,0.013306129918947546,0.3405216251074118,0.26980474934729737,0.00870994345849264,0.0008276463545518032,0.39954180278781914,1.0000000000000013,0.0
homo,spherical,69.47325641173359,0.0,4.486061499259456,0.5422877965072251,1.2399593978426167,0.0008876711330332525,1.0277181423833996,0.42398869859889454,0.017360833767088947,0.22793964546092857,0.014254383579253464,0.41906340496493555,0.28950532183218997,0.01750052433303602,0.0007430175188239287,0.5576359862012004,1.0000000000000007,0.0
homo,spherical,42.378651207381104,0.0,2.4195127294719807,0.5149971474694577,1.0020365923338572,0.000842990793712641,1.04618253943951,0.4424362110878965,0.015189846577692009,0.1578817006394464,0.010182466227373137,0.26696914314038256,0.28640934110152333,0.017117925657543092,0.000535668773469357,0.5949479175616236,1.0000000000000029,0.0
homo,spherical,49.21406302406218,0.0,3.542703370139976,0.43961635383184283,1.0512264345231963,0.0007221316042752222,1.077920097695842,0.48488651973209507,0.017358006048309362,0.21243420913295172,0.013975122587070883,0.3833927092848292,0.279142801263113,0.012731425993262166,0.0007346050500993616,0.47423967555665536,1.000000000000011,0.0
homo,spherical,65.48135042997053,0.0,2.193847167891742,0.32470752721836477,0.9468527798424142,0.000725913188324564,1.1288596800761928,0.5804819118476258,0.016300651270459862,0.16559028389741934,0.011677414816007427,0.2808182763982819,0.2701867185085209,0.008832414902592326,0.0007588039173284192,0.4079650754238508,0.999999999999985,0.0
homo,spherical,36.092507685857505,0.0,4.837967717266247,0.519343549143963,1.0423137275309786,0.0007907839005938016,1.0533805092203672,0.4351973179834923,0.017523770081675896,0.2442302164592276,0.015178599733084623,0.453385500623178,0.2838512978842962,0.015153253510226007,0.0008087998854868625,0.5208339788833699,1.0000000000000009,0.0
homo,spherical,52.71847014239809,0.0,3.500058490395093,0.4133489571147417,1.046862079298301,0.0007946838603127339,1.0893918638029436,0.5013376485960078,0.01752753368790441,0.21399984126244895,0.014245288249897655,0.3863403954331236,0.27685434814131016,0.011601571497469407,0.000828707604573016,0.44999560769479613,1.000000000000011,0.0
homo,spherical,62.223887899737335,0.0,2.231401142198625,0.4707511961447861,1.0581832228100299,0.0007727958918272441,1.0573679136282903,0.4692203070017307,0.015627735734148846,0.15629353778099025,0.0103993636946653,0.26211134118010765,0.28415376831917616,0.015611862829560235,0.0005632623358116617,0.5537997806760613,0.9999999999999853,0.0
homo,spherical,61.40460603088139,0.0,2.0984043143818094,0.5470482686625782,1.0908855666084158,0.0008383313395780733,1.0247274263229944,0.42295283938596984,0.014621407655600683,0.1398070477043101,0.008990498008158869,0.22867068181643826,0.2911657689362829,0.019571047356966662,0.00047677753088404143,0.6480132089755258,1.000000000000003,0.0
homo,spherical,33.47624716968373,0.0,4.179307314110369,0.35641501509236595,0.8498214182094646,0.0009231638042176664,1.1425171839221642,0.5335496227638706,0.017756143700976095,0.24436621588183413,0.01609338269222413,0.45107662754069355,0.26614645531981634,0.007875634129907893,0.001004612369286816,0.3790739956526534,0.9999999999999972,0.0
homo,spherical,68.27374743322413,0.0,3.2324336272537053,0.4796519438234387,1.145552642477415,0.0008906918261883173,1.0525124325149233,0.46138065738075645,0.016816665156596872,0.19520846048387702,0.012723847281357016,0.34700286327756397,0.28460770232489613,0.015291481157813973,0.0006806963858510108,0.5265745072969326,1.0000000000000022,0.0
homo,spherical,49.39843440676348,0.0,3.6663100537849234,0.4869598558391588,1.09549860788318,0.0007996790257018043,1.0558488139511424,0.45642257725911883,0.01704281130942204,0.21017581524212514,0.013501926490314068,0.37948173050048295,0.28382162743839834,0.014945533808523294,0.0007168054490942331,0.5194443579587152,1.0000000000000084,0.0
homo,spherical,53.968938876956884,0.0,2.2038239360252887,0.41608299869032817,0.9818045481184631,0.0007874015524496771,1.085374815451431,0.5067494677745047,0.01592451060471208,0.16072183741676638,0.010948146127805298,0.27069717855271125,0.27837849609538146,0.012834367157702234,0.0006161612441527325,0.49656192040407654,0.9999999999999994,0.0
homo,spherical,48.29610991423268,0.0,3.5776595026276867,0.5367195981286428,1.1204421797105157,0.0007949397455814031,1.0347062358823005,0.4288607788327607,0.016313221780647758,0.19785981202914962,0.012391676977016678,0.35431754140541105,0.288379903505064,0.017539397305000044,0.0006561674889165056,0.5788171062705786,0.9999999999999895,0.0
homo,spherical,31.14097944385841,0.0,4.275550342308268,0.4680542413487939,0.9169512178304354,0.0008669039273490442,1.0844817609302695,0.46509528915200143,0.017258961747960336,0.23471030341416868,0.014877774528057467,0.43187694520491166,0.2775050290020359,0.01263620306017054,0.0008425524967001355,0.48135862997922807,0.9999999999999973,0.0
homo,spherical,60.455453446233655,0.0,2.1606544773283396,0.46550909822819886,1.0432536330777578,0.0007925729562361984,1.0585088567807333,0.47278875083195576,0.01563044077053146,0.1537780146929514,0.010285943895879219,0.2565163280587024,0.28386038499347066,0.015414502500772516,0.0005552630584568939,0.5505412848436182,0.9999999999999988,0.0
homo,spherical,41.54959382843462,0.0,2.375897121154725,0.5658215995069055,1.0217627298089986,0.000812131448393047,1.0250590432406397,0.41412797389110834,0.014475545082696618,0.14749528604700954,0.009266680188931987,0.2463100483988429,0.29106624017373667,0.019689070373991483,0.000505983848383274,0.6570895155543756,0.9999999999999993,0.0
homo,spherical,50.30658662696105,0.0,2.389919587603954,0.5440476607978041,1.0679590922283564,0.0007606494024121098,1.0294251082625494,0.4253780523669377,0.014941405941841865,0.15202665534229323,0.009693411992165417,0.2552396548222221,0.2900331672826016,0.01888741064982426,0.0005071905005464029,0.6312311565577764,1.000000000000002,0.0
homo,spherical,54.67301305186275,0.0,2.54431823487103,0.45002554992251675,1.0389258589685506,0.0007386269318834009,1.0685991301147217,0.48255700665133566,0.016160675627343024,0.17176179463980432,0.011436409929674391,0.2954639058049837,0.2815596447014611,0.014194090561323681,0.0006175577976408352,0.5184663550547624,1.000000000000007,0.0
homo,spherical,43.03358398278265,0.0,4.345143895482701,0.5295542587353776,1.105828441391547,0.000811804055253225,1.0422775271805853,0.4314755623620594,0.017087262074458154,0.22576722463568719,0.014084404843942277,0.4141203272988317,0.2864249497902774,0.016388785276781857,0.0007859814559547044,0.546318625836791,1.0000000000000033,0.0
homo,spherical,69.32593200847356,0.0,4.373513761458415,0.3232562026856415,1.0635572768433732,0.0008504536522424334,1.1345831128294435,0.5511395785214136,0.018803859068254377,0.2535829174187897,0.01717462841829483,0.4705914283653179,0.2678258421342521,0.007204691514529963,0.0011100525569671604,0.35024920946958477,1.0000000000000073,0.0
homo,spherical,59.84343493062463,0.0,2.215069963141411,0.3940206077668513,0.9915571684081981,0.0007697294351062255,1.0931272432979249,0.523231613595861,0.016158619259769625,0.16298829336545567,0.011214821443830444,0.27537258312742907,0.2768159010301991,0.011916286476012452,0.0006647838130227107,0.4734703372872197,0.9999999999999938,0.0
homo,spherical,67.81546185117307,0.0,4.185307564085612,0.5971555420320926,1.2615902193048014,0.0007517649166010874,1.0064484799735924,0.398633952129607,0.016101029039409614,0.20426569548735168,0.012384343423943804,0.37018451416525266,0.29453132499768775,0.020639395139005427,0.0006282532665303895,0.6313345933248524,1.0000000000000027,0.0
homo,spherical,68.77237183075579,0.0,2.7985471663001227,0.44838922795392067,1.101573473730183,0.0008721849870694259,1.0659354898652207,0.4822525071886219,0.016607564601986067,0.1824622362281661,0.012137193623804653,0.31867273434929394,0.28199010595650537,0.014124074866812414,0.000680159131888882,0.5078554916945842,1.0000000000000142,0.0
homo,spherical,60.905868343168365,0.0,2.982702731832678,0.5682542772906536,1.1675778013684042,0.0008543813990881657,1.0167740862420545,0.41277979069580756,0.015331452476619796,0.17013577366032295,0.010583547378254989,0.29547111081148686,0.2926122752797488,0.019910418462413905,0.0005577617783577906,0.6369791787296346,0.9999999999999944,0.0
homo,spherical,30.002926489634874,0.0,3.870170999436518,0.5984317517873259,0.9834796183696404,0.0008547042319198816,1.0257760516743613,0.3995815886128386,0.01514138165970408,0.1931553891795228,0.011463756125416058,0.34653116563345204,0.29043429956903755,0.019393318522426605,0.0006081293878106558,0.6406633448566715,0.9999999999999978,0.0
homo,spherical,38.83781864837924,0.0,3.0030928919441,0.35896058617610327,0.8734292067042488,0.0008503243708123049,1.1289514019345182,0.5448635401803814,0.016765353298466353,0.19801553536432978,0.013456953877028853,0.3516275815114852,0.2694470281765847,0.009059824230385188,0.0008679122992841,0.41246210064187944,1.0000000000000024,0.0
homo,spherical,63.33941798228419,0.0,3.218912576084242,0.5606708072293813,1.1864195321126387,0.0008263026417729897,1.0195126926136748,0.4163564218284326,0.01573101070724862,0.18034827991369404,0.011230518610053338,0.31725262206098087,0.2919014521055821,0.019387026488022496,0.0005666646407485336,0.6199320133756054,1.0000000000000007,0.0
homo,spherical,59.84387546386637,0.0,2.012372287876593,0.48189831143147466,1.037383225862378,0.000947716048726904,1.0514402112437125,0.46170763771903406,0.015270065231831756,0.1455041594775598,0.009708345000239928,0.23877060724306684,0.2853927934641534,0.016323063334417836,0.0005094440377487024,0.5759753614007664,0.9999999999999938,0.0
homo,spherical,37.05303102431914,0.0,3.942438733466161,0.30696895582596145,0.8415670171525232,0.0007654434506088695,1.1666192986236885,0.5701948088473032,0.017549837734934612,0.23750451517496027,0.015902781725066994,0.4364286370571491,0.26189473276971786,0.006201512405396447,0.0010590635745085174,0.3464035689146926,1.0000000000000016,0.0
homo,spherical,66.10692788975248,0.0,3.097485532884585,0.3638611010935904,1.0407274518757796,0.0008174300446067768,1.1092649474737846,0.5393370139491563,0.017419938119030268,0.20216583422741613,0.013842057777988189,0.36041770264461803,0.27329943291797143,0.009864685030675675,0.0008358006041173446,0.41495421384729997,0.9999999999999926,0.0
homo,spherical,36.198458720390086,0.0,4.998551483533648,0.4892924833025707,1.024521440479542,0.0008767944178291585,1.067514684467429,0.44881613700064,0.018013331278750235,0.2559110378779436,0.016085463390339352,0.477565078026959,0.2806510042936941,0.01356699003380327,0.000883487408334731,0.48641170554654994,1.0000000000000013,0.0
homo,spherical,68.5792542354833,0.0,3.1328957634854424,0.3208668105014606,1.0095541369387306,0.0008644570466043851,1.1321088773067447,0.5711850089127178,0.01746408314310556,0.20556185668930807,0.014209535825501711,0.36774272175055694,0.2689949990285864,0.007956982652806165,0.000893923286517408,0.37721723169276167,0.9999999999999962,0.0
homo,spherical,39.80630078714089,0.0,2.5943561452772577,0.36327456028507354,0.8654796570738497,0.0007780430501582562,1.124160370711645,0.5454752083246883,0.016298121177250928,0.18097935348392738,0.012391145651386489,0.3146103039403098,0.27064363630621924,0.009605042582148194,0.0007869392861351929,0.4290810877644045,0.9999999999999898,0.0
homo,spherical,61.24258860240263,0.0,4.147440420420228,0.4512271488836034,1.1391402466667002,0.0008289637656880848,1.0684514177774693,0.4739080039766905,0.01807806408858342,0.23314738375506505,0.01523701316635229,0.4280976221506996,0.2807725728144465,0.013076264078214396,0.0008543566119374136,0.46903320587754116,0.9999999999999987,0.0
homo,spherical,45.34320635500481,0.0,2.356382235516466,0.43344844209847766,0.9582546688398061,0.0007484618526206505,1.0822461540084627,0.4943582322890842,0.015886456164039768,0.16546047739431347,0.011140399910290177,0.28146077957113985,0.2789169756346439,0.013286874296055698,0.0006511629241056597,0.5083027078473997,0.9999999999999849,0.0
homo,spherical,58.89462832182788,0.0,2.25740856891642,0.32214010975123963,0.9265175638026156,0.0007437051265762158,1.1330360432888147,0.5819417579103286,0.01632276439333678,0.16837110070506006,0.011845059448422412,0.2869769916897202,0.26935620410531347,0.008587490064277677,0.0008088002224935873,0.4037262953750545,0.9999999999999951,0.0
homo,spherical,38.68729312423504,0.0,4.938189937727643,0.33276024726774356,0.9141087669079972,0.0008273788229241904,1.1508584628534866,0.5382193058238729,0.018704551295848873,0.27300811007262743,0.018005405222697234,0.5120839080697408,0.26423086138710755,0.006713419653889787,0.0011996586165271747,0.34442456037017644,1.000000000000014,0.0
homo,spherical,45.60063343756826,0.0,2.7079262610198565,0.36719003314226584,0.9232763277270892,0.0007706762819796473,1.1163577137634266,0.5410747999826414,0.016613012176814827,0.1856066061151033,0.012699336243735766,0.3246653584648781,0.27201540930592205,0.009901500328474838,0.0007927233056929613,0.42946744400061954,0.9999999999999954,0.0
homo,spherical,67.26065234226874,0.0,4.475360934641717,0.3754272660204863,1.1055753526685823,0.0008402266475461548,1.105803829022381,0.5163984653695636,0.01894079782722492,0.25391376678785466,0.017032210336458364,0.4715409597857956,0.27319666278563665,0.009361934940306382,0.0009963334941012836,0.39028822642820166,1.0000000000000033,0.0
homo,spherical,34.59946982424447,0.0,3.2945585751551927,0.37874662899046563,0.8551180946788096,0.0007629161983158978,1.1249863588249311,0.5268764412980247,0.01686505313954708,0.20888644145982638,0.01390029448801096,0.3750455368342905,0.2700103021003351,0.0094903790954708,0.0008486095686572542,0.4230340854447305,0.999999999999989,0.0
homo,spherical,40.80402596273082,0.0,2.9536768224193306,0.4549794786342367,0.975018738664442,0.0008229843322834803,1.0756197690486817,0.47848289463924304,0.016368664189783937,0.1874995986555109,0.012295393092377881,0.3298720557723355,0.279958897120734,0.01362949848347317,0.0006884347341957744,0.50884429942778,1.0000000000000056,0.0
homo,spherical,39.85928284663872,0.0,3.463946850102966,0.40053805754643995,0.9413364732456173,0.0007922174392598453,1.1060868061946534,0.5109928563227031,0.017211231116730827,0.21338649202851412,0.014175753116196002,0.385023260400908,0.2736058000646122,0.010638725240188423,0.000854197367568329,0.43809829770892633,0.9999999999999944,0.0
homo,spherical,32.7550783631342,0.0,4.587716562257452,0.5934309985957675,1.0480303846737107,0.0009005945177976305,1.0244359501106812,0.40082689819623885,0.016037220875318385,0.2176224275381729,0.012942000823372001,0.39879777562761626,0.29046362916453783,0.018941455642726184,0.0006816611654895653,0.6135971649615397,1.0000000000000009,0.0
homo,spherical,67.6255469254184,0.0,2.5588233735016974,0.40246808564320213,1.0457169298973386,0.0008067090976226656,1.0876471402491679,0.5146693875712174,0.016632072998160732,0.1772586448128212,0.01207357573112126,0.3066092056807126,0.2777531310402823,0.012088532204667326,0.0007255256553500199,0.4699177075238844,0.9999999999999949,0.0
homo,spherical,65.99589111327232,0.0,4.297638643567134,0.5036444872059656,1.1972807648805848,0.0008156180763180878,1.0439300705597365,0.44445368240239636,0.017689680946316556,0.2297091610157575,0.014656656999260586,0.42180902003803267,0.28598528453897565,0.015616899327117139,0.0007687539874988129,0.5192731487290576,0.9999999999999942,0.0
homo,spherical,46.223932256321824,0.0,3.627434770324213,0.3196565690764406,0.9268461993692195,0.000771702615840936,1.1465303722608473,0.5662381556996822,0.017649466603316708,0.22493432215053802,0.015277441167314857,0.4095137717937385,0.26587061843543314,0.007207265129701798,0.0009808104679468444,0.36259657092133374,0.9999999999999974,0.0
homo,spherical,52.337236187369626,0.0,4.5940127654046155,0.3283984695598573,1.0084083844658633,0.0007990798510693294,1.1393168194161156,0.5439439833511568,0.018790106265453382,0.261535475743496,0.017518379593264015,0.48753920827419467,0.2667390932788002,0.007083206716735679,0.00115294489490951,0.3500809658598072,1.0000000000000033,0.0
homo,spherical,64.00931217508119,0.0,3.119791471906406,0.4303045005861471,1.0902314858308995,0.0008942315560233128,1.0765962450361484,0.49214238594043397,0.017123244118474823,0.19742295140533714,0.013164627414031637,0.3507727848665625,0.2795586884153988,0.0129057507815544,0.0007718080625016462,0.47940690009225,0.999999999999999,0.0
homo,spherical,64.90839412495755,0.0,4.672953718791842,0.5000369291638109,1.203405658103835,0.0007854344065112537,1.046771691847872,0.4446504450044126,0.018113497927197013,0.24311878267092932,0.015518828582136377,0.4504502818604372,0.285157991750687,0.015134465539748263,0.0008071196277574759,0.506005087896655,1.0000000000000027,0.0
homo,spherical,44.802758589171496,0.0,3.6135644282733193,0.583948437945604,1.131225242628382,0.0008684107773515122,1.0173592782368248,0.40513998305819315,0.01554344606211482,0.18875888618501477,0.011479230507200604,0.33633018657547376,0.29236348670781326,0.019845242245071417,0.0005836661710622219,0.6338085967413738,1.0000000000000075,0.0
homo,spherical,30.914019811797218,0.0,4.199060428573963,0.5114012632916206,0.9460000860629206,0.0008487364724554673,1.0626994260754985,0.44228423780834464,0.016748594062113334,0.22406571898370525,0.013931873980057834,0.41010354849033687,0.2821144831770262,0.014799726875933799,0.0007803412890295225,0.5288068837706278,0.9999999999999973,0.0
homo,spherical,54.88285879116469,0.0,3.8157629785485225,0.4144446883323081,1.0711748494730702,0.0008874110854856917,1.0879390941943903,0.49749173883247927,0.017892942851849884,0.22592007603420364,0.014964015296441861,0.41197306575885645,0.27698171413802114,0.011462464064492766,0.0008427853555199057,0.4434559322619539,0.9999999999999905,0.0
homo,spherical,46.678745828901754,0.0,4.058686128057472,0.5540121542742426,1.14213256127472,0.0008790905288505313,1.0289894916821682,0.4194923021039552,0.016493230767410282,0.21075377118298366,0.013011394629383851,0.38262784671248135,0.28949485735895525,0.018004363535894314,0.0006845173958911926,0.5833329974391555,0.9999999999999953,0.0
homo,spherical,58.01496977860638,0.0,2.031331542261151,0.42553305590183954,0.9937491174145642,0.0008548525030177505,1.0780138793417924,0.49998783886636783,0.015739766275305045,0.15229992709182408,0.010411764164432296,0.25234890902507084,0.2800004995647895,0.01354464835157725,0.0006080775924816772,0.514066496289546,0.9999999999999994,0.0
homo,spherical,43.670745117825696,0.0,4.703266299925254,0.36551809405166535,0.9869022976694567,0.000810762229877536,1.1240280541928234,0.5198386807095314,0.018742917514591173,0.263107401065852,0.017393555212337618,0.49102703487003246,0.26942990868486705,0.008371339921713388,0.0010254983037225119,0.37661054481293116,0.99999999999999,0.0
homo,spherical,33.965535266470305,0.0,4.79269129925671,0.4638901233001506,0.9691173522836068,0.0008938327131363943,1.0823773679985267,0.46413350520905955,0.01797568802518933,0.2532363337262301,0.016080612302696775,0.47142041284379566,0.27761948723172586,0.01232400178351401,0.0008785970205465434,0.4642958754650919,0.9999999999999934,0.0
homo,spherical,61.92187843713594,0.0,3.3775742811979335,0.30030502560011535,0.9796675641713192,0.0008071991159786349,1.1473363394576246,0.5838841264501429,0.017595630863910954,0.2155728370547054,0.01484921181613897,0.38946958271989235,0.26607068104323284,0.0068551355041303556,0.0009708719293368244,0.3541520991304609,1.0000000000000016,0.0
homo,spherical,31.598256460894223,0.0,2.0578539589089595,0.5174532772389651,0.8551826126780445,0.0008050401130188581,1.0560947236143954,0.44140719290870906,0.014435515189387998,0.1422039682732937,0.009232980771204062,0.23297810552028456,0.28447013319938097,0.01678268002706975,0.0004982140691436834,0.6123266034422024,1.0000000000000009,0.0
homo,spherical,37.0138832569968,0.0,3.803336516704727,0.5695438850518179,1.0581113076340125,0.0007722856938865865,1.0287100318663047,0.41272620507676616,0.015835726715074074,0.198375774321245,0.012092171649309718,0.35658189189109113,0.28977668351121716,0.018513495148368166,0.0006565727705638202,0.6089133790681339,0.9999999999999998,0.0
homo,spherical,66.88183069061057,0.0,4.540280220882885,0.34673318325822927,1.0844494068855774,0.0008249193844720559,1.1219486756806758,0.5333136104514427,0.019005544095348093,0.2586887277859222,0.01740820696312455,0.4814969059367861,0.27003560068261884,0.008080621464805548,0.0010294405680241817,0.36583140466522274,0.9999999999999976,0.0
homo,spherical,66.5103747884884,0.0,4.776026332872153,0.5614088985957839,1.2533338227188053,0.0008642983764334063,1.0209225142573815,0.41422309332323093,0.017312178484886795,0.23266353382737862,0.01437362571698968,0.4297756286119166,0.29105438415903157,0.018270845922782816,0.0007566979679872862,0.5715577949643598,1.000000000000005,0.0
homo,spherical,37.742835363321234,0.0,3.278375606368199,0.5139296116225567,1.0047286466151224,0.000777940343886019,1.0516315760377182,0.4425065221796112,0.01605368182730974,0.19109986044546035,0.012072268323416582,0.3391051947676734,0.2848854148962589,0.016115683348439585,0.0007008548230915016,0.561342910149207,1.0000000000000122,0.0
homo,spherical,47.10693478117813,0.0,2.427059834514828,0.3081530250225295,0.8599887576926045,0.0008043424006806671,1.1495796164032777,0.592836164248577,0.016250017907846942,0.1757778633951868,0.012321991216092431,0.3033922150654745,0.26609979463341027,0.007584744793866873,0.0007854212063005308,0.38571624021533457,0.9999999999999858,0.0
homo,spherical,30.720783364914116,0.0,3.827961979262614,0.5082954786623317,0.929706545118134,0.000736646605802595,1.0642877431015647,0.4452341153744184,0.016422473881137347,0.2118382169430609,0.013225934514332105,0.3837220606454756,0.28200378456398595,0.014893036625071516,0.0007275012013615625,0.5366638999219722,0.9999999999999925,0.0
homo,spherical,33.799821544008594,0.0,4.036115836115094,0.4232901225474099,0.9104803423092597,0.0008459362410093917,1.103070078489701,0.49269500485581036,0.01748210741709248,0.23239037607073254,0.015096621812864513,0.426147999739366,0.27377907146249403,0.010922024299593157,0.0008537951302853788,0.4432032336394556,0.999999999999993,0.0
homo,spherical,37.651093978678205,0.0,2.036880927735232,0.4915540839383742,0.9103887219711799,0.0007592747081278771,1.0603847086054403,0.4570634708941339,0.014848434177726404,0.14488096156765606,0.009580696001771518,0.237942071308001,0.28355126080653703,0.01601278449251981,0.0005287331101109942,0.584128098426262,0.9999999999999971,0.0
homo,spherical,40.988613887668045,0.0,4.962385832583822,0.3451399795903062,0.9512756552391112,0.0008312257750355726,1.1396231121053566,0.5288990000892148,0.018882244862869664,0.27378813991637446,0.018037866929809875,0.5136532389017828,0.2663857430989451,0.007282039636774865,0.001070964676142015,0.35499624808725094,0.9999999999999967,0.0
homo,spherical,56.19499556453492,0.0,2.4677257853913073,0.5386666409197955,1.0985105641038815,0.0008296558816645813,1.0294009383211478,0.4284533686884145,0.015152801971006633,0.15602883301950599,0.009968003116520437,0.26375020637969004,0.2899605923767054,0.018719942752203254,0.0005252659916759448,0.6214342935393518,1.0000000000000089,0.0
homo,spherical,48.1660530030412,0.0,3.4765563317954973,0.55106155879676,1.1255651686452244,0.0008743106795824762,1.028876922902088,0.42218824188722653,0.015972096567018333,0.1912106482808529,0.011889151196049398,0.34048455782821735,0.2897551295015084,0.01833818000758008,0.0006285114926915976,0.5980345639266885,0.9999999999999903,0.0
homo,spherical,46.476299514254265,0.0,3.437813708726285,0.3016246432801375,0.9028759570588887,0.000852549817284612,1.156753597801904,0.5825947276686306,0.017385173042072814,0.21817370694389526,0.014900600220530457,0.3949930485776167,0.2642072200498321,0.006605722814649424,0.0009735685477520184,0.3531901369306749,0.9999999999999986,0.0
homo,spherical,66.74959459480127,0.0,2.2631863867193056,0.3166549878322249,0.9463485652501491,0.0007445525316442377,1.132896038030118,0.5867533245446402,0.016388336672216876,0.16875645209595985,0.011912262238144282,0.28785344985296085,0.2693950586511625,0.008422899726962666,0.0007463581083874002,0.3983302841593074,1.0000000000000036,0.0
homo,spherical,62.10722507550884,0.0,3.390271010703768,0.4098900747537984,1.0791758438170662,0.0007788500701328874,1.0871652080112613,0.5045988456745124,0.017550519786795615,0.20989624322040876,0.014061908276467533,0.3775148515174002,0.2774370062228503,0.011701090325719364,0.0008294043214697874,0.4497740918121845,0.9999999999999934,0.0
homo,spherical,47.532919748777196,0.0,3.104149779975992,0.3468879279278557,0.9394388118021287,0.0008242617448412056,1.1271034932467747,0.5521230216763322,0.017173350611014097,0.20300788030529734,0.013869948084088058,0.362306958924267,0.2697873691692987,0.008770148515901528,0.0008566499546095902,0.3998244141785864,1.0000000000000042,0.0
homo,spherical,57.41630669309819,0.0,2.9079345793144595,0.35587645550089647,0.9905640912054717,0.0007802421973022514,1.1157605535380326,0.5467222728410667,0.0170998393114854,0.19497516527365258,0.013365121929013568,0.3448021165172425,0.2720937140216059,0.009499842050733768,0.00079394030082251,0.4138719388666885,0.9999999999999946,0.0
homo,spherical,60.56968546429744,0.0,4.470433320348258,0.5903916169138902,1.2448688435555426,0.0008493788881608701,1.0107821197471194,0.40150363409858764,0.016445216742811217,0.21508499606312698,0.013048361665332225,0.39317321760362817,0.29353246302055136,0.01996885105187982,0.0006907988452321212,0.6145047396023944,0.9999999999999897,0.0
homo,spherical,61.55298360247697,0.0,4.912035604218506,0.46478358768992833,1.1721711952704084,0.0007989192352907502,1.0635249758135765,0.4618273647250599,0.01872887569595058,0.25776672595904254,0.016691220207898483,0.4809486707467605,0.2815399267092903,0.013173217776117206,0.0009119965873819581,0.46307561854359924,0.9999999999999952,0.0
homo,spherical,32.102129906118485,0.0,2.437423412203171,0.5713965302500517,0.9277812593724047,0.0008937973400651178,1.0322795060694876,0.4117035971709145,0.01423033255441608,0.14870389228483388,0.009242918791681253,0.24923887513300266,0.28952159264150723,0.019275619812749393,0.0004905245503536276,0.6608543071964624,1.0000000000000042,0.0
homo,spherical,60.020570693801155,0.0,2.294026569697487,0.4209290743141815,1.019547085906931,0.000862487633709624,1.0800526897470533,0.502970536839445,0.016131980620170728,0.16408521237209067,0.011166388576240574,0.2781952945899783,0.2793862928654154,0.013115094931547288,0.0006263844431738284,0.498012693758552,0.9999999999999867,0.0
homo,spherical,34.83588386348319,0.0,3.9597335653928147,0.5691153300252378,1.0387799729398577,0.0008057268871046906,1.0313226302061582,0.4129833506187153,0.015891585339749558,0.20368914035378544,0.012366996921157516,0.3680085701787914,0.2890522374263594,0.018239471359395534,0.0006498325878762865,0.6028438487480396,1.0000000000000053,0.0
homo,spherical,65.8331631016438,0.0,3.932458931658422,0.5251456537468222,1.1994581022574,0.0007293858837053384,1.0347909449318415,0.43428343210859227,0.017004866779318013,0.21275282534410708,0.013456419067565988,0.3860078342282372,0.2881604347033903,0.017020345256422115,0.0007244366138433679,0.5540898326930432,1.0000000000000078,0.0
homo,spherical,61.038735222811454,0.0,3.1703900187810223,0.39812105226175987,1.056961901398613,0.0007667948652916348,1.093061947040425,0.5140228505298327,0.017324579601346812,0.20235970329452088,0.01366224557953579,0.3611280254691835,0.2763835120767954,0.011312610734967773,0.0007930327114704078,0.4451455213718316,0.9999999999999971,0.0
homo,spherical,41.165354120290125,0.0,4.608906639825337,0.3766721719466973,0.9703282554811894,0.000801178228180592,1.119654329241273,0.5149101255663134,0.01853533060751862,0.2585591704277677,0.017032204585687983,0.48146359033807407,0.2703653351913186,0.008821062783362414,0.0010256750868994464,0.3881608784194968,1.000000000000006,0.0
homo,spherical,48.75703897427429,0.0,4.424322456064278,0.38514534012131,1.0324041611950912,0.0008562977543863092,1.1082317755587348,0.5108745100151382,0.018555118796805024,0.25132717284358547,0.016660672009239336,0.4660632015211149,0.2726376626153641,0.009543460436241694,0.0010005861002925838,0.3997316957619324,1.000000000000001,0.0
homo,spherical,61.82038037065357,0.0,4.10201657327616,0.40084075837375444,1.0989595084465797,0.000804689781870998,1.0934857434796117,0.5040872736421832,0.01837800743922731,0.2378197444170845,0.015857543040972664,0.4373824536573846,0.27582316172917637,0.010731753515190118,0.000897466767667755,0.422731353404614,1.000000000000008,0.0
homo,spherical,59.151957678789486,0.0,3.565663715441807,0.4346611638996849,1.0955069039963534,0.0007766673464741736,1.076414262399915,0.48755347121185605,0.01756061257669823,0.21389329632244888,0.014161208821245235,0.3864709942881669,0.27944619317955754,0.012681480816173941,0.0008107923538456357,0.46915665241367055,0.9999999999999956,0.0
homo,spherical,44.51248604367797,0.0,4.34323473114738,0.5918408984668249,1.1587843167184162,0.0007659599074166636,1.0153563637129903,0.4013073147900043,0.016112750860066204,0.21034236753068236,0.01268355657036694,0.38314321148012925,0.29248236723196575,0.01970804879005704,0.000659989374713903,0.6194189626487084,0.9999999999999933,0.0
homo,spherical,42.77752432481209,0.0,3.891934881543074,0.34421214861376065,0.9333391042235667,0.0008763067868595259,1.135330918408002,0.5441352315291718,0.01786967494285228,0.23423941883997965,0.015718625224570206,0.42938746567648345,0.2677990035382228,0.007972584482731804,0.0009722111501747008,0.37746513849112107,1.0000000000000053,0.0
homo,spherical,41.837509063047946,0.0,2.0057484176875375,0.3891844235114455,0.8676638503539328,0.0007783390482578053,1.1064936698021801,0.5287026703393798,0.015597327145898503,0.15377645479077762,0.010649467067604343,0.2551851976782184,0.2743581472717417,0.011376488229881136,0.0006253925030631609,0.4759567706825653,1.0000000000000016,0.0
homo,spherical,52.50049996515315,0.0,3.995471453938751,0.4455441770890532,1.0911718367162426,0.0007805488436636463,1.0742535671065967,0.47843028442668717,0.01784868845255738,0.22829017077504238,0.01493901698090071,0.41762780767099195,0.27973812442840945,0.012767772348137823,0.0008533871455570597,0.4677310130986544,0.9999999999999882,0.0
homo,spherical,43.908072663770064,0.0,4.095119265982428,0.48826445835251864,1.0726500538295494,0.0008659185253461199,1.0597091153361313,0.4541338268391178,0.0173546630362272,0.22514754047709273,0.014371452538556661,0.4117532363349032,0.2827209914777237,0.014509656333376275,0.0007885433398445538,0.508104487127794,1.0000000000000115,0.0
homo,spherical,40.56426123399408,0.0,4.806695014821079,0.4187774848168324,1.0105607747630285,0.0008445212480471522,1.0976255124934102,0.48866596300903403,0.01857181983156345,0.2607967263350471,0.01695542042654781,0.4867166859063291,0.27459959023352437,0.01059127314178532,0.0009362267993051969,0.4205893088841878,1.000000000000007,0.0
homo,spherical,32.214163161392676,0.0,3.159327612133601,0.4368862450376073,0.8681179508823798,0.0008228666989216573,1.0970018198017677,0.48954320723157685,0.016379684977626388,0.1976774878354322,0.012899413389166822,0.3516116998553366,0.27546558182346936,0.012075659073031889,0.0007524203185602725,0.4828385600527985,0.9999999999999932,0.0
homo,spherical,32.39198016868324,0.0,2.6988456386643915,0.378228087761893,0.7968266400376731,0.000766077590122727,1.1273790816849003,0.5343484281813055,0.016099448494582405,0.18412461566841987,0.01244703387611707,0.3216506180992969,0.26982554689449867,0.00975057170540306,0.0007851860283461992,0.43880797073500727,1.0000000000000033,0.0
homo,spherical,39.47679502670932,0.0,2.316719139885525,0.5277832223400376,0.9757659199759978,0.0007808467201371895,1.0422482102069657,0.43496320715157744,0.01486735961726119,0.1515367483530214,0.009730259471765056,0.25366315647140375,0.2872982827382843,0.017687146732813925,0.0005099837765249094,0.6142742821934977,0.9999999999999922,0.0
homo,spherical,45.66883784996456,0.0,4.408265986518239,0.35743316604199604,0.9853594093294312,0.0008093507713408395,1.1266507286167002,0.5280330330339834,0.018501999214329823,0.25294097903059154,0.01684645972597635,0.469330165306882,0.26914838193296864,0.008274777378695771,0.001028093931919423,0.37773380725943806,0.9999999999999991,0.0
homo,spherical,49.33353262235893,0.0,4.246020789746116,0.47385183554237026,1.1025381557818013,0.0008434153519608781,1.0635175449274927,0.4606135553452426,0.017782593232094916,0.23322454710136348,0.015011239350515621,0.4286723527048805,0.28181508635386837,0.01383965112812552,0.0008078857197561309,0.48998839489252305,0.9999999999999998,0.0
homo,spherical,35.29255160068507,0.0,2.611427341239637,0.4532532688905223,0.8969897711598667,0.0008426959461321539,1.0822010039914827,0.48123148269997457,0.01579662356343806,0.17376572843159457,0.01146396313106031,0.30005248034495546,0.2786648330681005,0.013505951281179346,0.0006441135306541764,0.5182097278636401,1.000000000000006,0.0
homo,spherical,64.11127302129196,0.0,2.499528893134087,0.35386832708143645,0.9911646860797579,0.000839538167507724,1.113651677039816,0.5524479621560651,0.016662005093332037,0.17785268514414837,0.01233737010080163,0.30760725464496236,0.2727835643012555,0.009869673326671475,0.0007920656004732978,0.42470928494823335,1.0000000000000042,0.0
homo,spherical,30.217205678016217,0.0,3.0088854121920203,0.5830123710755643,0.9413821557049711,0.0008214883914724239,1.0307693784118528,0.40681301480250354,0.01456345150857015,0.16739752682598613,0.010172723510378913,0.2903429726615551,0.28962722985464534,0.019247560550090602,0.0005620871548624233,0.6512531624175109,1.0000000000000013,0.0
homo,spherical,33.07316165848208,0.0,4.37924864118775,0.5636371586490888,1.0246655566783887,0.0008707493718709781,1.0357834991403934,0.4149299840334832,0.01632380721757121,0.21889158966638367,0.013267907096730728,0.40046021732051235,0.28795911735754864,0.01753194983931749,0.0007016008105745974,0.583986146210673,0.9999999999999984,0.0
homo,spherical,40.70861547998681,0.0,2.1229830207591354,0.5246597411552392,0.9690664925501968,0.0007788140185763481,1.0425073020198827,0.4364711766114861,0.01469842754178937,0.14408172879832043,0.00933791774768082,0.23725081344214916,0.2872530823411228,0.01777249005660606,0.000510023715527498,0.6193091492584556,1.0000000000000053,0.0
homo,spherical,44.111994106065424,0.0,2.9395687782873736,0.42688836948701925,0.9772158810838107,0.0008744559819236769,1.086822030709896,0.49652994830634406,0.016610164441397887,0.1904039490312659,0.012637775691292867,0.33559100697912014,0.2776048573677041,0.0124357563182798,0.0007414177236771622,0.4804394338234203,0.9999999999999998,0.0
homo,spherical,58.36809166145092,0.0,2.649661398156888,0.3510047465112581,0.9768201295481885,0.0007461210566617216,1.118134611194986,0.5533505497253042,0.016780939716024845,0.18434104690816858,0.012743294148888718,0.32175029392834403,0.27179313692653007,0.009529013660898096,0.0008042381637130184,0.4172175515777992,0.9999999999999989,0.0
homo,spherical,41.919425554294364,0.0,3.1787073781429926,0.441183548228556,0.9846126288549192,0.0008628623536504482,1.0816201046385856,0.48600019095405694,0.016738736716409682,0.19819668168323887,0.013023138021588254,0.3527157084223383,0.2785940021683964,0.012847322407679744,0.0007423399056427785,0.48666605277783864,1.0000000000000049,0.0
homo,spherical,45.191178939122985,0.0,3.0317082329001463,0.4922229620165317,1.0425165941828567,0.0009783091239584708,1.0546454679683592,0.455176357193614,0.01620661851628936,0.1854908395442318,0.011946761274752913,0.32632736246743954,0.2842269296693199,0.01558263236298511,0.0006642028153183064,0.5463364687173058,1.0000000000000118,0.0
homo,spherical,68.73577629539886,0.0,2.5977409581732136,0.5487437615423852,1.1541965992722578,0.0008017442154795453,1.022773988184943,0.42258995795159876,0.01523965054188532,0.15949171426425868,0.010111024689387304,0.27160275522412825,0.29137336198301544,0.01931869357124286,0.0005289398375947774,0.62886295946696,0.9999999999999885,0.0
homo,spherical,55.38292184304747,0.0,3.188112108880084,0.5220517510805573,1.1300741333746969,0.0009646838297390108,1.037594387475053,0.43756827685007416,0.01617753509424445,0.18648060503019478,0.01185975460807622,0.3293022793633718,0.28793490786563236,0.017257854897722285,0.0006067529202053273,0.5748395417415674,1.0000000000000069,0.0
homo,spherical,35.0363035712456,0.0,4.144101402700867,0.5319658551716502,1.0199388104590936,0.0008259856840803181,1.047546900524251,0.4313383280653011,0.016613039993067676,0.21810021669191842,0.013508890180029537,0.39784225630501086,0.2854617241722772,0.01620713671993404,0.0007160328185446584,0.5536459218066218,0.9999999999999991,0.0
homo,spherical,39.04314358020368,0.0,4.21290203476194,0.3330424451817991,0.8977779924462129,0.0008000445462608926,1.1475979390659181,0.5478201888278069,0.018027041808656327,0.24693042599355655,0.016449415326507955,0.45650137732146784,0.2652469902887954,0.007162919789390154,0.0011065715230133505,0.35983674279786415,1.0000000000000027,0.0
homo,spherical,53.47138216118219,0.0,4.952903135959559,0.5269517558068162,1.1862656248891372,0.0007812731779819652,1.0384461243157794,0.4305005827983868,0.017905657394971436,0.24631283691492747,0.015455088148567544,0.45802586378292753,0.28696917389652626,0.016138148791222346,0.0008148319941112131,0.5272242764409236,1.0000000000000049,0.0
homo,spherical,47.396036384663155,0.0,2.9231519271262556,0.37476765084431674,0.9568875654099841,0.0008013915452405945,1.111311952867531,0.5337922212612496,0.016896698230002193,0.1939990644625092,0.013204085075852986,0.3429247221188169,0.2728414128748947,0.010142188317072988,0.0008029191199936682,0.4294829033591164,0.9999999999999967,0.0
homo,spherical,51.19244618983096,0.0,2.794743944311184,0.3155571259082479,0.9144353328029367,0.0007700401772893217,1.1424742307169014,0.5817366806720252,0.01682684109814977,0.19135872143667992,0.013282739329890724,0.33718755899271957,0.26725538430976853,0.007714269323855977,0.0008774806351764875,0.3801568977928049,0.9999999999999991,0.0
homo,spherical,47.81091491864737,0.0,3.527881147932429,0.5718888663763781,1.1391758098451126,0.000798327898023156,1.0201373918928278,0.4113340049956282,0.015719195170185836,0.18852113930345238,0.011570180997721002,0.33540144161055196,0.2916968667053093,0.01936195437586451,0.0005862972202157655,0.6213504276821444,0.9999999999999979,0.0
homo,spherical,32.62004289704298,0.0,3.5474372690048925,0.5086955811976521,0.9470432001106853,0.0008358263438492229,1.0612070860156084,0.4456880868456883,0.016183212405960764,0.20170650797640058,0.0126706769811147,0.3619150226824525,0.2827250403582042,0.015279715039937126,0.0006939944096073935,0.5457915679492374,0.999999999999997,0.0
homo,spherical,33.65293900552278,0.0,3.779571993586627,0.3261755192131581,0.8101850709181702,0.0007809133507011994,1.160647006227514,0.5615272932217008,0.017279863837445324,0.2300439159009023,0.015378407449158697,0.4206021933200335,0.26310335554750525,0.0068856043110171366,0.000993403067620876,0.3629843184934214,1.000000000000001,0.0
homo,spherical,65.04710159767713,0.0,4.765191801256147,0.5358734531780557,1.230398831139702,0.0007970447419894246,1.0315344290534334,0.4265644972810145,0.0177058773296604,0.23832630891316844,0.014940395067648994,0.4411750869516065,0.28854876971371574,0.01692132631158281,0.0007774353959998045,0.5425144664211181,1.0000000000000022,0.0
homo,spherical,47.84142324994828,0.0,4.549706040099731,0.3133485421027173,0.9662087064316708,0.0008265097827297182,1.1513700792558927,0.5559110024425569,0.018583299846180595,0.26034270163201273,0.017422972342474315,0.48504403173210847,0.26445739067467205,0.00642245028686129,0.00114091966966613,0.338510561632732,0.9999999999999999,0.0
homo,spherical,38.53452165033508,0.0,4.114603310257791,0.4977883777877664,1.0333674905735426,0.0008663923189643784,1.0594335287959133,0.44904970906601066,0.017144424394847736,0.22403734193681504,0.014171637480020951,0.40962267116431444,0.2827392874193924,0.014739054503448765,0.0007590792221683092,0.5173872200422163,1.0000000000000007,0.0
homo,spherical,67.39563950715092,0.0,2.4479575449412905,0.3244802883876277,0.9694984317498035,0.0007924718578317409,1.1290756461581946,0.5778354385925571,0.016620983463516176,0.1764965854829116,0.01238183386269781,0.3047867079183267,0.2699715159637868,0.008621207196104964,0.0008388862141948642,0.399605038747146,0.999999999999996,0.0
homo,spherical,59.26279762734845,0.0,3.699598501206823,0.4687548395064247,1.1286153621556065,0.0008366313026359968,1.0609811658759631,0.4659554395070246,0.017356225486964007,0.21430950448147976,0.01393207683345727,0.38797482599837585,0.2826153491330728,0.014235915299430812,0.0007839864465414754,0.5001960231288002,0.999999999999997,0.0
homo,spherical,43.13277236040388,0.0,4.325512777709358,0.43190262225420367,1.0287862732471438,0.000807663424545572,1.0877654747837875,0.48449372051420636,0.01808025440845851,0.24200858708945863,0.01576803033506156,0.446813675822814,0.27678450116173087,0.011592023878219898,0.0009025625389153087,0.44558508086986565,0.9999999999999903,0.0
homo,spherical,64.5480266690349,0.0,4.506331459843031,0.3546646221793497,1.0825829891751564,0.0007725807979659481,1.1183673058504484,0.5286484433388737,0.018955995661721972,0.25689545370927214,0.017281068899792754,0.47772190933182446,0.270655362630219,0.008426751232727443,0.0010099225040163641,0.3725846515370365,0.9999999999999813,0.0
homo,spherical,34.16988841850782,0.0,4.721921275990075,0.4577364450209699,0.9660668016421036,0.0008414644928901776,1.084489261741083,0.467766452203422,0.01798459710087906,0.2520172054963955,0.016048357143913485,0.46865018125613517,0.27729789022305285,0.012120061760192627,0.0008695727474512104,0.45955656324115485,1.000000000000009,0.0
homo,spherical,45.090146088340134,0.0,2.6251320717645843,0.5057245904950098,1.027773928805643,0.0008255164067831954,1.0482508865692097,0.4479920390363979,0.015593111380184209,0.16738673473079102,0.010807581989046976,0.2874510631458533,0.2858613589391586,0.016582901770516644,0.0005661743979589892,0.5760606711599465,0.9999999999999946,0.0
homo,spherical,52.48746011730263,0.0,2.9959731072935374,0.5596839024011614,1.1301282605994434,0.0007970704077687919,1.022615100293298,0.41730445417972667,0.015406551387425796,0.17215709792570835,0.01074223170563835,0.2995994041483467,0.29132012748893976,0.019304744785410485,0.0005534774741309432,0.6258745461252708,0.9999999999999939,0.0
homo,spherical,55.78622629746401,0.0,2.169493912306066,0.4281373560358257,0.9992410630537392,0.0008353171094481797,1.077297123593978,0.49848837874474206,0.015870696066576446,0.15812019706205613,0.010740815714294045,0.26519932592543327,0.27998759395298073,0.01350674875417147,0.00061348801437031,0.5099985518977503,0.9999999999999919,0.0
homo,spherical,56.25966463312186,0.0,4.895619086550036,0.5801741677513568,1.2325642604795186,0.000831444326765988,1.0157914005837887,0.4056463637193323,0.01702624231738936,0.23124242036159665,0.014094608747497012,0.4273948741550757,0.29218865004136924,0.0190301289861409,0.0006918079029038779,0.589533794150245,0.9999999999999936,0.0
homo,spherical,58.58195460700346,0.0,2.8129283764909796,0.3609871543466436,0.996450774645912,0.0008163081753022102,1.1123771710009596,0.5435497555202943,0.01697483350276091,0.19091073926745758,0.013080934022317465,0.3359532631481755,0.2728877123567067,0.009848803009036346,0.0007930162313895668,0.42180968033370336,1.0000000000000036,0.0
homo,spherical,44.68132576972104,0.0,3.7585123162228733,0.34269402585403885,0.9424586643563395,0.0007749881474166356,1.1333837474406556,0.5472611729482101,0.01781764709387463,0.22901619872840223,0.015465465805712283,0.4182694285011378,0.2682891801266143,0.008054326795568199,0.0009502594673093366,0.37899143628397075,1.000000000000005,0.0
homo,spherical,62.93678538674873,0.0,4.614574318266561,0.3929232864869707,1.113408073043446,0.0007891047067897423,1.0978240221271278,0.5043501216863815,0.01896146058400922,0.25710164905581373,0.017116120552268445,0.47852816671381165,0.2746165382624941,0.010032958496366678,0.0009693643325170571,0.4027248387580689,1.0000000000000013,0.0
homo,spherical,58.99799690565281,0.0,3.3449388663459514,0.5670789611086954,1.1819007778251431,0.0007989027871727208,1.0188858840823263,0.4134088198283583,0.01572038173325805,0.18323403974145977,0.011358880741383144,0.32380481319423116,0.2920402489663832,0.019552777427799803,0.0005853348011404413,0.6223203921276138,1.000000000000007,0.0
homo,spherical,53.12282830556402,0.0,4.227570216200996,0.4545781632246404,1.1073087301210238,0.0007873926927878733,1.0705088167433383,0.4713097502699461,0.018027047958546503,0.2355049732534119,0.015324086966278419,0.43321896848824865,0.28039109319532624,0.013009507885424822,0.0008749342186335932,0.47060955735917936,0.9999999999999956,0.0
homo,spherical,50.63804525864247,0.0,3.256857166288646,0.5098578420174822,1.101398880152369,0.0007656443949005462,1.0450691151362943,0.44410702062980606,0.016339380914783683,0.19119524903581775,0.012209137031717969,0.3391297094043145,0.28619578814117075,0.016465397593982575,0.0006505178263898756,0.5587930805312575,0.9999999999999972,0.0
homo,spherical,53.83203748765097,0.0,2.179233377876702,0.4499562562011103,1.0079681685013777,0.0007839462619898227,1.0684303253429153,0.48314450987525354,0.015676047135009457,0.15633078205776074,0.010510856879534519,0.26172630135805863,0.28175602574144226,0.014505933335245611,0.0005815439998724021,0.5332885215116616,0.9999999999999949,0.0
homo,spherical,35.47304965025237,0.0,3.6335368517681292,0.5640572969993649,1.0304345657505236,0.0008188748513753095,1.0324027487665415,0.4154952459270225,0.015686479010547476,0.19374950629247165,0.01183805906759931,0.3464496110615775,0.2889191607034552,0.018258016660480856,0.000637199044866192,0.6081108534148406,1.0000000000000004,0.0
homo,spherical,66.67556219165475,0.0,3.979776459671856,0.4814163460306724,1.1720377242776314,0.0008126199037727851,1.0533416285667678,0.45749743961659267,0.017635083580232462,0.22264988814962253,0.014401439636740204,0.4061202843307966,0.28406262172937324,0.014752487706364148,0.0007702650443174791,0.505506433009048,0.9999999999999968,0.0
homo,spherical,63.67663549196603,0.0,3.3252922831124962,0.5334190542565398,1.1735568099446223,0.0007631679262478734,1.0316392384848976,0.43115876209241794,0.016225039225378542,0.1895062951068672,0.011991091015368861,0.3361659276449589,0.28910689806942547,0.017860457908429828,0.0006383671269708688,0.5831628254017958,1.0,0.0
homo,spherical,67.97919883639484,0.0,3.1958284464374156,0.5738730416620558,1.2029475457737704,0.0008609004033434688,1.0142116641958088,0.40982196999923204,0.015504481675366557,0.17660319993570836,0.010928144784930113,0.30968595245733876,0.2931214141436296,0.020105682194956644,0.0005786495751393817,0.6361678834280251,0.9999999999999963,0.0
homo,spherical,61.57660396610905,0.0,3.2182830547878893,0.38366254039383874,1.0476611625931287,0.0007803433727003057,1.1004331962679232,0.5231145739870436,0.01746588170312397,0.20580970517712238,0.01393211073839461,0.36834210717358234,0.2747747071730634,0.01059808933025326,0.0008085249743419378,0.43072352662704666,0.9999999999999981,0.0
homo,spherical,40.08220014213209,0.0,2.4741644142941706,0.40768794003268377,0.901918708974205,0.00084221691485705,1.0994766768405069,0.5123551724892305,0.016073914997569043,0.17304044443735436,0.011685250305622027,0.2975464612260973,0.27540824698643773,0.011751240778463477,0.000675929846736976,0.4769402062461248,0.9999999999999882,0.0
homo,spherical,46.93922591776837,0.0,4.158606208860201,0.5046432402991813,1.1091044951027633,0.000834405894158621,1.0495796594771858,0.444791532719903,0.017337508792624974,0.22445782999075253,0.014239267724397407,0.41064699714983455,0.2848206321552038,0.015396082503282412,0.0007385549982385771,0.5241632009604351,0.9999999999999972,0.0
homo,spherical,47.31587195580903,0.0,2.568963181013979,0.33105791356143116,0.8958846028648294,0.0007243010643899256,1.1357925814000396,0.5712747377210499,0.016495117575977086,0.18146540631523236,0.01260680344434407,0.3156021122044188,0.2685703661255698,0.008488606840398443,0.0007717672044096898,0.4009940634118637,0.9999999999999977,0.0
homo,spherical,55.77986124631771,0.0,3.651464294468007,0.4903074478824908,1.1288296390882684,0.0008884736139604567,1.051572896145021,0.45451443884841664,0.017074278583862363,0.20916219747721537,0.013453750762145769,0.37735944355637135,0.28463133574817284,0.015278505415770801,0.0007098108405619813,0.5234389672039494,1.0000000000000044,0.0
homo,spherical,55.2345356642204,0.0,2.48310346471624,0.5025296502206393,1.0732811340830195,0.0007739674126430773,1.0454327099759124,0.44927462479759805,0.015581316224705209,0.1624251400800709,0.010559934066490969,0.2764390698444802,0.28649639871506993,0.016847739666844597,0.0005816010954233878,0.5788131240311706,0.9999999999999853,0.0
homo,spherical,63.120993817118105,0.0,4.08353392678802,0.3407172302945016,1.050752249253643,0.0007881774242930693,1.125034232352353,0.5440214843678005,0.018505264967067996,0.24143232076507776,0.016379219464349504,0.44483787479377485,0.26974778696810303,0.008079378556825596,0.0010160948406039304,0.3701701886354034,0.9999999999999968,0.0
homo,spherical,60.63131434199599,0.0,2.687370991336271,0.5300584647802546,1.1254500439047188,0.0008248849431189793,1.0319265212069733,0.4332851601866978,0.015519954268432069,0.1661241780515598,0.010612644190419462,0.2853976735633296,0.28928019894094587,0.018168268362279576,0.0005557477394214142,0.6025815873753265,0.9999999999999947,0.0
homo,spherical,35.39878315565379,0.0,4.9237733007123765,0.38747635913114375,0.9255128487562174,0.00079507808514822,1.1227188215839214,0.5051328745101137,0.018555126187454633,0.26872573241239694,0.017437672058167944,0.5031984446841681,0.269554620346544,0.008840654555883957,0.0010735600991825507,0.39026697234058566,0.9999999999999937,0.0
homo,spherical,63.240109285173915,0.0,2.237821568765649,0.3725097568186876,0.987106989489062,0.0007907101467644178,1.1029294138206585,0.5399493719958225,0.016306802340707575,0.16550844189312824,0.011485593152836714,0.2806708384280398,0.27496082258903654,0.010939368199714257,0.0006500986842998262,0.451352425203584,0.9999999999999981,0.0
homo,spherical,49.86271684609924,0.0,4.271391849890257,0.38085398660042924,1.0321172569362802,0.0007674537835755583,1.1098686367474635,0.5149997978295731,0.018458507062284014,0.2461503544951145,0.01638665858030368,0.4549705774986724,0.2724260365044187,0.009510458398880385,0.000982891131313873,0.40011248296384405,1.0000000000000029,0.0
homo,spherical,52.02118635471105,0.0,4.876012470708398,0.5820583715559152,1.2133765811401214,0.000973172817732814,1.016317322612845,0.40522682864106346,0.016928685653409003,0.22976905893977065,0.013976478124581119,0.4243912235428846,0.2920500252410326,0.019031549514364313,0.000723963325156096,0.5918881962930349,1.0000000000000029,0.0
homo,spherical,49.671219564340596,0.0,2.138489097195351,0.5791386382184888,1.0629911614021097,0.0007151049360015811,1.0152511820418568,0.40595989417384487,0.014158363901266523,0.13585126113483975,0.008564641041613684,0.221477690250971,0.29338195247646504,0.020890479873429856,0.00044514050986743106,0.6848012263663595,1.0000000000000075,0.0
homo,spherical,38.284004214923556,0.0,2.9261858207166997,0.3273267350937104,0.8316987388386357,0.0007789805344499617,1.1491242158766413,0.5702592797702253,0.016616588995336724,0.19650922710558116,0.013460040390006835,0.34827871151675277,0.26569477981046247,0.007713100150327883,0.0008616644483605122,0.386824682505599,0.9999999999999868,0.0
homo,spherical,42.10797441845716,0.0,2.9626076020663383,0.49459919426124377,1.0169068824954106,0.0008017617334083629,1.0558632831501005,0.45383109574691943,0.016010303615321967,0.18230104794860105,0.011729127344594352,0.3195346692747981,0.2840218141916933,0.015634110256509983,0.0006457592795944136,0.5519300253327365,1.0000000000000018,0.0
homo,spherical,36.68615804926525,0.0,2.331597417229554,0.4374941748855693,0.8822888935842583,0.0008334318313654195,1.0878303408396817,0.4920414698561865,0.015594848893076713,0.16387625210158302,0.010965413855776188,0.27812898078778975,0.27772594520078103,0.013086858795222839,0.0006333033478983294,0.5127153513414466,0.9999999999999994,0.0
homo,spherical,33.19052732166804,0.0,3.7478232546362884,0.31452044206989394,0.78951062215975,0.0007594572889264596,1.1700462723289415,0.5688810682520417,0.01713101085064356,0.22993282354050748,0.015336752366669279,0.4201926163758386,0.26146279669054623,0.006419389590128051,0.0009911141309737245,0.3559730654914475,0.9999999999999933,0.0
homo,spherical,67.10597336340507,0.0,2.8734480165529677,0.3044619626983857,0.9765062482501968,0.0007801705598937531,1.1418768617760802,0.5882557984481973,0.01709808847367984,0.19535924904377402,0.01359344785428684,0.34574783972113304,0.2674078023551861,0.0074332562359803005,0.0008835157177907384,0.37029825245346054,0.9999999999999862,0.0
homo,spherical,34.221927803588464,0.0,2.146714122675738,0.4124901921797983,0.8189871665068686,0.0008344168429177734,1.1039127479032256,0.5108888105646053,0.015393718717115248,0.15829392361336886,0.010738072944863996,0.265416283519295,0.2746448089970842,0.011901708058002464,0.0006340858563553425,0.4936765454142526,0.9999999999999889,0.0
homo,spherical,64.31810383140089,0.0,2.664564284792256,0.34890835574174,0.9976216446041168,0.0007911014649504848,1.1163869738253964,0.5553006261816662,0.016900285644053294,0.18480684904594966,0.012823194658556082,0.322856610090252,0.2721962492627597,0.009500811908605838,0.0007783569183904529,0.4143613125731306,1.0000000000000209,0.0
homo,spherical,62.68330880710066,0.0,4.261439295213421,0.30300413092923983,1.0218105160259265,0.0007452600950746081,1.1486282787950095,0.5664889143603855,0.018559180707540035,0.2500878103241367,0.016967004219246754,0.4632074798744288,0.26527265427720315,0.0063997845847666894,0.001099113513707162,0.337301792011319,0.9999999999999952,0.0
homo,spherical,57.94970687485886,0.0,2.09015765108897,0.31796469158159957,0.9030177308025842,0.0007988673410652549,1.1353403714613293,0.5876842289377651,0.016070570015025636,0.16104536194940436,0.01139822148997132,0.2709067479788237,0.26904291722073453,0.008501189423524829,0.0007737600926394054,0.4052576085744255,1.0000000000000016,0.0
homo,spherical,57.664622870559676,0.0,4.779336043427248,0.3119117935034255,1.0277793136725155,0.0007591191582193719,1.1461760375736298,0.5522710413264186,0.019031954315585204,0.26904830903609994,0.018043826925329062,0.503478957170888,0.2653634900461449,0.006395052506024187,0.001203002557928953,0.3335771266222964,1.0000000000000095,0.0
homo,spherical,65.23707434384227,0.0,3.5226298902712023,0.46084737902702466,1.1368439234911185,0.0008834341151522006,1.061944928261399,0.47158138517877074,0.01733933406322442,0.20891624221308178,0.013686918914347958,0.3761818352816849,0.2824417612395838,0.014088719687018265,0.0007173120276008345,0.49719790308949174,0.9999999999999998,0.0
homo,spherical,42.55018990503414,0.0,2.576386980281675,0.5952894452306274,1.0613758281057348,0.0008438238373934372,1.0127792872470955,0.3992703459459048,0.014305449456823986,0.14933975714594244,0.00918568269277001,0.25161530942165417,0.2937324004183904,0.021092578253728282,0.00048272568949721435,0.6848260603890134,1.000000000000008,0.0
homo,spherical,39.226839617742094,0.0,2.291907396909038,0.5071672265980978,0.9580599984031544,0.0008307619249053607,1.05222688756762,0.4473272449558077,0.015064374718481788,0.15362612142736717,0.009978912070431717,0.25751884430884114,0.2850771903259387,0.016672278382212403,0.0005323650725973488,0.5910969697066069,0.9999999999999989,0.0
homo,spherical,56.76949133261357,0.0,4.653872038734603,0.33599500179030883,1.0396443592556024,0.0008228577405087522,1.1322774787655214,0.5385486326373373,0.018982032040069534,0.2631796954556791,0.017669086691209226,0.49107656558366924,0.2679451184571466,0.0074400023827352535,0.0011024769823854196,0.3543156667550417,1.0000000000000042,0.0
homo,spherical,69.05481375892322,0.0,2.5054028595269835,0.5772194917059674,1.1637587749738902,0.0008187481969209298,1.011466427844954,0.40760094501448263,0.014717301640128473,0.150509897777114,0.009408124360727061,0.25327420527614325,0.29397969313003597,0.02089646181526098,0.0004900163423978856,0.6665826803437012,1.0000000000000027,0.0
homo,spherical,45.97227791802683,0.0,3.8468087553972428,0.47211935956330775,1.0653526132262647,0.00083268305645545,1.06539620629438,0.46377734200709714,0.01731929131826464,0.21909077760891943,0.014127183266157691,0.39834840443986264,0.2815897954367416,0.01395502307723381,0.0008218490988894854,0.4991507666585014,0.9999999999999977,0.0
homo,spherical,55.10073320738431,0.0,2.7367520451191782,0.4064381352922759,1.0173243617186127,0.0008856216766509105,1.0899191301840827,0.5111918486316588,0.01669844994434081,0.18417009818596733,0.0124455930176071,0.3217627544730173,0.2772590931875242,0.011958458955868452,0.0007189491294908107,0.46732666523211,0.9999999999999835,0.0
homo,spherical,65.44094606874572,0.0,4.4533297378208285,0.5889231660068104,1.2590420853238533,0.0007687714215482303,1.0104632481989362,0.4021607425173736,0.01651429383217161,0.2149614983392137,0.013077372119764286,0.3928416888550077,0.2935321743802891,0.019954726945236822,0.0006713251015130633,0.6131284187550378,1.0000000000000064,0.0
homo,spherical,66.36953221310257,0.0,2.3047650001360664,0.5204301133900201,1.1076557055096843,0.0008278852286063896,1.0346159298223605,0.43830250246471986,0.015258566831214399,0.15249850337457682,0.009893391067444253,0.25535860560872714,0.2888532971900776,0.01808980579874126,0.0005380992467454373,0.6076571761243658,0.9999999999999952,0.0
homo,spherical,42.24658787946733,0.0,2.7465418811920355,0.5858995483848671,1.067136016076615,0.0008629644267028612,1.0169280345028817,0.40402061830290376,0.014568918777560762,0.15756722812653334,0.00968380461883824,0.26905298471607997,0.2927470848675859,0.020483707738119285,0.0005277391503078369,0.6667876082853476,1.0000000000000115,0.0
homo,spherical,57.09385108237228,0.0,3.3958665419824094,0.3822792877578526,1.0369880884207985,0.000795596886054477,1.1035422611552785,0.5229370229807347,0.01760775680797373,0.21278643477864898,0.014377454453407119,0.38342458166818055,0.27418640400589095,0.010341145957811724,0.0008238212228725344,0.42404649941671874,0.9999999999999957,0.0
homo,spherical,44.26136934381575,0.0,3.721039350339011,0.5877533981728661,1.1344051817974317,0.0008604076347030244,1.016291746303849,0.4034979431256447,0.015586999681006441,0.19133099319156802,0.011605336164045348,0.3420614479922932,0.2925369324066498,0.019936421308398327,0.0006296889281280011,0.6341931106206514,0.9999999999999947,0.0
homo,spherical,54.10204088685259,0.0,4.667083963998397,0.44297792047521817,1.1166828528067458,0.0008491827638418078,1.0760866254619164,0.4753623302275663,0.018619232319122585,0.252461966769083,0.016467317722424477,0.4693325387275942,0.2789602309117699,0.012166424562964592,0.0009091170673499975,0.4476435928187839,1.000000000000006,0.0
